Running on host: cmp204
 ------------------------------------------------------- 
[Dispatch] Scenarios include...
['Sensitivity_W_reps45', 'Sensitivity_W_reps60']
 ------------------------------------------------------- 
 ------------------------------------------------------- 
  
[Dispatch] running scenario Sensitivity_W_reps45
   
 ------------------------------------------------------- 
 ------------------------------------------------------- 
 ----- K-Medoid, reps=45, W_proxy=0.0  -----
 -----      17b411527c6c5f2ecab6      ----- 
 ------------------------------------------------------- 
[Model] Parameter json saved to SoC_proxy_TSA/data/parameters/17b411527c6c5f2ecab6.json
[TSA] Extracting features dataframe for 17b411527c6c5f2ecab6
[TSA]: Applying hierarchical clustering method, with medoidRepresentation representation.
[TSA] successfully applied. Results saved to SoC_proxy_TSA/data/cluster_maps/17b411527c6c5f2ecab6.csv.
[TSA] cluster completed in 6.76
[Calliope] Validating and Configuring Calliope model: 17b411527c6c5f2ecab6
[Calliope] Building Calliope model: 17b411527c6c5f2ecab6
[Calliope] Solving Calliope model: 17b411527c6c5f2ecab6
[Calliope] Solution saved to: SoC_proxy_TSA/data/calliope_models/17b411527c6c5f2ecab6.nc
 ------------------------------------------------------- 
 ----- K-Medoid, reps=45, SocDelta, W_proxy=0.25  -----
 -----      3cfe304f2516bc51bb8a      ----- 
 ------------------------------------------------------- 
[Model] Parameter json saved to SoC_proxy_TSA/data/parameters/3cfe304f2516bc51bb8a.json
[TSA] Extracting features dataframe for 3cfe304f2516bc51bb8a
[SoC Proxy] Tuner: c*=0.744894 lost=0.000e+00 | margin=4.000% -> curtailment=0.715099
[SoC Proxy] curtailment forecast: 71.51%
[TSA]: Applying hierarchical clustering method, with medoidRepresentation representation.
[TSA] successfully applied. Results saved to SoC_proxy_TSA/data/cluster_maps/3cfe304f2516bc51bb8a.csv.
[TSA] cluster completed in 4.73
[Calliope] Validating and Configuring Calliope model: 3cfe304f2516bc51bb8a
[Calliope] Building Calliope model: 3cfe304f2516bc51bb8a
[Calliope] Solving Calliope model: 3cfe304f2516bc51bb8a
[Calliope] Solution saved to: SoC_proxy_TSA/data/calliope_models/3cfe304f2516bc51bb8a.nc
[SoC Proxy] Tuner: c*=0.762396 lost=0.000e+00 | margin=4.000% -> curtailment=0.731900
[SoC Proxy] curtailment forecast: 73.19%
 ------------------------------------------------------- 
 ----- K-Medoid, reps=45, SocDelta, W_proxy=0.5  -----
 -----      e75c8c048d9f8c40a6cd      ----- 
 ------------------------------------------------------- 
[Model] Parameter json saved to SoC_proxy_TSA/data/parameters/e75c8c048d9f8c40a6cd.json
[TSA] Extracting features dataframe for e75c8c048d9f8c40a6cd
[SoC Proxy] Tuner: c*=0.744894 lost=0.000e+00 | margin=4.000% -> curtailment=0.715099
[SoC Proxy] curtailment forecast: 71.51%
[TSA]: Applying hierarchical clustering method, with medoidRepresentation representation.
[TSA] successfully applied. Results saved to SoC_proxy_TSA/data/cluster_maps/e75c8c048d9f8c40a6cd.csv.
[TSA] cluster completed in 3.99
[Calliope] Validating and Configuring Calliope model: e75c8c048d9f8c40a6cd
[Calliope] Building Calliope model: e75c8c048d9f8c40a6cd
[Calliope] Solving Calliope model: e75c8c048d9f8c40a6cd
[Calliope] Solution saved to: SoC_proxy_TSA/data/calliope_models/e75c8c048d9f8c40a6cd.nc
[SoC Proxy] Tuner: c*=0.756761 lost=0.000e+00 | margin=4.000% -> curtailment=0.726491
[SoC Proxy] curtailment forecast: 72.65%
 ------------------------------------------------------- 
 ----- K-Medoid, reps=45, SocDelta, W_proxy=0.75  -----
 -----      9e1e8046c882375a84e3      ----- 
 ------------------------------------------------------- 
[Model] Parameter json saved to SoC_proxy_TSA/data/parameters/9e1e8046c882375a84e3.json
[TSA] Extracting features dataframe for 9e1e8046c882375a84e3
[SoC Proxy] Tuner: c*=0.744894 lost=0.000e+00 | margin=4.000% -> curtailment=0.715099
[SoC Proxy] curtailment forecast: 71.51%
[TSA]: Applying hierarchical clustering method, with medoidRepresentation representation.
[TSA] successfully applied. Results saved to SoC_proxy_TSA/data/cluster_maps/9e1e8046c882375a84e3.csv.
[TSA] cluster completed in 3.99
[Calliope] Validating and Configuring Calliope model: 9e1e8046c882375a84e3
[Calliope] Building Calliope model: 9e1e8046c882375a84e3
[Calliope] Solving Calliope model: 9e1e8046c882375a84e3
[Calliope] Solution saved to: SoC_proxy_TSA/data/calliope_models/9e1e8046c882375a84e3.nc
[SoC Proxy] Tuner: c*=0.757097 lost=0.000e+00 | margin=4.000% -> curtailment=0.726813
[SoC Proxy] curtailment forecast: 72.68%
 ------------------------------------------------------- 
 ----- K-Medoid, reps=45, SocDelta, W_proxy=1  -----
 -----      9c149247762922ee9c51      ----- 
 ------------------------------------------------------- 
[Model] Parameter json saved to SoC_proxy_TSA/data/parameters/9c149247762922ee9c51.json
[TSA] Extracting features dataframe for 9c149247762922ee9c51
[SoC Proxy] Tuner: c*=0.744894 lost=0.000e+00 | margin=4.000% -> curtailment=0.715099
[SoC Proxy] curtailment forecast: 71.51%
[TSA]: Applying hierarchical clustering method, with medoidRepresentation representation.
weight of "solar" set to the minmal tolerable weighting
weight of "onshore_wind" set to the minmal tolerable weighting
weight of "offshore_wind" set to the minmal tolerable weighting
weight of "demand_power" set to the minmal tolerable weighting
[TSA] successfully applied. Results saved to SoC_proxy_TSA/data/cluster_maps/9c149247762922ee9c51.csv.
[TSA] cluster completed in 4.41
[Calliope] Validating and Configuring Calliope model: 9c149247762922ee9c51
[Calliope] Building Calliope model: 9c149247762922ee9c51
[Calliope] Solving Calliope model: 9c149247762922ee9c51
[Calliope] Solution saved to: SoC_proxy_TSA/data/calliope_models/9c149247762922ee9c51.nc
[SoC Proxy] Tuner: c*=0.757509 lost=0.000e+00 | margin=4.000% -> curtailment=0.727208
[SoC Proxy] curtailment forecast: 72.72%
 ------------------------------------------------------- 
  
[Dispatch] running scenario Sensitivity_W_reps60
   
 ------------------------------------------------------- 
 ------------------------------------------------------- 
 ----- K-Medoid, reps=60, W_proxy=0.0  -----
 -----      40b7d2268400a87af68f      ----- 
 ------------------------------------------------------- 
[Model] Parameter json saved to SoC_proxy_TSA/data/parameters/40b7d2268400a87af68f.json
[TSA] Extracting features dataframe for 40b7d2268400a87af68f
[TSA]: Applying hierarchical clustering method, with medoidRepresentation representation.
[TSA] successfully applied. Results saved to SoC_proxy_TSA/data/cluster_maps/40b7d2268400a87af68f.csv.
[TSA] cluster completed in 2.17
[Calliope] Validating and Configuring Calliope model: 40b7d2268400a87af68f
[Calliope] Building Calliope model: 40b7d2268400a87af68f
[Calliope] Solving Calliope model: 40b7d2268400a87af68f
[Calliope] Solution saved to: SoC_proxy_TSA/data/calliope_models/40b7d2268400a87af68f.nc
 ------------------------------------------------------- 
 ----- K-Medoid, reps=60, SocDelta, W_proxy=0.25  -----
 -----      4c5a85dd13eedb4285ad      ----- 
 ------------------------------------------------------- 
[Model] Parameter json saved to SoC_proxy_TSA/data/parameters/4c5a85dd13eedb4285ad.json
[TSA] Extracting features dataframe for 4c5a85dd13eedb4285ad
[SoC Proxy] Tuner: c*=0.744894 lost=0.000e+00 | margin=4.000% -> curtailment=0.715099
[SoC Proxy] curtailment forecast: 71.51%
[TSA]: Applying hierarchical clustering method, with medoidRepresentation representation.
[TSA] successfully applied. Results saved to SoC_proxy_TSA/data/cluster_maps/4c5a85dd13eedb4285ad.csv.
[TSA] cluster completed in 3.73
[Calliope] Validating and Configuring Calliope model: 4c5a85dd13eedb4285ad
[Calliope] Building Calliope model: 4c5a85dd13eedb4285ad
[Calliope] Solving Calliope model: 4c5a85dd13eedb4285ad
[Calliope] Solution saved to: SoC_proxy_TSA/data/calliope_models/4c5a85dd13eedb4285ad.nc
[SoC Proxy] Tuner: c*=0.758240 lost=0.000e+00 | margin=4.000% -> curtailment=0.727910
[SoC Proxy] curtailment forecast: 72.79%
 ------------------------------------------------------- 
 ----- K-Medoid, reps=60, SocDelta, W_proxy=0.5  -----
 -----      76695c76ccbe050856a8      ----- 
 ------------------------------------------------------- 
[Model] Parameter json saved to SoC_proxy_TSA/data/parameters/76695c76ccbe050856a8.json
[TSA] Extracting features dataframe for 76695c76ccbe050856a8
[SoC Proxy] Tuner: c*=0.744894 lost=0.000e+00 | margin=4.000% -> curtailment=0.715099
[SoC Proxy] curtailment forecast: 71.51%
[TSA]: Applying hierarchical clustering method, with medoidRepresentation representation.
[TSA] successfully applied. Results saved to SoC_proxy_TSA/data/cluster_maps/76695c76ccbe050856a8.csv.
[TSA] cluster completed in 3.91
[Calliope] Validating and Configuring Calliope model: 76695c76ccbe050856a8
[Calliope] Building Calliope model: 76695c76ccbe050856a8
[Calliope] Solving Calliope model: 76695c76ccbe050856a8
[Calliope] Solution saved to: SoC_proxy_TSA/data/calliope_models/76695c76ccbe050856a8.nc
[SoC Proxy] Tuner: c*=0.757746 lost=0.000e+00 | margin=4.000% -> curtailment=0.727436
[SoC Proxy] curtailment forecast: 72.74%
 ------------------------------------------------------- 
 ----- K-Medoid, reps=60, SocDelta, W_proxy=0.75  -----
 -----      bd65954f9243c79c9a7d      ----- 
 ------------------------------------------------------- 
[Model] Parameter json saved to SoC_proxy_TSA/data/parameters/bd65954f9243c79c9a7d.json
[TSA] Extracting features dataframe for bd65954f9243c79c9a7d
[SoC Proxy] Tuner: c*=0.744894 lost=0.000e+00 | margin=4.000% -> curtailment=0.715099
[SoC Proxy] curtailment forecast: 71.51%
[TSA]: Applying hierarchical clustering method, with medoidRepresentation representation.
[TSA] successfully applied. Results saved to SoC_proxy_TSA/data/cluster_maps/bd65954f9243c79c9a7d.csv.
[TSA] cluster completed in 3.84
[Calliope] Validating and Configuring Calliope model: bd65954f9243c79c9a7d
[Calliope] Building Calliope model: bd65954f9243c79c9a7d
[Calliope] Solving Calliope model: bd65954f9243c79c9a7d
[Calliope] Solution saved to: SoC_proxy_TSA/data/calliope_models/bd65954f9243c79c9a7d.nc
[SoC Proxy] Tuner: c*=0.753100 lost=0.000e+00 | margin=4.000% -> curtailment=0.722976
[SoC Proxy] curtailment forecast: 72.30%
 ------------------------------------------------------- 
 ----- K-Medoid, reps=60, SocDelta, W_proxy=1  -----
 -----      e7057eb7d1fadcb13ad4      ----- 
 ------------------------------------------------------- 
[Model] Parameter json saved to SoC_proxy_TSA/data/parameters/e7057eb7d1fadcb13ad4.json
> Model: SoC_proxy_TSA/data/calliope_models/e7057eb7d1fadcb13ad4.nc already exists. Reading file...
[SoC Proxy] Tuner: c*=0.743361 lost=0.000e+00 | margin=4.000% -> curtailment=0.713627
[SoC Proxy] curtailment forecast: 71.36%
 ------------------------------------------------------- 
  
[Dispatch] running scenario Sensitivity_W_reps45
   
 ------------------------------------------------------- 
 ------------------------------------------------------- 
 ----- K-Medoid, reps=45, W_proxy=0.0  -----
 -----      2e2a8440bc1c92ef4c7f      ----- 
 ------------------------------------------------------- 
[Model] Parameter json saved to SoC_proxy_TSA/data/parameters/2e2a8440bc1c92ef4c7f.json
[TSA] Extracting features dataframe for 2e2a8440bc1c92ef4c7f
[TSA]: Applying hierarchical clustering method, with medoidRepresentation representation.
[TSA] successfully applied. Results saved to SoC_proxy_TSA/data/cluster_maps/2e2a8440bc1c92ef4c7f.csv.
[TSA] cluster completed in 2.49
[Calliope] Validating and Configuring Calliope model: 2e2a8440bc1c92ef4c7f
[Calliope] Building Calliope model: 2e2a8440bc1c92ef4c7f
[Calliope] Solving Calliope model: 2e2a8440bc1c92ef4c7f
[Calliope] Solution saved to: SoC_proxy_TSA/data/calliope_models/2e2a8440bc1c92ef4c7f.nc
 ------------------------------------------------------- 
 ----- K-Medoid, reps=45, SocDelta, W_proxy=0.25  -----
 -----      ad0fbd8ae2bcab765d2c      ----- 
 ------------------------------------------------------- 
[Model] Parameter json saved to SoC_proxy_TSA/data/parameters/ad0fbd8ae2bcab765d2c.json
[TSA] Extracting features dataframe for ad0fbd8ae2bcab765d2c
[SoC Proxy] Tuner: c*=0.743119 lost=0.000e+00 | margin=4.000% -> curtailment=0.713395
[SoC Proxy] curtailment forecast: 71.34%
[TSA]: Applying hierarchical clustering method, with medoidRepresentation representation.
[TSA] successfully applied. Results saved to SoC_proxy_TSA/data/cluster_maps/ad0fbd8ae2bcab765d2c.csv.
[TSA] cluster completed in 4.37
[Calliope] Validating and Configuring Calliope model: ad0fbd8ae2bcab765d2c
[Calliope] Building Calliope model: ad0fbd8ae2bcab765d2c
[Calliope] Solving Calliope model: ad0fbd8ae2bcab765d2c
[Calliope] Solution saved to: SoC_proxy_TSA/data/calliope_models/ad0fbd8ae2bcab765d2c.nc
[SoC Proxy] Tuner: c*=0.748592 lost=0.000e+00 | margin=4.000% -> curtailment=0.718648
[SoC Proxy] curtailment forecast: 71.86%
 ------------------------------------------------------- 
 ----- K-Medoid, reps=45, SocDelta, W_proxy=0.5  -----
 -----      786f74e0f0386fff2ed6      ----- 
 ------------------------------------------------------- 
[Model] Parameter json saved to SoC_proxy_TSA/data/parameters/786f74e0f0386fff2ed6.json
[TSA] Extracting features dataframe for 786f74e0f0386fff2ed6
[SoC Proxy] Tuner: c*=0.743119 lost=0.000e+00 | margin=4.000% -> curtailment=0.713395
[SoC Proxy] curtailment forecast: 71.34%
[TSA]: Applying hierarchical clustering method, with medoidRepresentation representation.
[TSA] successfully applied. Results saved to SoC_proxy_TSA/data/cluster_maps/786f74e0f0386fff2ed6.csv.
[TSA] cluster completed in 3.67
[Calliope] Validating and Configuring Calliope model: 786f74e0f0386fff2ed6
[Calliope] Building Calliope model: 786f74e0f0386fff2ed6
[Calliope] Solving Calliope model: 786f74e0f0386fff2ed6
[Calliope] Solution saved to: SoC_proxy_TSA/data/calliope_models/786f74e0f0386fff2ed6.nc
[SoC Proxy] Tuner: c*=0.754799 lost=0.000e+00 | margin=4.000% -> curtailment=0.724607
[SoC Proxy] curtailment forecast: 72.46%
 ------------------------------------------------------- 
 ----- K-Medoid, reps=45, SocDelta, W_proxy=0.75  -----
 -----      876c52df2061f157531a      ----- 
 ------------------------------------------------------- 
[Model] Parameter json saved to SoC_proxy_TSA/data/parameters/876c52df2061f157531a.json
[TSA] Extracting features dataframe for 876c52df2061f157531a
[SoC Proxy] Tuner: c*=0.743119 lost=0.000e+00 | margin=4.000% -> curtailment=0.713395
[SoC Proxy] curtailment forecast: 71.34%
[TSA]: Applying hierarchical clustering method, with medoidRepresentation representation.
[TSA] successfully applied. Results saved to SoC_proxy_TSA/data/cluster_maps/876c52df2061f157531a.csv.
[TSA] cluster completed in 4.74
[Calliope] Validating and Configuring Calliope model: 876c52df2061f157531a
[Calliope] Building Calliope model: 876c52df2061f157531a
[Calliope] Solving Calliope model: 876c52df2061f157531a
[Calliope] Solution saved to: SoC_proxy_TSA/data/calliope_models/876c52df2061f157531a.nc
[SoC Proxy] Tuner: c*=0.752102 lost=0.000e+00 | margin=4.000% -> curtailment=0.722018
[SoC Proxy] curtailment forecast: 72.20%
 ------------------------------------------------------- 
 ----- K-Medoid, reps=45, SocDelta, W_proxy=1  -----
 -----      bd00b8e48cbd86e37689      ----- 
 ------------------------------------------------------- 
[Model] Parameter json saved to SoC_proxy_TSA/data/parameters/bd00b8e48cbd86e37689.json
[TSA] Extracting features dataframe for bd00b8e48cbd86e37689
[SoC Proxy] Tuner: c*=0.743119 lost=0.000e+00 | margin=4.000% -> curtailment=0.713395
[SoC Proxy] curtailment forecast: 71.34%
[TSA]: Applying hierarchical clustering method, with medoidRepresentation representation.
weight of "solar" set to the minmal tolerable weighting
weight of "onshore_wind" set to the minmal tolerable weighting
weight of "offshore_wind" set to the minmal tolerable weighting
weight of "demand_power" set to the minmal tolerable weighting
[TSA] successfully applied. Results saved to SoC_proxy_TSA/data/cluster_maps/bd00b8e48cbd86e37689.csv.
[TSA] cluster completed in 4.34
[Calliope] Validating and Configuring Calliope model: bd00b8e48cbd86e37689
[Calliope] Building Calliope model: bd00b8e48cbd86e37689
[Calliope] Solving Calliope model: bd00b8e48cbd86e37689
[Calliope] Solution saved to: SoC_proxy_TSA/data/calliope_models/bd00b8e48cbd86e37689.nc
[SoC Proxy] Tuner: c*=0.741425 lost=0.000e+00 | margin=4.000% -> curtailment=0.711768
[SoC Proxy] curtailment forecast: 71.18%
 ------------------------------------------------------- 
  
[Dispatch] running scenario Sensitivity_W_reps60
   
 ------------------------------------------------------- 
 ------------------------------------------------------- 
 ----- K-Medoid, reps=60, W_proxy=0.0  -----
 -----      02e2875fcf8d13fd281f      ----- 
 ------------------------------------------------------- 
[Model] Parameter json saved to SoC_proxy_TSA/data/parameters/02e2875fcf8d13fd281f.json
[TSA] Extracting features dataframe for 02e2875fcf8d13fd281f
[TSA]: Applying hierarchical clustering method, with medoidRepresentation representation.
[TSA] successfully applied. Results saved to SoC_proxy_TSA/data/cluster_maps/02e2875fcf8d13fd281f.csv.
[TSA] cluster completed in 2.56
[Calliope] Validating and Configuring Calliope model: 02e2875fcf8d13fd281f
[Calliope] Building Calliope model: 02e2875fcf8d13fd281f
[Calliope] Solving Calliope model: 02e2875fcf8d13fd281f
[Calliope] Solution saved to: SoC_proxy_TSA/data/calliope_models/02e2875fcf8d13fd281f.nc
 ------------------------------------------------------- 
 ----- K-Medoid, reps=60, SocDelta, W_proxy=0.25  -----
 -----      764e12f872c1ad7d0511      ----- 
 ------------------------------------------------------- 
[Model] Parameter json saved to SoC_proxy_TSA/data/parameters/764e12f872c1ad7d0511.json
[TSA] Extracting features dataframe for 764e12f872c1ad7d0511
[SoC Proxy] Tuner: c*=0.743119 lost=0.000e+00 | margin=4.000% -> curtailment=0.713395
[SoC Proxy] curtailment forecast: 71.34%
[TSA]: Applying hierarchical clustering method, with medoidRepresentation representation.
[TSA] successfully applied. Results saved to SoC_proxy_TSA/data/cluster_maps/764e12f872c1ad7d0511.csv.
[TSA] cluster completed in 3.91
[Calliope] Validating and Configuring Calliope model: 764e12f872c1ad7d0511
[Calliope] Building Calliope model: 764e12f872c1ad7d0511
[Calliope] Solving Calliope model: 764e12f872c1ad7d0511
[Calliope] Solution saved to: SoC_proxy_TSA/data/calliope_models/764e12f872c1ad7d0511.nc
[SoC Proxy] Tuner: c*=0.751072 lost=0.000e+00 | margin=4.000% -> curtailment=0.721029
[SoC Proxy] curtailment forecast: 72.10%
 ------------------------------------------------------- 
 ----- K-Medoid, reps=60, SocDelta, W_proxy=0.5  -----
 -----      a8cfbd4de7a8cf9d6d99      ----- 
 ------------------------------------------------------- 
[Model] Parameter json saved to SoC_proxy_TSA/data/parameters/a8cfbd4de7a8cf9d6d99.json
[TSA] Extracting features dataframe for a8cfbd4de7a8cf9d6d99
[SoC Proxy] Tuner: c*=0.743119 lost=0.000e+00 | margin=4.000% -> curtailment=0.713395
[SoC Proxy] curtailment forecast: 71.34%
[TSA]: Applying hierarchical clustering method, with medoidRepresentation representation.
[TSA] successfully applied. Results saved to SoC_proxy_TSA/data/cluster_maps/a8cfbd4de7a8cf9d6d99.csv.
[TSA] cluster completed in 3.93
[Calliope] Validating and Configuring Calliope model: a8cfbd4de7a8cf9d6d99
[Calliope] Building Calliope model: a8cfbd4de7a8cf9d6d99
[Calliope] Solving Calliope model: a8cfbd4de7a8cf9d6d99
[Calliope] Solution saved to: SoC_proxy_TSA/data/calliope_models/a8cfbd4de7a8cf9d6d99.nc
[SoC Proxy] Tuner: c*=0.755574 lost=0.000e+00 | margin=4.000% -> curtailment=0.725351
[SoC Proxy] curtailment forecast: 72.54%
 ------------------------------------------------------- 
 ----- K-Medoid, reps=60, SocDelta, W_proxy=0.75  -----
 -----      f15ca90c5223998ea43a      ----- 
 ------------------------------------------------------- 
[Model] Parameter json saved to SoC_proxy_TSA/data/parameters/f15ca90c5223998ea43a.json
[TSA] Extracting features dataframe for f15ca90c5223998ea43a
[SoC Proxy] Tuner: c*=0.743119 lost=0.000e+00 | margin=4.000% -> curtailment=0.713395
[SoC Proxy] curtailment forecast: 71.34%
[TSA]: Applying hierarchical clustering method, with medoidRepresentation representation.
[TSA] successfully applied. Results saved to SoC_proxy_TSA/data/cluster_maps/f15ca90c5223998ea43a.csv.
[TSA] cluster completed in 3.90
[Calliope] Validating and Configuring Calliope model: f15ca90c5223998ea43a
[Calliope] Building Calliope model: f15ca90c5223998ea43a
[Calliope] Solving Calliope model: f15ca90c5223998ea43a
[Calliope] Solution saved to: SoC_proxy_TSA/data/calliope_models/f15ca90c5223998ea43a.nc
[SoC Proxy] Tuner: c*=0.752910 lost=0.000e+00 | margin=4.000% -> curtailment=0.722794
[SoC Proxy] curtailment forecast: 72.28%
 ------------------------------------------------------- 
 ----- K-Medoid, reps=60, SocDelta, W_proxy=1  -----
 -----      833e113c4180d9fe2096      ----- 
 ------------------------------------------------------- 
[Model] Parameter json saved to SoC_proxy_TSA/data/parameters/833e113c4180d9fe2096.json
> Model: SoC_proxy_TSA/data/calliope_models/833e113c4180d9fe2096.nc already exists. Reading file...
[SoC Proxy] Tuner: c*=0.735143 lost=0.000e+00 | margin=4.000% -> curtailment=0.705737
[SoC Proxy] curtailment forecast: 70.57%
 ------------------------------------------------------- 
  
[Dispatch] running scenario Sensitivity_W_reps45
   
 ------------------------------------------------------- 
 ------------------------------------------------------- 
 ----- K-Medoid, reps=45, W_proxy=0.0  -----
 -----      271cd640532bcbf45f97      ----- 
 ------------------------------------------------------- 
[Model] Parameter json saved to SoC_proxy_TSA/data/parameters/271cd640532bcbf45f97.json
[TSA] Extracting features dataframe for 271cd640532bcbf45f97
[TSA]: Applying hierarchical clustering method, with medoidRepresentation representation.
[TSA] successfully applied. Results saved to SoC_proxy_TSA/data/cluster_maps/271cd640532bcbf45f97.csv.
[TSA] cluster completed in 2.72
[Calliope] Validating and Configuring Calliope model: 271cd640532bcbf45f97
[Calliope] Building Calliope model: 271cd640532bcbf45f97
[Calliope] Solving Calliope model: 271cd640532bcbf45f97
[Calliope] Solution saved to: SoC_proxy_TSA/data/calliope_models/271cd640532bcbf45f97.nc
 ------------------------------------------------------- 
 ----- K-Medoid, reps=45, SocDelta, W_proxy=0.25  -----
 -----      09c5a37cf0351714b641      ----- 
 ------------------------------------------------------- 
[Model] Parameter json saved to SoC_proxy_TSA/data/parameters/09c5a37cf0351714b641.json
[TSA] Extracting features dataframe for 09c5a37cf0351714b641
[SoC Proxy] Tuner: c*=0.742054 lost=0.000e+00 | margin=4.000% -> curtailment=0.712372
[SoC Proxy] curtailment forecast: 71.24%
[TSA]: Applying hierarchical clustering method, with medoidRepresentation representation.
[TSA] successfully applied. Results saved to SoC_proxy_TSA/data/cluster_maps/09c5a37cf0351714b641.csv.
[TSA] cluster completed in 4.06
[Calliope] Validating and Configuring Calliope model: 09c5a37cf0351714b641
[Calliope] Building Calliope model: 09c5a37cf0351714b641
[Calliope] Solving Calliope model: 09c5a37cf0351714b641
[Calliope] Solution saved to: SoC_proxy_TSA/data/calliope_models/09c5a37cf0351714b641.nc
[SoC Proxy] Tuner: c*=0.751218 lost=0.000e+00 | margin=4.000% -> curtailment=0.721170
[SoC Proxy] curtailment forecast: 72.12%
 ------------------------------------------------------- 
 ----- K-Medoid, reps=45, SocDelta, W_proxy=0.5  -----
 -----      fd86e34566bd9989ed55      ----- 
 ------------------------------------------------------- 
[Model] Parameter json saved to SoC_proxy_TSA/data/parameters/fd86e34566bd9989ed55.json
[TSA] Extracting features dataframe for fd86e34566bd9989ed55
[SoC Proxy] Tuner: c*=0.742054 lost=0.000e+00 | margin=4.000% -> curtailment=0.712372
[SoC Proxy] curtailment forecast: 71.24%
[TSA]: Applying hierarchical clustering method, with medoidRepresentation representation.
[TSA] successfully applied. Results saved to SoC_proxy_TSA/data/cluster_maps/fd86e34566bd9989ed55.csv.
[TSA] cluster completed in 3.58
[Calliope] Validating and Configuring Calliope model: fd86e34566bd9989ed55
[Calliope] Building Calliope model: fd86e34566bd9989ed55
[Calliope] Solving Calliope model: fd86e34566bd9989ed55
[Calliope] Solution saved to: SoC_proxy_TSA/data/calliope_models/fd86e34566bd9989ed55.nc
[SoC Proxy] Tuner: c*=0.757182 lost=0.000e+00 | margin=4.000% -> curtailment=0.726895
[SoC Proxy] curtailment forecast: 72.69%
 ------------------------------------------------------- 
 ----- K-Medoid, reps=45, SocDelta, W_proxy=0.75  -----
 -----      5f9eebaba79f724c04a3      ----- 
 ------------------------------------------------------- 
[Model] Parameter json saved to SoC_proxy_TSA/data/parameters/5f9eebaba79f724c04a3.json
[TSA] Extracting features dataframe for 5f9eebaba79f724c04a3
[SoC Proxy] Tuner: c*=0.742054 lost=0.000e+00 | margin=4.000% -> curtailment=0.712372
[SoC Proxy] curtailment forecast: 71.24%
[TSA]: Applying hierarchical clustering method, with medoidRepresentation representation.
[TSA] successfully applied. Results saved to SoC_proxy_TSA/data/cluster_maps/5f9eebaba79f724c04a3.csv.
[TSA] cluster completed in 4.36
[Calliope] Validating and Configuring Calliope model: 5f9eebaba79f724c04a3
[Calliope] Building Calliope model: 5f9eebaba79f724c04a3
[Calliope] Solving Calliope model: 5f9eebaba79f724c04a3
[Calliope] Solution saved to: SoC_proxy_TSA/data/calliope_models/5f9eebaba79f724c04a3.nc
[SoC Proxy] Tuner: c*=0.755564 lost=0.000e+00 | margin=4.000% -> curtailment=0.725342
[SoC Proxy] curtailment forecast: 72.53%
 ------------------------------------------------------- 
 ----- K-Medoid, reps=45, SocDelta, W_proxy=1  -----
 -----      449fc51a6bf1f5ec698a      ----- 
 ------------------------------------------------------- 
[Model] Parameter json saved to SoC_proxy_TSA/data/parameters/449fc51a6bf1f5ec698a.json
[TSA] Extracting features dataframe for 449fc51a6bf1f5ec698a
[SoC Proxy] Tuner: c*=0.742054 lost=0.000e+00 | margin=4.000% -> curtailment=0.712372
[SoC Proxy] curtailment forecast: 71.24%
[TSA]: Applying hierarchical clustering method, with medoidRepresentation representation.
weight of "solar" set to the minmal tolerable weighting
weight of "onshore_wind" set to the minmal tolerable weighting
weight of "offshore_wind" set to the minmal tolerable weighting
weight of "demand_power" set to the minmal tolerable weighting
[TSA] successfully applied. Results saved to SoC_proxy_TSA/data/cluster_maps/449fc51a6bf1f5ec698a.csv.
[TSA] cluster completed in 4.00
[Calliope] Validating and Configuring Calliope model: 449fc51a6bf1f5ec698a
[Calliope] Building Calliope model: 449fc51a6bf1f5ec698a
[Calliope] Solving Calliope model: 449fc51a6bf1f5ec698a
[Calliope] Solution saved to: SoC_proxy_TSA/data/calliope_models/449fc51a6bf1f5ec698a.nc
[SoC Proxy] Tuner: c*=0.732340 lost=0.000e+00 | margin=4.000% -> curtailment=0.703046
[SoC Proxy] curtailment forecast: 70.30%
 ------------------------------------------------------- 
  
[Dispatch] running scenario Sensitivity_W_reps60
   
 ------------------------------------------------------- 
 ------------------------------------------------------- 
 ----- K-Medoid, reps=60, W_proxy=0.0  -----
 -----      68cfa09e374e74764d65      ----- 
 ------------------------------------------------------- 
[Model] Parameter json saved to SoC_proxy_TSA/data/parameters/68cfa09e374e74764d65.json
[TSA] Extracting features dataframe for 68cfa09e374e74764d65
[TSA]: Applying hierarchical clustering method, with medoidRepresentation representation.
[TSA] successfully applied. Results saved to SoC_proxy_TSA/data/cluster_maps/68cfa09e374e74764d65.csv.
[TSA] cluster completed in 2.62
[Calliope] Validating and Configuring Calliope model: 68cfa09e374e74764d65
[Calliope] Building Calliope model: 68cfa09e374e74764d65
[Calliope] Solving Calliope model: 68cfa09e374e74764d65
[Calliope] Solution saved to: SoC_proxy_TSA/data/calliope_models/68cfa09e374e74764d65.nc
 ------------------------------------------------------- 
 ----- K-Medoid, reps=60, SocDelta, W_proxy=0.25  -----
 -----      f04c68742c21b243969a      ----- 
 ------------------------------------------------------- 
[Model] Parameter json saved to SoC_proxy_TSA/data/parameters/f04c68742c21b243969a.json
[TSA] Extracting features dataframe for f04c68742c21b243969a
[SoC Proxy] Tuner: c*=0.742054 lost=0.000e+00 | margin=4.000% -> curtailment=0.712372
[SoC Proxy] curtailment forecast: 71.24%
[TSA]: Applying hierarchical clustering method, with medoidRepresentation representation.
[TSA] successfully applied. Results saved to SoC_proxy_TSA/data/cluster_maps/f04c68742c21b243969a.csv.
[TSA] cluster completed in 4.51
[Calliope] Validating and Configuring Calliope model: f04c68742c21b243969a
[Calliope] Building Calliope model: f04c68742c21b243969a
[Calliope] Solving Calliope model: f04c68742c21b243969a
[Calliope] Solution saved to: SoC_proxy_TSA/data/calliope_models/f04c68742c21b243969a.nc
[SoC Proxy] Tuner: c*=0.752906 lost=0.000e+00 | margin=4.000% -> curtailment=0.722790
[SoC Proxy] curtailment forecast: 72.28%
 ------------------------------------------------------- 
 ----- K-Medoid, reps=60, SocDelta, W_proxy=0.5  -----
 -----      7599dcc043a38f827d47      ----- 
 ------------------------------------------------------- 
[Model] Parameter json saved to SoC_proxy_TSA/data/parameters/7599dcc043a38f827d47.json
[TSA] Extracting features dataframe for 7599dcc043a38f827d47
[SoC Proxy] Tuner: c*=0.742054 lost=0.000e+00 | margin=4.000% -> curtailment=0.712372
[SoC Proxy] curtailment forecast: 71.24%
[TSA]: Applying hierarchical clustering method, with medoidRepresentation representation.
[TSA] successfully applied. Results saved to SoC_proxy_TSA/data/cluster_maps/7599dcc043a38f827d47.csv.
[TSA] cluster completed in 4.18
[Calliope] Validating and Configuring Calliope model: 7599dcc043a38f827d47
[Calliope] Building Calliope model: 7599dcc043a38f827d47
[Calliope] Solving Calliope model: 7599dcc043a38f827d47
[Calliope] Solution saved to: SoC_proxy_TSA/data/calliope_models/7599dcc043a38f827d47.nc
[SoC Proxy] Tuner: c*=0.755859 lost=0.000e+00 | margin=4.000% -> curtailment=0.725624
[SoC Proxy] curtailment forecast: 72.56%
 ------------------------------------------------------- 
 ----- K-Medoid, reps=60, SocDelta, W_proxy=0.75  -----
 -----      beb883adcc41cbdd1beb      ----- 
 ------------------------------------------------------- 
[Model] Parameter json saved to SoC_proxy_TSA/data/parameters/beb883adcc41cbdd1beb.json
[TSA] Extracting features dataframe for beb883adcc41cbdd1beb
[SoC Proxy] Tuner: c*=0.742054 lost=0.000e+00 | margin=4.000% -> curtailment=0.712372
[SoC Proxy] curtailment forecast: 71.24%
[TSA]: Applying hierarchical clustering method, with medoidRepresentation representation.
[TSA] successfully applied. Results saved to SoC_proxy_TSA/data/cluster_maps/beb883adcc41cbdd1beb.csv.
[TSA] cluster completed in 3.78
[Calliope] Validating and Configuring Calliope model: beb883adcc41cbdd1beb
[Calliope] Building Calliope model: beb883adcc41cbdd1beb
[Calliope] Solving Calliope model: beb883adcc41cbdd1beb
[Calliope] Solution saved to: SoC_proxy_TSA/data/calliope_models/beb883adcc41cbdd1beb.nc
[SoC Proxy] Tuner: c*=0.753233 lost=0.000e+00 | margin=4.000% -> curtailment=0.723104
[SoC Proxy] curtailment forecast: 72.31%
 ------------------------------------------------------- 
 ----- K-Medoid, reps=60, SocDelta, W_proxy=1  -----
 -----      5be4e5bbcd1701ccb3a1      ----- 
 ------------------------------------------------------- 
[Model] Parameter json saved to SoC_proxy_TSA/data/parameters/5be4e5bbcd1701ccb3a1.json
> Model: SoC_proxy_TSA/data/calliope_models/5be4e5bbcd1701ccb3a1.nc already exists. Reading file...
[SoC Proxy] Tuner: c*=0.741936 lost=0.000e+00 | margin=4.000% -> curtailment=0.712258
[SoC Proxy] curtailment forecast: 71.23%
 ------------------------------------------------------- 
  
[Dispatch] running scenario Sensitivity_W_reps45
   
 ------------------------------------------------------- 
 ------------------------------------------------------- 
 ----- K-Medoid, reps=45, W_proxy=0.0  -----
 -----      98dbe471fa45c980b070      ----- 
 ------------------------------------------------------- 
[Model] Parameter json saved to SoC_proxy_TSA/data/parameters/98dbe471fa45c980b070.json
[TSA] Extracting features dataframe for 98dbe471fa45c980b070
[TSA]: Applying hierarchical clustering method, with medoidRepresentation representation.
[TSA] successfully applied. Results saved to SoC_proxy_TSA/data/cluster_maps/98dbe471fa45c980b070.csv.
[TSA] cluster completed in 2.49
[Calliope] Validating and Configuring Calliope model: 98dbe471fa45c980b070
[Calliope] Building Calliope model: 98dbe471fa45c980b070
[Calliope] Solving Calliope model: 98dbe471fa45c980b070
[Calliope] Solution saved to: SoC_proxy_TSA/data/calliope_models/98dbe471fa45c980b070.nc
 ------------------------------------------------------- 
 ----- K-Medoid, reps=45, SocDelta, W_proxy=0.25  -----
 -----      f1488d96cd90d2af9096      ----- 
 ------------------------------------------------------- 
[Model] Parameter json saved to SoC_proxy_TSA/data/parameters/f1488d96cd90d2af9096.json
[TSA] Extracting features dataframe for f1488d96cd90d2af9096
[SoC Proxy] Tuner: c*=0.741329 lost=0.000e+00 | margin=4.000% -> curtailment=0.711676
[SoC Proxy] curtailment forecast: 71.17%
[TSA]: Applying hierarchical clustering method, with medoidRepresentation representation.
[TSA] successfully applied. Results saved to SoC_proxy_TSA/data/cluster_maps/f1488d96cd90d2af9096.csv.
[TSA] cluster completed in 3.85
[Calliope] Validating and Configuring Calliope model: f1488d96cd90d2af9096
[Calliope] Building Calliope model: f1488d96cd90d2af9096
[Calliope] Solving Calliope model: f1488d96cd90d2af9096
[Calliope] Solution saved to: SoC_proxy_TSA/data/calliope_models/f1488d96cd90d2af9096.nc
[SoC Proxy] Tuner: c*=0.757923 lost=0.000e+00 | margin=4.000% -> curtailment=0.727606
[SoC Proxy] curtailment forecast: 72.76%
 ------------------------------------------------------- 
 ----- K-Medoid, reps=45, SocDelta, W_proxy=0.5  -----
 -----      741efa638cadc74a4d74      ----- 
 ------------------------------------------------------- 
[Model] Parameter json saved to SoC_proxy_TSA/data/parameters/741efa638cadc74a4d74.json
[TSA] Extracting features dataframe for 741efa638cadc74a4d74
[SoC Proxy] Tuner: c*=0.741329 lost=0.000e+00 | margin=4.000% -> curtailment=0.711676
[SoC Proxy] curtailment forecast: 71.17%
[TSA]: Applying hierarchical clustering method, with medoidRepresentation representation.
[TSA] successfully applied. Results saved to SoC_proxy_TSA/data/cluster_maps/741efa638cadc74a4d74.csv.
[TSA] cluster completed in 4.39
[Calliope] Validating and Configuring Calliope model: 741efa638cadc74a4d74
[Calliope] Building Calliope model: 741efa638cadc74a4d74
[Calliope] Solving Calliope model: 741efa638cadc74a4d74
[Calliope] Solution saved to: SoC_proxy_TSA/data/calliope_models/741efa638cadc74a4d74.nc
[SoC Proxy] Tuner: c*=0.745274 lost=0.000e+00 | margin=4.000% -> curtailment=0.715463
[SoC Proxy] curtailment forecast: 71.55%
 ------------------------------------------------------- 
 ----- K-Medoid, reps=45, SocDelta, W_proxy=0.75  -----
 -----      25284b886995aff90759      ----- 
 ------------------------------------------------------- 
[Model] Parameter json saved to SoC_proxy_TSA/data/parameters/25284b886995aff90759.json
[TSA] Extracting features dataframe for 25284b886995aff90759
[SoC Proxy] Tuner: c*=0.741329 lost=0.000e+00 | margin=4.000% -> curtailment=0.711676
[SoC Proxy] curtailment forecast: 71.17%
[TSA]: Applying hierarchical clustering method, with medoidRepresentation representation.
[TSA] successfully applied. Results saved to SoC_proxy_TSA/data/cluster_maps/25284b886995aff90759.csv.
[TSA] cluster completed in 3.81
[Calliope] Validating and Configuring Calliope model: 25284b886995aff90759
[Calliope] Building Calliope model: 25284b886995aff90759
[Calliope] Solving Calliope model: 25284b886995aff90759
[Calliope] Solution saved to: SoC_proxy_TSA/data/calliope_models/25284b886995aff90759.nc
[SoC Proxy] Tuner: c*=0.744252 lost=0.000e+00 | margin=4.000% -> curtailment=0.714482
[SoC Proxy] curtailment forecast: 71.45%
 ------------------------------------------------------- 
 ----- K-Medoid, reps=45, SocDelta, W_proxy=1  -----
 -----      39fc445f81106dd70b16      ----- 
 ------------------------------------------------------- 
[Model] Parameter json saved to SoC_proxy_TSA/data/parameters/39fc445f81106dd70b16.json
[TSA] Extracting features dataframe for 39fc445f81106dd70b16
[SoC Proxy] Tuner: c*=0.741329 lost=0.000e+00 | margin=4.000% -> curtailment=0.711676
[SoC Proxy] curtailment forecast: 71.17%
[TSA]: Applying hierarchical clustering method, with medoidRepresentation representation.
weight of "solar" set to the minmal tolerable weighting
weight of "onshore_wind" set to the minmal tolerable weighting
weight of "offshore_wind" set to the minmal tolerable weighting
weight of "demand_power" set to the minmal tolerable weighting
[TSA] successfully applied. Results saved to SoC_proxy_TSA/data/cluster_maps/39fc445f81106dd70b16.csv.
[TSA] cluster completed in 3.67
[Calliope] Validating and Configuring Calliope model: 39fc445f81106dd70b16
[Calliope] Building Calliope model: 39fc445f81106dd70b16
[Calliope] Solving Calliope model: 39fc445f81106dd70b16
[Calliope] Solution saved to: SoC_proxy_TSA/data/calliope_models/39fc445f81106dd70b16.nc
[SoC Proxy] Tuner: c*=0.748450 lost=0.000e+00 | margin=4.000% -> curtailment=0.718512
[SoC Proxy] curtailment forecast: 71.85%
 ------------------------------------------------------- 
  
[Dispatch] running scenario Sensitivity_W_reps60
   
 ------------------------------------------------------- 
 ------------------------------------------------------- 
 ----- K-Medoid, reps=60, W_proxy=0.0  -----
 -----      7ea88400c32511feeeb9      ----- 
 ------------------------------------------------------- 
[Model] Parameter json saved to SoC_proxy_TSA/data/parameters/7ea88400c32511feeeb9.json
[TSA] Extracting features dataframe for 7ea88400c32511feeeb9
[TSA]: Applying hierarchical clustering method, with medoidRepresentation representation.
[TSA] successfully applied. Results saved to SoC_proxy_TSA/data/cluster_maps/7ea88400c32511feeeb9.csv.
[TSA] cluster completed in 2.86
[Calliope] Validating and Configuring Calliope model: 7ea88400c32511feeeb9
[Calliope] Building Calliope model: 7ea88400c32511feeeb9
[Calliope] Solving Calliope model: 7ea88400c32511feeeb9
[Calliope] Solution saved to: SoC_proxy_TSA/data/calliope_models/7ea88400c32511feeeb9.nc
 ------------------------------------------------------- 
 ----- K-Medoid, reps=60, SocDelta, W_proxy=0.25  -----
 -----      d227ad30c7332220ae81      ----- 
 ------------------------------------------------------- 
[Model] Parameter json saved to SoC_proxy_TSA/data/parameters/d227ad30c7332220ae81.json
[TSA] Extracting features dataframe for d227ad30c7332220ae81
[SoC Proxy] Tuner: c*=0.741329 lost=0.000e+00 | margin=4.000% -> curtailment=0.711676
[SoC Proxy] curtailment forecast: 71.17%
[TSA]: Applying hierarchical clustering method, with medoidRepresentation representation.
[TSA] successfully applied. Results saved to SoC_proxy_TSA/data/cluster_maps/d227ad30c7332220ae81.csv.
[TSA] cluster completed in 3.86
[Calliope] Validating and Configuring Calliope model: d227ad30c7332220ae81
[Calliope] Building Calliope model: d227ad30c7332220ae81
[Calliope] Solving Calliope model: d227ad30c7332220ae81
[Calliope] Solution saved to: SoC_proxy_TSA/data/calliope_models/d227ad30c7332220ae81.nc
[SoC Proxy] Tuner: c*=0.754194 lost=0.000e+00 | margin=4.000% -> curtailment=0.724026
[SoC Proxy] curtailment forecast: 72.40%
 ------------------------------------------------------- 
 ----- K-Medoid, reps=60, SocDelta, W_proxy=0.5  -----
 -----      308fb8658063ecd70fae      ----- 
 ------------------------------------------------------- 
[Model] Parameter json saved to SoC_proxy_TSA/data/parameters/308fb8658063ecd70fae.json
[TSA] Extracting features dataframe for 308fb8658063ecd70fae
[SoC Proxy] Tuner: c*=0.741329 lost=0.000e+00 | margin=4.000% -> curtailment=0.711676
[SoC Proxy] curtailment forecast: 71.17%
[TSA]: Applying hierarchical clustering method, with medoidRepresentation representation.
[TSA] successfully applied. Results saved to SoC_proxy_TSA/data/cluster_maps/308fb8658063ecd70fae.csv.
[TSA] cluster completed in 4.02
[Calliope] Validating and Configuring Calliope model: 308fb8658063ecd70fae
[Calliope] Building Calliope model: 308fb8658063ecd70fae
[Calliope] Solving Calliope model: 308fb8658063ecd70fae
[Calliope] Solution saved to: SoC_proxy_TSA/data/calliope_models/308fb8658063ecd70fae.nc
[SoC Proxy] Tuner: c*=0.746786 lost=0.000e+00 | margin=4.000% -> curtailment=0.716915
[SoC Proxy] curtailment forecast: 71.69%
 ------------------------------------------------------- 
 ----- K-Medoid, reps=60, SocDelta, W_proxy=0.75  -----
 -----      ba7f5b4077f92ffdf435      ----- 
 ------------------------------------------------------- 
[Model] Parameter json saved to SoC_proxy_TSA/data/parameters/ba7f5b4077f92ffdf435.json
[TSA] Extracting features dataframe for ba7f5b4077f92ffdf435
[SoC Proxy] Tuner: c*=0.741329 lost=0.000e+00 | margin=4.000% -> curtailment=0.711676
[SoC Proxy] curtailment forecast: 71.17%
[TSA]: Applying hierarchical clustering method, with medoidRepresentation representation.
[TSA] successfully applied. Results saved to SoC_proxy_TSA/data/cluster_maps/ba7f5b4077f92ffdf435.csv.
[TSA] cluster completed in 4.07
[Calliope] Validating and Configuring Calliope model: ba7f5b4077f92ffdf435
[Calliope] Building Calliope model: ba7f5b4077f92ffdf435
[Calliope] Solving Calliope model: ba7f5b4077f92ffdf435
[Calliope] Solution saved to: SoC_proxy_TSA/data/calliope_models/ba7f5b4077f92ffdf435.nc
[SoC Proxy] Tuner: c*=0.744066 lost=0.000e+00 | margin=4.000% -> curtailment=0.714303
[SoC Proxy] curtailment forecast: 71.43%
 ------------------------------------------------------- 
 ----- K-Medoid, reps=60, SocDelta, W_proxy=1  -----
 -----      3b3db8385841017a3f84      ----- 
 ------------------------------------------------------- 
[Model] Parameter json saved to SoC_proxy_TSA/data/parameters/3b3db8385841017a3f84.json
> Model: SoC_proxy_TSA/data/calliope_models/3b3db8385841017a3f84.nc already exists. Reading file...
[SoC Proxy] Tuner: c*=0.743379 lost=0.000e+00 | margin=4.000% -> curtailment=0.713644
[SoC Proxy] curtailment forecast: 71.36%
 ------------------------------------------------------- 
  
[Dispatch] running scenario Sensitivity_W_reps45
   
 ------------------------------------------------------- 
 ------------------------------------------------------- 
 ----- K-Medoid, reps=45, W_proxy=0.0  -----
 -----      86a2e3bca4ef038164ef      ----- 
 ------------------------------------------------------- 
[Model] Parameter json saved to SoC_proxy_TSA/data/parameters/86a2e3bca4ef038164ef.json
[TSA] Extracting features dataframe for 86a2e3bca4ef038164ef
[TSA]: Applying hierarchical clustering method, with medoidRepresentation representation.
[TSA] successfully applied. Results saved to SoC_proxy_TSA/data/cluster_maps/86a2e3bca4ef038164ef.csv.
[TSA] cluster completed in 2.56
[Calliope] Validating and Configuring Calliope model: 86a2e3bca4ef038164ef
[Calliope] Building Calliope model: 86a2e3bca4ef038164ef
[Calliope] Solving Calliope model: 86a2e3bca4ef038164ef
[Calliope] Solution saved to: SoC_proxy_TSA/data/calliope_models/86a2e3bca4ef038164ef.nc
 ------------------------------------------------------- 
 ----- K-Medoid, reps=45, SocDelta, W_proxy=0.25  -----
 -----      c10a32586516d896a809      ----- 
 ------------------------------------------------------- 
[Model] Parameter json saved to SoC_proxy_TSA/data/parameters/c10a32586516d896a809.json
[TSA] Extracting features dataframe for c10a32586516d896a809
[SoC Proxy] Tuner: c*=0.740200 lost=0.000e+00 | margin=4.000% -> curtailment=0.710592
[SoC Proxy] ⚠ Warning: SoC Proxy severely non-cyclical (end-start = -1.000e+04)
[SoC Proxy] curtailment forecast: 71.06%
[TSA]: Applying hierarchical clustering method, with medoidRepresentation representation.
[TSA] successfully applied. Results saved to SoC_proxy_TSA/data/cluster_maps/c10a32586516d896a809.csv.
[TSA] cluster completed in 4.29
[Calliope] Validating and Configuring Calliope model: c10a32586516d896a809
[Calliope] Building Calliope model: c10a32586516d896a809
[Calliope] Solving Calliope model: c10a32586516d896a809
[Calliope] Solution saved to: SoC_proxy_TSA/data/calliope_models/c10a32586516d896a809.nc
[SoC Proxy] Tuner: c*=0.750160 lost=0.000e+00 | margin=4.000% -> curtailment=0.720154
[SoC Proxy] curtailment forecast: 72.02%
 ------------------------------------------------------- 
 ----- K-Medoid, reps=45, SocDelta, W_proxy=0.5  -----
 -----      128e89709d976aa43189      ----- 
 ------------------------------------------------------- 
[Model] Parameter json saved to SoC_proxy_TSA/data/parameters/128e89709d976aa43189.json
[TSA] Extracting features dataframe for 128e89709d976aa43189
[SoC Proxy] Tuner: c*=0.740200 lost=0.000e+00 | margin=4.000% -> curtailment=0.710592
[SoC Proxy] ⚠ Warning: SoC Proxy severely non-cyclical (end-start = -1.000e+04)
[SoC Proxy] curtailment forecast: 71.06%
[TSA]: Applying hierarchical clustering method, with medoidRepresentation representation.
[TSA] successfully applied. Results saved to SoC_proxy_TSA/data/cluster_maps/128e89709d976aa43189.csv.
[TSA] cluster completed in 4.44
[Calliope] Validating and Configuring Calliope model: 128e89709d976aa43189
[Calliope] Building Calliope model: 128e89709d976aa43189
[Calliope] Solving Calliope model: 128e89709d976aa43189
[Calliope] Solution saved to: SoC_proxy_TSA/data/calliope_models/128e89709d976aa43189.nc
[SoC Proxy] Tuner: c*=0.747670 lost=0.000e+00 | margin=4.000% -> curtailment=0.717763
[SoC Proxy] curtailment forecast: 71.78%
 ------------------------------------------------------- 
 ----- K-Medoid, reps=45, SocDelta, W_proxy=0.75  -----
 -----      fa2e90d842bb8caaf18f      ----- 
 ------------------------------------------------------- 
[Model] Parameter json saved to SoC_proxy_TSA/data/parameters/fa2e90d842bb8caaf18f.json
[TSA] Extracting features dataframe for fa2e90d842bb8caaf18f
[SoC Proxy] Tuner: c*=0.740200 lost=0.000e+00 | margin=4.000% -> curtailment=0.710592
[SoC Proxy] ⚠ Warning: SoC Proxy severely non-cyclical (end-start = -1.000e+04)
[SoC Proxy] curtailment forecast: 71.06%
[TSA]: Applying hierarchical clustering method, with medoidRepresentation representation.
[TSA] successfully applied. Results saved to SoC_proxy_TSA/data/cluster_maps/fa2e90d842bb8caaf18f.csv.
[TSA] cluster completed in 4.30
[Calliope] Validating and Configuring Calliope model: fa2e90d842bb8caaf18f
[Calliope] Building Calliope model: fa2e90d842bb8caaf18f
[Calliope] Solving Calliope model: fa2e90d842bb8caaf18f
[Calliope] Solution saved to: SoC_proxy_TSA/data/calliope_models/fa2e90d842bb8caaf18f.nc
[SoC Proxy] Tuner: c*=0.746308 lost=0.000e+00 | margin=4.000% -> curtailment=0.716456
[SoC Proxy] ⚠ Warning: SoC Proxy severely non-cyclical (end-start = -1.141e+04)
[SoC Proxy] curtailment forecast: 71.65%
 ------------------------------------------------------- 
 ----- K-Medoid, reps=45, SocDelta, W_proxy=1  -----
 -----      98554afc49743565b95c      ----- 
 ------------------------------------------------------- 
[Model] Parameter json saved to SoC_proxy_TSA/data/parameters/98554afc49743565b95c.json
[TSA] Extracting features dataframe for 98554afc49743565b95c
[SoC Proxy] Tuner: c*=0.740200 lost=0.000e+00 | margin=4.000% -> curtailment=0.710592
[SoC Proxy] ⚠ Warning: SoC Proxy severely non-cyclical (end-start = -1.000e+04)
[SoC Proxy] curtailment forecast: 71.06%
[TSA]: Applying hierarchical clustering method, with medoidRepresentation representation.
weight of "solar" set to the minmal tolerable weighting
weight of "onshore_wind" set to the minmal tolerable weighting
weight of "offshore_wind" set to the minmal tolerable weighting
weight of "demand_power" set to the minmal tolerable weighting
[TSA] successfully applied. Results saved to SoC_proxy_TSA/data/cluster_maps/98554afc49743565b95c.csv.
[TSA] cluster completed in 3.75
[Calliope] Validating and Configuring Calliope model: 98554afc49743565b95c
[Calliope] Building Calliope model: 98554afc49743565b95c
[Calliope] Solving Calliope model: 98554afc49743565b95c
[Calliope] Solution saved to: SoC_proxy_TSA/data/calliope_models/98554afc49743565b95c.nc
[SoC Proxy] Tuner: c*=0.731330 lost=0.000e+00 | margin=4.000% -> curtailment=0.702076
[SoC Proxy] curtailment forecast: 70.21%
 ------------------------------------------------------- 
  
[Dispatch] running scenario Sensitivity_W_reps60
   
 ------------------------------------------------------- 
 ------------------------------------------------------- 
 ----- K-Medoid, reps=60, W_proxy=0.0  -----
 -----      6b0caf0a6c3d0a3c3f2f      ----- 
 ------------------------------------------------------- 
[Model] Parameter json saved to SoC_proxy_TSA/data/parameters/6b0caf0a6c3d0a3c3f2f.json
[TSA] Extracting features dataframe for 6b0caf0a6c3d0a3c3f2f
[TSA]: Applying hierarchical clustering method, with medoidRepresentation representation.
[TSA] successfully applied. Results saved to SoC_proxy_TSA/data/cluster_maps/6b0caf0a6c3d0a3c3f2f.csv.
[TSA] cluster completed in 2.18
[Calliope] Validating and Configuring Calliope model: 6b0caf0a6c3d0a3c3f2f
[Calliope] Building Calliope model: 6b0caf0a6c3d0a3c3f2f
[Calliope] Solving Calliope model: 6b0caf0a6c3d0a3c3f2f
[Calliope] Solution saved to: SoC_proxy_TSA/data/calliope_models/6b0caf0a6c3d0a3c3f2f.nc
 ------------------------------------------------------- 
 ----- K-Medoid, reps=60, SocDelta, W_proxy=0.25  -----
 -----      83d5a945bb78cad43d5e      ----- 
 ------------------------------------------------------- 
[Model] Parameter json saved to SoC_proxy_TSA/data/parameters/83d5a945bb78cad43d5e.json
[TSA] Extracting features dataframe for 83d5a945bb78cad43d5e
[SoC Proxy] Tuner: c*=0.740200 lost=0.000e+00 | margin=4.000% -> curtailment=0.710592
[SoC Proxy] ⚠ Warning: SoC Proxy severely non-cyclical (end-start = -1.000e+04)
[SoC Proxy] curtailment forecast: 71.06%
[TSA]: Applying hierarchical clustering method, with medoidRepresentation representation.
[TSA] successfully applied. Results saved to SoC_proxy_TSA/data/cluster_maps/83d5a945bb78cad43d5e.csv.
[TSA] cluster completed in 4.06
[Calliope] Validating and Configuring Calliope model: 83d5a945bb78cad43d5e
[Calliope] Building Calliope model: 83d5a945bb78cad43d5e
[Calliope] Solving Calliope model: 83d5a945bb78cad43d5e
[Calliope] Solution saved to: SoC_proxy_TSA/data/calliope_models/83d5a945bb78cad43d5e.nc
[SoC Proxy] Tuner: c*=0.753754 lost=0.000e+00 | margin=4.000% -> curtailment=0.723604
[SoC Proxy] curtailment forecast: 72.36%
 ------------------------------------------------------- 
 ----- K-Medoid, reps=60, SocDelta, W_proxy=0.5  -----
 -----      4260b207b32176fd54fe      ----- 
 ------------------------------------------------------- 
[Model] Parameter json saved to SoC_proxy_TSA/data/parameters/4260b207b32176fd54fe.json
[TSA] Extracting features dataframe for 4260b207b32176fd54fe
[SoC Proxy] Tuner: c*=0.740200 lost=0.000e+00 | margin=4.000% -> curtailment=0.710592
[SoC Proxy] ⚠ Warning: SoC Proxy severely non-cyclical (end-start = -1.000e+04)
[SoC Proxy] curtailment forecast: 71.06%
[TSA]: Applying hierarchical clustering method, with medoidRepresentation representation.
[TSA] successfully applied. Results saved to SoC_proxy_TSA/data/cluster_maps/4260b207b32176fd54fe.csv.
[TSA] cluster completed in 4.26
[Calliope] Validating and Configuring Calliope model: 4260b207b32176fd54fe
[Calliope] Building Calliope model: 4260b207b32176fd54fe
[Calliope] Solving Calliope model: 4260b207b32176fd54fe
[Calliope] Solution saved to: SoC_proxy_TSA/data/calliope_models/4260b207b32176fd54fe.nc
[SoC Proxy] Tuner: c*=0.747940 lost=0.000e+00 | margin=4.000% -> curtailment=0.718022
[SoC Proxy] curtailment forecast: 71.80%
 ------------------------------------------------------- 
 ----- K-Medoid, reps=60, SocDelta, W_proxy=0.75  -----
 -----      e2181a74baba85b35e55      ----- 
 ------------------------------------------------------- 
[Model] Parameter json saved to SoC_proxy_TSA/data/parameters/e2181a74baba85b35e55.json
[TSA] Extracting features dataframe for e2181a74baba85b35e55
[SoC Proxy] Tuner: c*=0.740200 lost=0.000e+00 | margin=4.000% -> curtailment=0.710592
[SoC Proxy] ⚠ Warning: SoC Proxy severely non-cyclical (end-start = -1.000e+04)
[SoC Proxy] curtailment forecast: 71.06%
[TSA]: Applying hierarchical clustering method, with medoidRepresentation representation.
[TSA] successfully applied. Results saved to SoC_proxy_TSA/data/cluster_maps/e2181a74baba85b35e55.csv.
[TSA] cluster completed in 3.79
[Calliope] Validating and Configuring Calliope model: e2181a74baba85b35e55
[Calliope] Building Calliope model: e2181a74baba85b35e55
[Calliope] Solving Calliope model: e2181a74baba85b35e55
[Calliope] Solution saved to: SoC_proxy_TSA/data/calliope_models/e2181a74baba85b35e55.nc
[SoC Proxy] Tuner: c*=0.744432 lost=0.000e+00 | margin=4.000% -> curtailment=0.714655
[SoC Proxy] ⚠ Warning: SoC Proxy severely non-cyclical (end-start = -1.086e+04)
[SoC Proxy] curtailment forecast: 71.47%
 ------------------------------------------------------- 
 ----- K-Medoid, reps=60, SocDelta, W_proxy=1  -----
 -----      a90c7542cfa710c7e98e      ----- 
 ------------------------------------------------------- 
[Model] Parameter json saved to SoC_proxy_TSA/data/parameters/a90c7542cfa710c7e98e.json
> Model: SoC_proxy_TSA/data/calliope_models/a90c7542cfa710c7e98e.nc already exists. Reading file...
[SoC Proxy] Tuner: c*=0.734619 lost=0.000e+00 | margin=4.000% -> curtailment=0.705234
[SoC Proxy] curtailment forecast: 70.52%
 ------------------------------------------------------- 
  
[Dispatch] running scenario Sensitivity_W_reps45
   
 ------------------------------------------------------- 
 ------------------------------------------------------- 
 ----- K-Medoid, reps=45, W_proxy=0.0  -----
 -----      67e83d4f10104fa718dd      ----- 
 ------------------------------------------------------- 
[Model] Parameter json saved to SoC_proxy_TSA/data/parameters/67e83d4f10104fa718dd.json
[TSA] Extracting features dataframe for 67e83d4f10104fa718dd
[TSA]: Applying hierarchical clustering method, with medoidRepresentation representation.
[TSA] successfully applied. Results saved to SoC_proxy_TSA/data/cluster_maps/67e83d4f10104fa718dd.csv.
[TSA] cluster completed in 2.37
[Calliope] Validating and Configuring Calliope model: 67e83d4f10104fa718dd
[Calliope] Building Calliope model: 67e83d4f10104fa718dd
[Calliope] Solving Calliope model: 67e83d4f10104fa718dd
[Calliope] Solution saved to: SoC_proxy_TSA/data/calliope_models/67e83d4f10104fa718dd.nc
 ------------------------------------------------------- 
 ----- K-Medoid, reps=45, SocDelta, W_proxy=0.25  -----
 -----      9ce2de5313bb7b77797c      ----- 
 ------------------------------------------------------- 
[Model] Parameter json saved to SoC_proxy_TSA/data/parameters/9ce2de5313bb7b77797c.json
[TSA] Extracting features dataframe for 9ce2de5313bb7b77797c
[SoC Proxy] Tuner: c*=0.787528 lost=0.000e+00 | margin=4.000% -> curtailment=0.756027
[SoC Proxy] curtailment forecast: 75.60%
[TSA]: Applying hierarchical clustering method, with medoidRepresentation representation.
[TSA] successfully applied. Results saved to SoC_proxy_TSA/data/cluster_maps/9ce2de5313bb7b77797c.csv.
[TSA] cluster completed in 3.98
[Calliope] Validating and Configuring Calliope model: 9ce2de5313bb7b77797c
[Calliope] Building Calliope model: 9ce2de5313bb7b77797c
[Calliope] Solving Calliope model: 9ce2de5313bb7b77797c
[Calliope] Solution saved to: SoC_proxy_TSA/data/calliope_models/9ce2de5313bb7b77797c.nc
[SoC Proxy] Tuner: c*=0.801181 lost=0.000e+00 | margin=4.000% -> curtailment=0.769134
[SoC Proxy] curtailment forecast: 76.91%
 ------------------------------------------------------- 
 ----- K-Medoid, reps=45, SocDelta, W_proxy=0.5  -----
 -----      b24ac8a9d399dd2692cf      ----- 
 ------------------------------------------------------- 
[Model] Parameter json saved to SoC_proxy_TSA/data/parameters/b24ac8a9d399dd2692cf.json
[TSA] Extracting features dataframe for b24ac8a9d399dd2692cf
[SoC Proxy] Tuner: c*=0.787528 lost=0.000e+00 | margin=4.000% -> curtailment=0.756027
[SoC Proxy] curtailment forecast: 75.60%
[TSA]: Applying hierarchical clustering method, with medoidRepresentation representation.
[TSA] successfully applied. Results saved to SoC_proxy_TSA/data/cluster_maps/b24ac8a9d399dd2692cf.csv.
[TSA] cluster completed in 4.27
[Calliope] Validating and Configuring Calliope model: b24ac8a9d399dd2692cf
[Calliope] Building Calliope model: b24ac8a9d399dd2692cf
[Calliope] Solving Calliope model: b24ac8a9d399dd2692cf
[Calliope] Solution saved to: SoC_proxy_TSA/data/calliope_models/b24ac8a9d399dd2692cf.nc
[SoC Proxy] Tuner: c*=0.799689 lost=0.000e+00 | margin=4.000% -> curtailment=0.767702
[SoC Proxy] curtailment forecast: 76.77%
 ------------------------------------------------------- 
 ----- K-Medoid, reps=45, SocDelta, W_proxy=0.75  -----
 -----      5526c418eb601ffa89e5      ----- 
 ------------------------------------------------------- 
[Model] Parameter json saved to SoC_proxy_TSA/data/parameters/5526c418eb601ffa89e5.json
[TSA] Extracting features dataframe for 5526c418eb601ffa89e5
[SoC Proxy] Tuner: c*=0.787528 lost=0.000e+00 | margin=4.000% -> curtailment=0.756027
[SoC Proxy] curtailment forecast: 75.60%
[TSA]: Applying hierarchical clustering method, with medoidRepresentation representation.
[TSA] successfully applied. Results saved to SoC_proxy_TSA/data/cluster_maps/5526c418eb601ffa89e5.csv.
[TSA] cluster completed in 5.27
[Calliope] Validating and Configuring Calliope model: 5526c418eb601ffa89e5
[Calliope] Building Calliope model: 5526c418eb601ffa89e5
[Calliope] Solving Calliope model: 5526c418eb601ffa89e5
[Calliope] Solution saved to: SoC_proxy_TSA/data/calliope_models/5526c418eb601ffa89e5.nc
[SoC Proxy] Tuner: c*=0.790993 lost=0.000e+00 | margin=4.000% -> curtailment=0.759353
[SoC Proxy] curtailment forecast: 75.94%
 ------------------------------------------------------- 
 ----- K-Medoid, reps=45, SocDelta, W_proxy=1  -----
 -----      ca723128cce395e22aee      ----- 
 ------------------------------------------------------- 
[Model] Parameter json saved to SoC_proxy_TSA/data/parameters/ca723128cce395e22aee.json
[TSA] Extracting features dataframe for ca723128cce395e22aee
[SoC Proxy] Tuner: c*=0.787528 lost=0.000e+00 | margin=4.000% -> curtailment=0.756027
[SoC Proxy] curtailment forecast: 75.60%
[TSA]: Applying hierarchical clustering method, with medoidRepresentation representation.
weight of "solar" set to the minmal tolerable weighting
weight of "onshore_wind" set to the minmal tolerable weighting
weight of "offshore_wind" set to the minmal tolerable weighting
weight of "demand_power" set to the minmal tolerable weighting
[TSA] successfully applied. Results saved to SoC_proxy_TSA/data/cluster_maps/ca723128cce395e22aee.csv.
[TSA] cluster completed in 4.50
[Calliope] Validating and Configuring Calliope model: ca723128cce395e22aee
[Calliope] Building Calliope model: ca723128cce395e22aee
[Calliope] Solving Calliope model: ca723128cce395e22aee
[Calliope] Solution saved to: SoC_proxy_TSA/data/calliope_models/ca723128cce395e22aee.nc
[SoC Proxy] Tuner: c*=0.795111 lost=0.000e+00 | margin=4.000% -> curtailment=0.763307
[SoC Proxy] curtailment forecast: 76.33%
 ------------------------------------------------------- 
  
[Dispatch] running scenario Sensitivity_W_reps60
   
 ------------------------------------------------------- 
 ------------------------------------------------------- 
 ----- K-Medoid, reps=60, W_proxy=0.0  -----
 -----      007c5c6364af79657872      ----- 
 ------------------------------------------------------- 
[Model] Parameter json saved to SoC_proxy_TSA/data/parameters/007c5c6364af79657872.json
[TSA] Extracting features dataframe for 007c5c6364af79657872
[TSA]: Applying hierarchical clustering method, with medoidRepresentation representation.
[TSA] successfully applied. Results saved to SoC_proxy_TSA/data/cluster_maps/007c5c6364af79657872.csv.
[TSA] cluster completed in 2.39
[Calliope] Validating and Configuring Calliope model: 007c5c6364af79657872
[Calliope] Building Calliope model: 007c5c6364af79657872
[Calliope] Solving Calliope model: 007c5c6364af79657872
[Calliope] Solution saved to: SoC_proxy_TSA/data/calliope_models/007c5c6364af79657872.nc
 ------------------------------------------------------- 
 ----- K-Medoid, reps=60, SocDelta, W_proxy=0.25  -----
 -----      0672771ebdfc51c6e53c      ----- 
 ------------------------------------------------------- 
[Model] Parameter json saved to SoC_proxy_TSA/data/parameters/0672771ebdfc51c6e53c.json
[TSA] Extracting features dataframe for 0672771ebdfc51c6e53c
[SoC Proxy] Tuner: c*=0.787528 lost=0.000e+00 | margin=4.000% -> curtailment=0.756027
[SoC Proxy] curtailment forecast: 75.60%
[TSA]: Applying hierarchical clustering method, with medoidRepresentation representation.
[TSA] successfully applied. Results saved to SoC_proxy_TSA/data/cluster_maps/0672771ebdfc51c6e53c.csv.
[TSA] cluster completed in 3.94
[Calliope] Validating and Configuring Calliope model: 0672771ebdfc51c6e53c
[Calliope] Building Calliope model: 0672771ebdfc51c6e53c
[Calliope] Solving Calliope model: 0672771ebdfc51c6e53c
[Calliope] Solution saved to: SoC_proxy_TSA/data/calliope_models/0672771ebdfc51c6e53c.nc
[SoC Proxy] Tuner: c*=0.800755 lost=0.000e+00 | margin=4.000% -> curtailment=0.768725
[SoC Proxy] curtailment forecast: 76.87%
 ------------------------------------------------------- 
 ----- K-Medoid, reps=60, SocDelta, W_proxy=0.5  -----
 -----      ff399d698f3aa42985d4      ----- 
 ------------------------------------------------------- 
[Model] Parameter json saved to SoC_proxy_TSA/data/parameters/ff399d698f3aa42985d4.json
[TSA] Extracting features dataframe for ff399d698f3aa42985d4
[SoC Proxy] Tuner: c*=0.787528 lost=0.000e+00 | margin=4.000% -> curtailment=0.756027
[SoC Proxy] curtailment forecast: 75.60%
[TSA]: Applying hierarchical clustering method, with medoidRepresentation representation.
[TSA] successfully applied. Results saved to SoC_proxy_TSA/data/cluster_maps/ff399d698f3aa42985d4.csv.
[TSA] cluster completed in 3.77
[Calliope] Validating and Configuring Calliope model: ff399d698f3aa42985d4
[Calliope] Building Calliope model: ff399d698f3aa42985d4
[Calliope] Solving Calliope model: ff399d698f3aa42985d4
[Calliope] Solution saved to: SoC_proxy_TSA/data/calliope_models/ff399d698f3aa42985d4.nc
[SoC Proxy] Tuner: c*=0.794519 lost=0.000e+00 | margin=4.000% -> curtailment=0.762738
[SoC Proxy] curtailment forecast: 76.27%
 ------------------------------------------------------- 
 ----- K-Medoid, reps=60, SocDelta, W_proxy=0.75  -----
 -----      bd7ce54f713307d1dbf5      ----- 
 ------------------------------------------------------- 
[Model] Parameter json saved to SoC_proxy_TSA/data/parameters/bd7ce54f713307d1dbf5.json
[TSA] Extracting features dataframe for bd7ce54f713307d1dbf5
[SoC Proxy] Tuner: c*=0.787528 lost=0.000e+00 | margin=4.000% -> curtailment=0.756027
[SoC Proxy] curtailment forecast: 75.60%
[TSA]: Applying hierarchical clustering method, with medoidRepresentation representation.
[TSA] successfully applied. Results saved to SoC_proxy_TSA/data/cluster_maps/bd7ce54f713307d1dbf5.csv.
[TSA] cluster completed in 4.95
[Calliope] Validating and Configuring Calliope model: bd7ce54f713307d1dbf5
[Calliope] Building Calliope model: bd7ce54f713307d1dbf5
[Calliope] Solving Calliope model: bd7ce54f713307d1dbf5
[Calliope] Solution saved to: SoC_proxy_TSA/data/calliope_models/bd7ce54f713307d1dbf5.nc
[SoC Proxy] Tuner: c*=0.794840 lost=0.000e+00 | margin=4.000% -> curtailment=0.763047
[SoC Proxy] curtailment forecast: 76.30%
 ------------------------------------------------------- 
 ----- K-Medoid, reps=60, SocDelta, W_proxy=1  -----
 -----      d8758a98b8f7cb062555      ----- 
 ------------------------------------------------------- 
[Model] Parameter json saved to SoC_proxy_TSA/data/parameters/d8758a98b8f7cb062555.json
> Model: SoC_proxy_TSA/data/calliope_models/d8758a98b8f7cb062555.nc already exists. Reading file...
[SoC Proxy] Tuner: c*=0.794925 lost=0.000e+00 | margin=4.000% -> curtailment=0.763128
[SoC Proxy] curtailment forecast: 76.31%
 ------------------------------------------------------- 
  
[Dispatch] running scenario Sensitivity_W_reps45
   
 ------------------------------------------------------- 
 ------------------------------------------------------- 
 ----- K-Medoid, reps=45, W_proxy=0.0  -----
 -----      5cfc7c09d164db697e32      ----- 
 ------------------------------------------------------- 
[Model] Parameter json saved to SoC_proxy_TSA/data/parameters/5cfc7c09d164db697e32.json
[TSA] Extracting features dataframe for 5cfc7c09d164db697e32
[TSA]: Applying hierarchical clustering method, with medoidRepresentation representation.
[TSA] successfully applied. Results saved to SoC_proxy_TSA/data/cluster_maps/5cfc7c09d164db697e32.csv.
[TSA] cluster completed in 3.01
[Calliope] Validating and Configuring Calliope model: 5cfc7c09d164db697e32
[Calliope] Building Calliope model: 5cfc7c09d164db697e32
[Calliope] Solving Calliope model: 5cfc7c09d164db697e32
[Calliope] Solution saved to: SoC_proxy_TSA/data/calliope_models/5cfc7c09d164db697e32.nc
 ------------------------------------------------------- 
 ----- K-Medoid, reps=45, SocDelta, W_proxy=0.25  -----
 -----      c9b49a9aae093cfb87a0      ----- 
 ------------------------------------------------------- 
[Model] Parameter json saved to SoC_proxy_TSA/data/parameters/c9b49a9aae093cfb87a0.json
[TSA] Extracting features dataframe for c9b49a9aae093cfb87a0
[SoC Proxy] Tuner: c*=0.783823 lost=0.000e+00 | margin=4.000% -> curtailment=0.752470
[SoC Proxy] curtailment forecast: 75.25%
[TSA]: Applying hierarchical clustering method, with medoidRepresentation representation.
[TSA] successfully applied. Results saved to SoC_proxy_TSA/data/cluster_maps/c9b49a9aae093cfb87a0.csv.
[TSA] cluster completed in 4.01
[Calliope] Validating and Configuring Calliope model: c9b49a9aae093cfb87a0
[Calliope] Building Calliope model: c9b49a9aae093cfb87a0
[Calliope] Solving Calliope model: c9b49a9aae093cfb87a0
[Calliope] Solution saved to: SoC_proxy_TSA/data/calliope_models/c9b49a9aae093cfb87a0.nc
[SoC Proxy] Tuner: c*=0.794460 lost=0.000e+00 | margin=4.000% -> curtailment=0.762681
[SoC Proxy] curtailment forecast: 76.27%
 ------------------------------------------------------- 
 ----- K-Medoid, reps=45, SocDelta, W_proxy=0.5  -----
 -----      39d8e6cd2a026747066c      ----- 
 ------------------------------------------------------- 
[Model] Parameter json saved to SoC_proxy_TSA/data/parameters/39d8e6cd2a026747066c.json
[TSA] Extracting features dataframe for 39d8e6cd2a026747066c
[SoC Proxy] Tuner: c*=0.783823 lost=0.000e+00 | margin=4.000% -> curtailment=0.752470
[SoC Proxy] curtailment forecast: 75.25%
[TSA]: Applying hierarchical clustering method, with medoidRepresentation representation.
[TSA] successfully applied. Results saved to SoC_proxy_TSA/data/cluster_maps/39d8e6cd2a026747066c.csv.
[TSA] cluster completed in 4.33
[Calliope] Validating and Configuring Calliope model: 39d8e6cd2a026747066c
[Calliope] Building Calliope model: 39d8e6cd2a026747066c
[Calliope] Solving Calliope model: 39d8e6cd2a026747066c
[Calliope] Solution saved to: SoC_proxy_TSA/data/calliope_models/39d8e6cd2a026747066c.nc
[SoC Proxy] Tuner: c*=0.791546 lost=0.000e+00 | margin=4.000% -> curtailment=0.759884
[SoC Proxy] curtailment forecast: 75.99%
 ------------------------------------------------------- 
 ----- K-Medoid, reps=45, SocDelta, W_proxy=0.75  -----
 -----      c401ee2f434f374dff09      ----- 
 ------------------------------------------------------- 
[Model] Parameter json saved to SoC_proxy_TSA/data/parameters/c401ee2f434f374dff09.json
[TSA] Extracting features dataframe for c401ee2f434f374dff09
[SoC Proxy] Tuner: c*=0.783823 lost=0.000e+00 | margin=4.000% -> curtailment=0.752470
[SoC Proxy] curtailment forecast: 75.25%
[TSA]: Applying hierarchical clustering method, with medoidRepresentation representation.
[TSA] successfully applied. Results saved to SoC_proxy_TSA/data/cluster_maps/c401ee2f434f374dff09.csv.
[TSA] cluster completed in 4.07
[Calliope] Validating and Configuring Calliope model: c401ee2f434f374dff09
[Calliope] Building Calliope model: c401ee2f434f374dff09
[Calliope] Solving Calliope model: c401ee2f434f374dff09
[Calliope] Solution saved to: SoC_proxy_TSA/data/calliope_models/c401ee2f434f374dff09.nc
[SoC Proxy] Tuner: c*=0.788406 lost=0.000e+00 | margin=4.000% -> curtailment=0.756869
[SoC Proxy] curtailment forecast: 75.69%
 ------------------------------------------------------- 
 ----- K-Medoid, reps=45, SocDelta, W_proxy=1  -----
 -----      49d6b16a788cc20d470e      ----- 
 ------------------------------------------------------- 
[Model] Parameter json saved to SoC_proxy_TSA/data/parameters/49d6b16a788cc20d470e.json
[TSA] Extracting features dataframe for 49d6b16a788cc20d470e
[SoC Proxy] Tuner: c*=0.783823 lost=0.000e+00 | margin=4.000% -> curtailment=0.752470
[SoC Proxy] curtailment forecast: 75.25%
[TSA]: Applying hierarchical clustering method, with medoidRepresentation representation.
weight of "solar" set to the minmal tolerable weighting
weight of "onshore_wind" set to the minmal tolerable weighting
weight of "offshore_wind" set to the minmal tolerable weighting
weight of "demand_power" set to the minmal tolerable weighting
[TSA] successfully applied. Results saved to SoC_proxy_TSA/data/cluster_maps/49d6b16a788cc20d470e.csv.
[TSA] cluster completed in 4.01
[Calliope] Validating and Configuring Calliope model: 49d6b16a788cc20d470e
[Calliope] Building Calliope model: 49d6b16a788cc20d470e
[Calliope] Solving Calliope model: 49d6b16a788cc20d470e
[Calliope] Solution saved to: SoC_proxy_TSA/data/calliope_models/49d6b16a788cc20d470e.nc
[SoC Proxy] Tuner: c*=0.779035 lost=0.000e+00 | margin=4.000% -> curtailment=0.747874
[SoC Proxy] curtailment forecast: 74.79%
 ------------------------------------------------------- 
  
[Dispatch] running scenario Sensitivity_W_reps60
   
 ------------------------------------------------------- 
 ------------------------------------------------------- 
 ----- K-Medoid, reps=60, W_proxy=0.0  -----
 -----      22516979fb4e7a6eb166      ----- 
 ------------------------------------------------------- 
[Model] Parameter json saved to SoC_proxy_TSA/data/parameters/22516979fb4e7a6eb166.json
[TSA] Extracting features dataframe for 22516979fb4e7a6eb166
[TSA]: Applying hierarchical clustering method, with medoidRepresentation representation.
[TSA] successfully applied. Results saved to SoC_proxy_TSA/data/cluster_maps/22516979fb4e7a6eb166.csv.
[TSA] cluster completed in 2.33
[Calliope] Validating and Configuring Calliope model: 22516979fb4e7a6eb166
[Calliope] Building Calliope model: 22516979fb4e7a6eb166
[Calliope] Solving Calliope model: 22516979fb4e7a6eb166
[Calliope] Solution saved to: SoC_proxy_TSA/data/calliope_models/22516979fb4e7a6eb166.nc
 ------------------------------------------------------- 
 ----- K-Medoid, reps=60, SocDelta, W_proxy=0.25  -----
 -----      2ffe878abe514892a750      ----- 
 ------------------------------------------------------- 
[Model] Parameter json saved to SoC_proxy_TSA/data/parameters/2ffe878abe514892a750.json
[TSA] Extracting features dataframe for 2ffe878abe514892a750
[SoC Proxy] Tuner: c*=0.783823 lost=0.000e+00 | margin=4.000% -> curtailment=0.752470
[SoC Proxy] curtailment forecast: 75.25%
[TSA]: Applying hierarchical clustering method, with medoidRepresentation representation.
[TSA] successfully applied. Results saved to SoC_proxy_TSA/data/cluster_maps/2ffe878abe514892a750.csv.
[TSA] cluster completed in 3.96
[Calliope] Validating and Configuring Calliope model: 2ffe878abe514892a750
[Calliope] Building Calliope model: 2ffe878abe514892a750
[Calliope] Solving Calliope model: 2ffe878abe514892a750
[Calliope] Solution saved to: SoC_proxy_TSA/data/calliope_models/2ffe878abe514892a750.nc
[SoC Proxy] Tuner: c*=0.795392 lost=0.000e+00 | margin=4.000% -> curtailment=0.763576
[SoC Proxy] curtailment forecast: 76.36%
 ------------------------------------------------------- 
 ----- K-Medoid, reps=60, SocDelta, W_proxy=0.5  -----
 -----      266422d716c70346d7a0      ----- 
 ------------------------------------------------------- 
[Model] Parameter json saved to SoC_proxy_TSA/data/parameters/266422d716c70346d7a0.json
[TSA] Extracting features dataframe for 266422d716c70346d7a0
[SoC Proxy] Tuner: c*=0.783823 lost=0.000e+00 | margin=4.000% -> curtailment=0.752470
[SoC Proxy] curtailment forecast: 75.25%
[TSA]: Applying hierarchical clustering method, with medoidRepresentation representation.
[TSA] successfully applied. Results saved to SoC_proxy_TSA/data/cluster_maps/266422d716c70346d7a0.csv.
[TSA] cluster completed in 4.11
[Calliope] Validating and Configuring Calliope model: 266422d716c70346d7a0
[Calliope] Building Calliope model: 266422d716c70346d7a0
[Calliope] Solving Calliope model: 266422d716c70346d7a0
[Calliope] Solution saved to: SoC_proxy_TSA/data/calliope_models/266422d716c70346d7a0.nc
[SoC Proxy] Tuner: c*=0.790245 lost=0.000e+00 | margin=4.000% -> curtailment=0.758635
[SoC Proxy] curtailment forecast: 75.86%
 ------------------------------------------------------- 
 ----- K-Medoid, reps=60, SocDelta, W_proxy=0.75  -----
 -----      7e7c59b9d5325abb9cdc      ----- 
 ------------------------------------------------------- 
[Model] Parameter json saved to SoC_proxy_TSA/data/parameters/7e7c59b9d5325abb9cdc.json
[TSA] Extracting features dataframe for 7e7c59b9d5325abb9cdc
[SoC Proxy] Tuner: c*=0.783823 lost=0.000e+00 | margin=4.000% -> curtailment=0.752470
[SoC Proxy] curtailment forecast: 75.25%
[TSA]: Applying hierarchical clustering method, with medoidRepresentation representation.
[TSA] successfully applied. Results saved to SoC_proxy_TSA/data/cluster_maps/7e7c59b9d5325abb9cdc.csv.
[TSA] cluster completed in 3.92
[Calliope] Validating and Configuring Calliope model: 7e7c59b9d5325abb9cdc
[Calliope] Building Calliope model: 7e7c59b9d5325abb9cdc
[Calliope] Solving Calliope model: 7e7c59b9d5325abb9cdc
[Calliope] Solution saved to: SoC_proxy_TSA/data/calliope_models/7e7c59b9d5325abb9cdc.nc
[SoC Proxy] Tuner: c*=0.786823 lost=0.000e+00 | margin=4.000% -> curtailment=0.755350
[SoC Proxy] curtailment forecast: 75.54%
 ------------------------------------------------------- 
 ----- K-Medoid, reps=60, SocDelta, W_proxy=1  -----
 -----      3bb321d597dbe33dcf17      ----- 
 ------------------------------------------------------- 
[Model] Parameter json saved to SoC_proxy_TSA/data/parameters/3bb321d597dbe33dcf17.json
> Model: SoC_proxy_TSA/data/calliope_models/3bb321d597dbe33dcf17.nc already exists. Reading file...
[SoC Proxy] Tuner: c*=0.774718 lost=0.000e+00 | margin=4.000% -> curtailment=0.743729
[SoC Proxy] curtailment forecast: 74.37%
 ------------------------------------------------------- 
  
[Dispatch] running scenario Sensitivity_W_reps45
   
 ------------------------------------------------------- 
 ------------------------------------------------------- 
 ----- K-Medoid, reps=45, W_proxy=0.0  -----
 -----      bc36f1db43c878d5dc7b      ----- 
 ------------------------------------------------------- 
[Model] Parameter json saved to SoC_proxy_TSA/data/parameters/bc36f1db43c878d5dc7b.json
[TSA] Extracting features dataframe for bc36f1db43c878d5dc7b
[TSA]: Applying hierarchical clustering method, with medoidRepresentation representation.
[TSA] successfully applied. Results saved to SoC_proxy_TSA/data/cluster_maps/bc36f1db43c878d5dc7b.csv.
[TSA] cluster completed in 2.50
[Calliope] Validating and Configuring Calliope model: bc36f1db43c878d5dc7b
[Calliope] Building Calliope model: bc36f1db43c878d5dc7b
[Calliope] Solving Calliope model: bc36f1db43c878d5dc7b
[Calliope] Solution saved to: SoC_proxy_TSA/data/calliope_models/bc36f1db43c878d5dc7b.nc
 ------------------------------------------------------- 
 ----- K-Medoid, reps=45, SocDelta, W_proxy=0.25  -----
 -----      2d27a0c052674f97cddd      ----- 
 ------------------------------------------------------- 
[Model] Parameter json saved to SoC_proxy_TSA/data/parameters/2d27a0c052674f97cddd.json
[TSA] Extracting features dataframe for 2d27a0c052674f97cddd
[SoC Proxy] Tuner: c*=0.780800 lost=0.000e+00 | margin=4.000% -> curtailment=0.749568
[SoC Proxy] curtailment forecast: 74.96%
[TSA]: Applying hierarchical clustering method, with medoidRepresentation representation.
[TSA] successfully applied. Results saved to SoC_proxy_TSA/data/cluster_maps/2d27a0c052674f97cddd.csv.
[TSA] cluster completed in 4.52
[Calliope] Validating and Configuring Calliope model: 2d27a0c052674f97cddd
[Calliope] Building Calliope model: 2d27a0c052674f97cddd
[Calliope] Solving Calliope model: 2d27a0c052674f97cddd
[Calliope] Solution saved to: SoC_proxy_TSA/data/calliope_models/2d27a0c052674f97cddd.nc
[SoC Proxy] Tuner: c*=0.789701 lost=0.000e+00 | margin=4.000% -> curtailment=0.758113
[SoC Proxy] curtailment forecast: 75.81%
 ------------------------------------------------------- 
 ----- K-Medoid, reps=45, SocDelta, W_proxy=0.5  -----
 -----      5ad0e28607342c51e39d      ----- 
 ------------------------------------------------------- 
[Model] Parameter json saved to SoC_proxy_TSA/data/parameters/5ad0e28607342c51e39d.json
[TSA] Extracting features dataframe for 5ad0e28607342c51e39d
[SoC Proxy] Tuner: c*=0.780800 lost=0.000e+00 | margin=4.000% -> curtailment=0.749568
[SoC Proxy] curtailment forecast: 74.96%
[TSA]: Applying hierarchical clustering method, with medoidRepresentation representation.
[TSA] successfully applied. Results saved to SoC_proxy_TSA/data/cluster_maps/5ad0e28607342c51e39d.csv.
[TSA] cluster completed in 4.05
[Calliope] Validating and Configuring Calliope model: 5ad0e28607342c51e39d
[Calliope] Building Calliope model: 5ad0e28607342c51e39d
[Calliope] Solving Calliope model: 5ad0e28607342c51e39d
[Calliope] Solution saved to: SoC_proxy_TSA/data/calliope_models/5ad0e28607342c51e39d.nc
[SoC Proxy] Tuner: c*=0.790763 lost=0.000e+00 | margin=4.000% -> curtailment=0.759132
[SoC Proxy] curtailment forecast: 75.91%
 ------------------------------------------------------- 
 ----- K-Medoid, reps=45, SocDelta, W_proxy=0.75  -----
 -----      b20af4b19d7f82184f82      ----- 
 ------------------------------------------------------- 
[Model] Parameter json saved to SoC_proxy_TSA/data/parameters/b20af4b19d7f82184f82.json
[TSA] Extracting features dataframe for b20af4b19d7f82184f82
[SoC Proxy] Tuner: c*=0.780800 lost=0.000e+00 | margin=4.000% -> curtailment=0.749568
[SoC Proxy] curtailment forecast: 74.96%
[TSA]: Applying hierarchical clustering method, with medoidRepresentation representation.
[TSA] successfully applied. Results saved to SoC_proxy_TSA/data/cluster_maps/b20af4b19d7f82184f82.csv.
[TSA] cluster completed in 3.94
[Calliope] Validating and Configuring Calliope model: b20af4b19d7f82184f82
[Calliope] Building Calliope model: b20af4b19d7f82184f82
[Calliope] Solving Calliope model: b20af4b19d7f82184f82
[Calliope] Solution saved to: SoC_proxy_TSA/data/calliope_models/b20af4b19d7f82184f82.nc
[SoC Proxy] Tuner: c*=0.787424 lost=0.000e+00 | margin=4.000% -> curtailment=0.755927
[SoC Proxy] curtailment forecast: 75.59%
 ------------------------------------------------------- 
 ----- K-Medoid, reps=45, SocDelta, W_proxy=1  -----
 -----      9ae7764058bd4f382d1f      ----- 
 ------------------------------------------------------- 
[Model] Parameter json saved to SoC_proxy_TSA/data/parameters/9ae7764058bd4f382d1f.json
[TSA] Extracting features dataframe for 9ae7764058bd4f382d1f
[SoC Proxy] Tuner: c*=0.780800 lost=0.000e+00 | margin=4.000% -> curtailment=0.749568
[SoC Proxy] curtailment forecast: 74.96%
[TSA]: Applying hierarchical clustering method, with medoidRepresentation representation.
weight of "solar" set to the minmal tolerable weighting
weight of "onshore_wind" set to the minmal tolerable weighting
weight of "offshore_wind" set to the minmal tolerable weighting
weight of "demand_power" set to the minmal tolerable weighting
[TSA] successfully applied. Results saved to SoC_proxy_TSA/data/cluster_maps/9ae7764058bd4f382d1f.csv.
[TSA] cluster completed in 4.28
[Calliope] Validating and Configuring Calliope model: 9ae7764058bd4f382d1f
[Calliope] Building Calliope model: 9ae7764058bd4f382d1f
[Calliope] Solving Calliope model: 9ae7764058bd4f382d1f
[Calliope] Solution saved to: SoC_proxy_TSA/data/calliope_models/9ae7764058bd4f382d1f.nc
[SoC Proxy] Tuner: c*=0.770836 lost=0.000e+00 | margin=4.000% -> curtailment=0.740002
[SoC Proxy] curtailment forecast: 74.00%
 ------------------------------------------------------- 
  
[Dispatch] running scenario Sensitivity_W_reps60
   
 ------------------------------------------------------- 
 ------------------------------------------------------- 
 ----- K-Medoid, reps=60, W_proxy=0.0  -----
 -----      74b0fa6b3c0dac256dd1      ----- 
 ------------------------------------------------------- 
[Model] Parameter json saved to SoC_proxy_TSA/data/parameters/74b0fa6b3c0dac256dd1.json
[TSA] Extracting features dataframe for 74b0fa6b3c0dac256dd1
[TSA]: Applying hierarchical clustering method, with medoidRepresentation representation.
[TSA] successfully applied. Results saved to SoC_proxy_TSA/data/cluster_maps/74b0fa6b3c0dac256dd1.csv.
[TSA] cluster completed in 2.47
[Calliope] Validating and Configuring Calliope model: 74b0fa6b3c0dac256dd1
[Calliope] Building Calliope model: 74b0fa6b3c0dac256dd1
[Calliope] Solving Calliope model: 74b0fa6b3c0dac256dd1
[Calliope] Solution saved to: SoC_proxy_TSA/data/calliope_models/74b0fa6b3c0dac256dd1.nc
 ------------------------------------------------------- 
 ----- K-Medoid, reps=60, SocDelta, W_proxy=0.25  -----
 -----      1646f3164a49ea090287      ----- 
 ------------------------------------------------------- 
[Model] Parameter json saved to SoC_proxy_TSA/data/parameters/1646f3164a49ea090287.json
[TSA] Extracting features dataframe for 1646f3164a49ea090287
[SoC Proxy] Tuner: c*=0.780800 lost=0.000e+00 | margin=4.000% -> curtailment=0.749568
[SoC Proxy] curtailment forecast: 74.96%
[TSA]: Applying hierarchical clustering method, with medoidRepresentation representation.
[TSA] successfully applied. Results saved to SoC_proxy_TSA/data/cluster_maps/1646f3164a49ea090287.csv.
[TSA] cluster completed in 3.79
[Calliope] Validating and Configuring Calliope model: 1646f3164a49ea090287
[Calliope] Building Calliope model: 1646f3164a49ea090287
[Calliope] Solving Calliope model: 1646f3164a49ea090287
[Calliope] Solution saved to: SoC_proxy_TSA/data/calliope_models/1646f3164a49ea090287.nc
[SoC Proxy] Tuner: c*=0.786351 lost=0.000e+00 | margin=4.000% -> curtailment=0.754897
[SoC Proxy] curtailment forecast: 75.49%
 ------------------------------------------------------- 
 ----- K-Medoid, reps=60, SocDelta, W_proxy=0.5  -----
 -----      4debfe14e9aa5bd1f1ee      ----- 
 ------------------------------------------------------- 
[Model] Parameter json saved to SoC_proxy_TSA/data/parameters/4debfe14e9aa5bd1f1ee.json
[TSA] Extracting features dataframe for 4debfe14e9aa5bd1f1ee
[SoC Proxy] Tuner: c*=0.780800 lost=0.000e+00 | margin=4.000% -> curtailment=0.749568
[SoC Proxy] curtailment forecast: 74.96%
[TSA]: Applying hierarchical clustering method, with medoidRepresentation representation.
[TSA] successfully applied. Results saved to SoC_proxy_TSA/data/cluster_maps/4debfe14e9aa5bd1f1ee.csv.
[TSA] cluster completed in 4.30
[Calliope] Validating and Configuring Calliope model: 4debfe14e9aa5bd1f1ee
[Calliope] Building Calliope model: 4debfe14e9aa5bd1f1ee
[Calliope] Solving Calliope model: 4debfe14e9aa5bd1f1ee
[Calliope] Solution saved to: SoC_proxy_TSA/data/calliope_models/4debfe14e9aa5bd1f1ee.nc
[SoC Proxy] Tuner: c*=0.790987 lost=0.000e+00 | margin=4.000% -> curtailment=0.759348
[SoC Proxy] curtailment forecast: 75.93%
 ------------------------------------------------------- 
 ----- K-Medoid, reps=60, SocDelta, W_proxy=0.75  -----
 -----      4eef115967138a2a0a96      ----- 
 ------------------------------------------------------- 
[Model] Parameter json saved to SoC_proxy_TSA/data/parameters/4eef115967138a2a0a96.json
[TSA] Extracting features dataframe for 4eef115967138a2a0a96
[SoC Proxy] Tuner: c*=0.780800 lost=0.000e+00 | margin=4.000% -> curtailment=0.749568
[SoC Proxy] curtailment forecast: 74.96%
[TSA]: Applying hierarchical clustering method, with medoidRepresentation representation.
[TSA] successfully applied. Results saved to SoC_proxy_TSA/data/cluster_maps/4eef115967138a2a0a96.csv.
[TSA] cluster completed in 4.00
[Calliope] Validating and Configuring Calliope model: 4eef115967138a2a0a96
[Calliope] Building Calliope model: 4eef115967138a2a0a96
[Calliope] Solving Calliope model: 4eef115967138a2a0a96
[Calliope] Solution saved to: SoC_proxy_TSA/data/calliope_models/4eef115967138a2a0a96.nc
[SoC Proxy] Tuner: c*=0.785995 lost=0.000e+00 | margin=4.000% -> curtailment=0.754555
[SoC Proxy] curtailment forecast: 75.46%
 ------------------------------------------------------- 
 ----- K-Medoid, reps=60, SocDelta, W_proxy=1  -----
 -----      dee74e764a6fddd07447      ----- 
 ------------------------------------------------------- 
[Model] Parameter json saved to SoC_proxy_TSA/data/parameters/dee74e764a6fddd07447.json
> Model: SoC_proxy_TSA/data/calliope_models/dee74e764a6fddd07447.nc already exists. Reading file...
[SoC Proxy] Tuner: c*=0.775929 lost=0.000e+00 | margin=4.000% -> curtailment=0.744892
[SoC Proxy] curtailment forecast: 74.49%
 ------------------------------------------------------- 
  
[Dispatch] running scenario Sensitivity_W_reps45
   
 ------------------------------------------------------- 
 ------------------------------------------------------- 
 ----- K-Medoid, reps=45, W_proxy=0.0  -----
 -----      f644531324b476a36887      ----- 
 ------------------------------------------------------- 
[Model] Parameter json saved to SoC_proxy_TSA/data/parameters/f644531324b476a36887.json
[TSA] Extracting features dataframe for f644531324b476a36887
[TSA]: Applying hierarchical clustering method, with medoidRepresentation representation.
[TSA] successfully applied. Results saved to SoC_proxy_TSA/data/cluster_maps/f644531324b476a36887.csv.
[TSA] cluster completed in 2.26
[Calliope] Validating and Configuring Calliope model: f644531324b476a36887
[Calliope] Building Calliope model: f644531324b476a36887
[Calliope] Solving Calliope model: f644531324b476a36887
[Calliope] Solution saved to: SoC_proxy_TSA/data/calliope_models/f644531324b476a36887.nc
 ------------------------------------------------------- 
 ----- K-Medoid, reps=45, SocDelta, W_proxy=0.25  -----
 -----      fd93bffc8b31a66c45fe      ----- 
 ------------------------------------------------------- 
[Model] Parameter json saved to SoC_proxy_TSA/data/parameters/fd93bffc8b31a66c45fe.json
[TSA] Extracting features dataframe for fd93bffc8b31a66c45fe
[SoC Proxy] Tuner: c*=0.777300 lost=0.000e+00 | margin=4.000% -> curtailment=0.746208
[SoC Proxy] curtailment forecast: 74.62%
[TSA]: Applying hierarchical clustering method, with medoidRepresentation representation.
[TSA] successfully applied. Results saved to SoC_proxy_TSA/data/cluster_maps/fd93bffc8b31a66c45fe.csv.
[TSA] cluster completed in 4.02
[Calliope] Validating and Configuring Calliope model: fd93bffc8b31a66c45fe
[Calliope] Building Calliope model: fd93bffc8b31a66c45fe
[Calliope] Solving Calliope model: fd93bffc8b31a66c45fe
[Calliope] Solution saved to: SoC_proxy_TSA/data/calliope_models/fd93bffc8b31a66c45fe.nc
[SoC Proxy] Tuner: c*=0.792034 lost=0.000e+00 | margin=4.000% -> curtailment=0.760353
[SoC Proxy] curtailment forecast: 76.04%
 ------------------------------------------------------- 
 ----- K-Medoid, reps=45, SocDelta, W_proxy=0.5  -----
 -----      287204ff3c5e814fb6a0      ----- 
 ------------------------------------------------------- 
[Model] Parameter json saved to SoC_proxy_TSA/data/parameters/287204ff3c5e814fb6a0.json
[TSA] Extracting features dataframe for 287204ff3c5e814fb6a0
[SoC Proxy] Tuner: c*=0.777300 lost=0.000e+00 | margin=4.000% -> curtailment=0.746208
[SoC Proxy] curtailment forecast: 74.62%
[TSA]: Applying hierarchical clustering method, with medoidRepresentation representation.
[TSA] successfully applied. Results saved to SoC_proxy_TSA/data/cluster_maps/287204ff3c5e814fb6a0.csv.
[TSA] cluster completed in 4.56
[Calliope] Validating and Configuring Calliope model: 287204ff3c5e814fb6a0
[Calliope] Building Calliope model: 287204ff3c5e814fb6a0
[Calliope] Solving Calliope model: 287204ff3c5e814fb6a0
[Calliope] Solution saved to: SoC_proxy_TSA/data/calliope_models/287204ff3c5e814fb6a0.nc
[SoC Proxy] Tuner: c*=0.789940 lost=0.000e+00 | margin=4.000% -> curtailment=0.758342
[SoC Proxy] curtailment forecast: 75.83%
 ------------------------------------------------------- 
 ----- K-Medoid, reps=45, SocDelta, W_proxy=0.75  -----
 -----      2f65f29b6fcf9bed74bf      ----- 
 ------------------------------------------------------- 
[Model] Parameter json saved to SoC_proxy_TSA/data/parameters/2f65f29b6fcf9bed74bf.json
[TSA] Extracting features dataframe for 2f65f29b6fcf9bed74bf
[SoC Proxy] Tuner: c*=0.777300 lost=0.000e+00 | margin=4.000% -> curtailment=0.746208
[SoC Proxy] curtailment forecast: 74.62%
[TSA]: Applying hierarchical clustering method, with medoidRepresentation representation.
[TSA] successfully applied. Results saved to SoC_proxy_TSA/data/cluster_maps/2f65f29b6fcf9bed74bf.csv.
[TSA] cluster completed in 4.96
[Calliope] Validating and Configuring Calliope model: 2f65f29b6fcf9bed74bf
[Calliope] Building Calliope model: 2f65f29b6fcf9bed74bf
[Calliope] Solving Calliope model: 2f65f29b6fcf9bed74bf
[Calliope] Solution saved to: SoC_proxy_TSA/data/calliope_models/2f65f29b6fcf9bed74bf.nc
[SoC Proxy] Tuner: c*=0.783109 lost=0.000e+00 | margin=4.000% -> curtailment=0.751785
[SoC Proxy] curtailment forecast: 75.18%
 ------------------------------------------------------- 
 ----- K-Medoid, reps=45, SocDelta, W_proxy=1  -----
 -----      4ccccad3a320a8f4fc58      ----- 
 ------------------------------------------------------- 
[Model] Parameter json saved to SoC_proxy_TSA/data/parameters/4ccccad3a320a8f4fc58.json
[TSA] Extracting features dataframe for 4ccccad3a320a8f4fc58
[SoC Proxy] Tuner: c*=0.777300 lost=0.000e+00 | margin=4.000% -> curtailment=0.746208
[SoC Proxy] curtailment forecast: 74.62%
[TSA]: Applying hierarchical clustering method, with medoidRepresentation representation.
weight of "solar" set to the minmal tolerable weighting
weight of "onshore_wind" set to the minmal tolerable weighting
weight of "offshore_wind" set to the minmal tolerable weighting
weight of "demand_power" set to the minmal tolerable weighting
[TSA] successfully applied. Results saved to SoC_proxy_TSA/data/cluster_maps/4ccccad3a320a8f4fc58.csv.
[TSA] cluster completed in 4.58
[Calliope] Validating and Configuring Calliope model: 4ccccad3a320a8f4fc58
[Calliope] Building Calliope model: 4ccccad3a320a8f4fc58
[Calliope] Solving Calliope model: 4ccccad3a320a8f4fc58
[Calliope] Solution saved to: SoC_proxy_TSA/data/calliope_models/4ccccad3a320a8f4fc58.nc
[SoC Proxy] Tuner: c*=0.785185 lost=0.000e+00 | margin=4.000% -> curtailment=0.753778
[SoC Proxy] curtailment forecast: 75.38%
 ------------------------------------------------------- 
  
[Dispatch] running scenario Sensitivity_W_reps60
   
 ------------------------------------------------------- 
 ------------------------------------------------------- 
 ----- K-Medoid, reps=60, W_proxy=0.0  -----
 -----      f75603845202d09f1528      ----- 
 ------------------------------------------------------- 
[Model] Parameter json saved to SoC_proxy_TSA/data/parameters/f75603845202d09f1528.json
[TSA] Extracting features dataframe for f75603845202d09f1528
[TSA]: Applying hierarchical clustering method, with medoidRepresentation representation.
[TSA] successfully applied. Results saved to SoC_proxy_TSA/data/cluster_maps/f75603845202d09f1528.csv.
[TSA] cluster completed in 2.49
[Calliope] Validating and Configuring Calliope model: f75603845202d09f1528
[Calliope] Building Calliope model: f75603845202d09f1528
[Calliope] Solving Calliope model: f75603845202d09f1528
[Calliope] Solution saved to: SoC_proxy_TSA/data/calliope_models/f75603845202d09f1528.nc
 ------------------------------------------------------- 
 ----- K-Medoid, reps=60, SocDelta, W_proxy=0.25  -----
 -----      3f7f286377cfcf92478d      ----- 
 ------------------------------------------------------- 
[Model] Parameter json saved to SoC_proxy_TSA/data/parameters/3f7f286377cfcf92478d.json
[TSA] Extracting features dataframe for 3f7f286377cfcf92478d
[SoC Proxy] Tuner: c*=0.777300 lost=0.000e+00 | margin=4.000% -> curtailment=0.746208
[SoC Proxy] curtailment forecast: 74.62%
[TSA]: Applying hierarchical clustering method, with medoidRepresentation representation.
[TSA] successfully applied. Results saved to SoC_proxy_TSA/data/cluster_maps/3f7f286377cfcf92478d.csv.
[TSA] cluster completed in 3.80
[Calliope] Validating and Configuring Calliope model: 3f7f286377cfcf92478d
[Calliope] Building Calliope model: 3f7f286377cfcf92478d
[Calliope] Solving Calliope model: 3f7f286377cfcf92478d
[Calliope] Solution saved to: SoC_proxy_TSA/data/calliope_models/3f7f286377cfcf92478d.nc
[SoC Proxy] Tuner: c*=0.786650 lost=0.000e+00 | margin=4.000% -> curtailment=0.755184
[SoC Proxy] curtailment forecast: 75.52%
 ------------------------------------------------------- 
 ----- K-Medoid, reps=60, SocDelta, W_proxy=0.5  -----
 -----      c962fc238b249d38ebb9      ----- 
 ------------------------------------------------------- 
[Model] Parameter json saved to SoC_proxy_TSA/data/parameters/c962fc238b249d38ebb9.json
[TSA] Extracting features dataframe for c962fc238b249d38ebb9
[SoC Proxy] Tuner: c*=0.777300 lost=0.000e+00 | margin=4.000% -> curtailment=0.746208
[SoC Proxy] curtailment forecast: 74.62%
[TSA]: Applying hierarchical clustering method, with medoidRepresentation representation.
[TSA] successfully applied. Results saved to SoC_proxy_TSA/data/cluster_maps/c962fc238b249d38ebb9.csv.
[TSA] cluster completed in 4.40
[Calliope] Validating and Configuring Calliope model: c962fc238b249d38ebb9
[Calliope] Building Calliope model: c962fc238b249d38ebb9
[Calliope] Solving Calliope model: c962fc238b249d38ebb9
[Calliope] Solution saved to: SoC_proxy_TSA/data/calliope_models/c962fc238b249d38ebb9.nc
[SoC Proxy] Tuner: c*=0.787310 lost=0.000e+00 | margin=4.000% -> curtailment=0.755818
[SoC Proxy] curtailment forecast: 75.58%
 ------------------------------------------------------- 
 ----- K-Medoid, reps=60, SocDelta, W_proxy=0.75  -----
 -----      43480e2fc1bae624091f      ----- 
 ------------------------------------------------------- 
[Model] Parameter json saved to SoC_proxy_TSA/data/parameters/43480e2fc1bae624091f.json
[TSA] Extracting features dataframe for 43480e2fc1bae624091f
[SoC Proxy] Tuner: c*=0.777300 lost=0.000e+00 | margin=4.000% -> curtailment=0.746208
[SoC Proxy] curtailment forecast: 74.62%
[TSA]: Applying hierarchical clustering method, with medoidRepresentation representation.
[TSA] successfully applied. Results saved to SoC_proxy_TSA/data/cluster_maps/43480e2fc1bae624091f.csv.
[TSA] cluster completed in 4.19
[Calliope] Validating and Configuring Calliope model: 43480e2fc1bae624091f
[Calliope] Building Calliope model: 43480e2fc1bae624091f
[Calliope] Solving Calliope model: 43480e2fc1bae624091f
[Calliope] Solution saved to: SoC_proxy_TSA/data/calliope_models/43480e2fc1bae624091f.nc
[SoC Proxy] Tuner: c*=0.787122 lost=0.000e+00 | margin=4.000% -> curtailment=0.755637
[SoC Proxy] curtailment forecast: 75.56%
 ------------------------------------------------------- 
 ----- K-Medoid, reps=60, SocDelta, W_proxy=1  -----
 -----      534a1c7f5eea1456dceb      ----- 
 ------------------------------------------------------- 
[Model] Parameter json saved to SoC_proxy_TSA/data/parameters/534a1c7f5eea1456dceb.json
> Model: SoC_proxy_TSA/data/calliope_models/534a1c7f5eea1456dceb.nc already exists. Reading file...
[SoC Proxy] Tuner: c*=0.776865 lost=0.000e+00 | margin=4.000% -> curtailment=0.745790
[SoC Proxy] curtailment forecast: 74.58%
 ------------------------------------------------------- 
  
[Dispatch] running scenario Sensitivity_W_reps45
   
 ------------------------------------------------------- 
 ------------------------------------------------------- 
 ----- K-Medoid, reps=45, W_proxy=0.0  -----
 -----      1bc452c17a325072ba17      ----- 
 ------------------------------------------------------- 
[Model] Parameter json saved to SoC_proxy_TSA/data/parameters/1bc452c17a325072ba17.json
[TSA] Extracting features dataframe for 1bc452c17a325072ba17
[TSA]: Applying hierarchical clustering method, with medoidRepresentation representation.
[TSA] successfully applied. Results saved to SoC_proxy_TSA/data/cluster_maps/1bc452c17a325072ba17.csv.
[TSA] cluster completed in 2.67
[Calliope] Validating and Configuring Calliope model: 1bc452c17a325072ba17
[Calliope] Building Calliope model: 1bc452c17a325072ba17
[Calliope] Solving Calliope model: 1bc452c17a325072ba17
[Calliope] Solution saved to: SoC_proxy_TSA/data/calliope_models/1bc452c17a325072ba17.nc
 ------------------------------------------------------- 
 ----- K-Medoid, reps=45, SocDelta, W_proxy=0.25  -----
 -----      267cde6fd69362dcc2c6      ----- 
 ------------------------------------------------------- 
[Model] Parameter json saved to SoC_proxy_TSA/data/parameters/267cde6fd69362dcc2c6.json
[TSA] Extracting features dataframe for 267cde6fd69362dcc2c6
[SoC Proxy] Tuner: c*=0.773118 lost=0.000e+00 | margin=4.000% -> curtailment=0.742193
[SoC Proxy] curtailment forecast: 74.22%
[TSA]: Applying hierarchical clustering method, with medoidRepresentation representation.
[TSA] successfully applied. Results saved to SoC_proxy_TSA/data/cluster_maps/267cde6fd69362dcc2c6.csv.
[TSA] cluster completed in 4.33
[Calliope] Validating and Configuring Calliope model: 267cde6fd69362dcc2c6
[Calliope] Building Calliope model: 267cde6fd69362dcc2c6
[Calliope] Solving Calliope model: 267cde6fd69362dcc2c6
[Calliope] Solution saved to: SoC_proxy_TSA/data/calliope_models/267cde6fd69362dcc2c6.nc
[SoC Proxy] Tuner: c*=0.781227 lost=0.000e+00 | margin=4.000% -> curtailment=0.749978
[SoC Proxy] curtailment forecast: 75.00%
 ------------------------------------------------------- 
 ----- K-Medoid, reps=45, SocDelta, W_proxy=0.5  -----
 -----      3276973c58ac9d2d0b01      ----- 
 ------------------------------------------------------- 
[Model] Parameter json saved to SoC_proxy_TSA/data/parameters/3276973c58ac9d2d0b01.json
[TSA] Extracting features dataframe for 3276973c58ac9d2d0b01
[SoC Proxy] Tuner: c*=0.773118 lost=0.000e+00 | margin=4.000% -> curtailment=0.742193
[SoC Proxy] curtailment forecast: 74.22%
[TSA]: Applying hierarchical clustering method, with medoidRepresentation representation.
[TSA] successfully applied. Results saved to SoC_proxy_TSA/data/cluster_maps/3276973c58ac9d2d0b01.csv.
[TSA] cluster completed in 4.84
[Calliope] Validating and Configuring Calliope model: 3276973c58ac9d2d0b01
[Calliope] Building Calliope model: 3276973c58ac9d2d0b01
[Calliope] Solving Calliope model: 3276973c58ac9d2d0b01
[Calliope] Solution saved to: SoC_proxy_TSA/data/calliope_models/3276973c58ac9d2d0b01.nc
[SoC Proxy] Tuner: c*=0.783936 lost=0.000e+00 | margin=4.000% -> curtailment=0.752578
[SoC Proxy] curtailment forecast: 75.26%
 ------------------------------------------------------- 
 ----- K-Medoid, reps=45, SocDelta, W_proxy=0.75  -----
 -----      7e8ed2db123daa1bb908      ----- 
 ------------------------------------------------------- 
[Model] Parameter json saved to SoC_proxy_TSA/data/parameters/7e8ed2db123daa1bb908.json
[TSA] Extracting features dataframe for 7e8ed2db123daa1bb908
[SoC Proxy] Tuner: c*=0.773118 lost=0.000e+00 | margin=4.000% -> curtailment=0.742193
[SoC Proxy] curtailment forecast: 74.22%
[TSA]: Applying hierarchical clustering method, with medoidRepresentation representation.
[TSA] successfully applied. Results saved to SoC_proxy_TSA/data/cluster_maps/7e8ed2db123daa1bb908.csv.
[TSA] cluster completed in 4.22
[Calliope] Validating and Configuring Calliope model: 7e8ed2db123daa1bb908
[Calliope] Building Calliope model: 7e8ed2db123daa1bb908
[Calliope] Solving Calliope model: 7e8ed2db123daa1bb908
[Calliope] Solution saved to: SoC_proxy_TSA/data/calliope_models/7e8ed2db123daa1bb908.nc
[SoC Proxy] Tuner: c*=0.780583 lost=0.000e+00 | margin=4.000% -> curtailment=0.749359
[SoC Proxy] curtailment forecast: 74.94%
 ------------------------------------------------------- 
 ----- K-Medoid, reps=45, SocDelta, W_proxy=1  -----
 -----      a2c5fcfb1819c5911d86      ----- 
 ------------------------------------------------------- 
[Model] Parameter json saved to SoC_proxy_TSA/data/parameters/a2c5fcfb1819c5911d86.json
[TSA] Extracting features dataframe for a2c5fcfb1819c5911d86
[SoC Proxy] Tuner: c*=0.773118 lost=0.000e+00 | margin=4.000% -> curtailment=0.742193
[SoC Proxy] curtailment forecast: 74.22%
[TSA]: Applying hierarchical clustering method, with medoidRepresentation representation.
weight of "solar" set to the minmal tolerable weighting
weight of "onshore_wind" set to the minmal tolerable weighting
weight of "offshore_wind" set to the minmal tolerable weighting
weight of "demand_power" set to the minmal tolerable weighting
[TSA] successfully applied. Results saved to SoC_proxy_TSA/data/cluster_maps/a2c5fcfb1819c5911d86.csv.
[TSA] cluster completed in 3.84
[Calliope] Validating and Configuring Calliope model: a2c5fcfb1819c5911d86
[Calliope] Building Calliope model: a2c5fcfb1819c5911d86
[Calliope] Solving Calliope model: a2c5fcfb1819c5911d86
[Calliope] Solution saved to: SoC_proxy_TSA/data/calliope_models/a2c5fcfb1819c5911d86.nc
[SoC Proxy] Tuner: c*=0.782604 lost=0.000e+00 | margin=4.000% -> curtailment=0.751300
[SoC Proxy] curtailment forecast: 75.13%
 ------------------------------------------------------- 
  
[Dispatch] running scenario Sensitivity_W_reps60
   
 ------------------------------------------------------- 
 ------------------------------------------------------- 
 ----- K-Medoid, reps=60, W_proxy=0.0  -----
 -----      59e5ac5ab7a04fbfd29f      ----- 
 ------------------------------------------------------- 
[Model] Parameter json saved to SoC_proxy_TSA/data/parameters/59e5ac5ab7a04fbfd29f.json
[TSA] Extracting features dataframe for 59e5ac5ab7a04fbfd29f
[TSA]: Applying hierarchical clustering method, with medoidRepresentation representation.
[TSA] successfully applied. Results saved to SoC_proxy_TSA/data/cluster_maps/59e5ac5ab7a04fbfd29f.csv.
[TSA] cluster completed in 2.67
[Calliope] Validating and Configuring Calliope model: 59e5ac5ab7a04fbfd29f
[Calliope] Building Calliope model: 59e5ac5ab7a04fbfd29f
[Calliope] Solving Calliope model: 59e5ac5ab7a04fbfd29f
[Calliope] Solution saved to: SoC_proxy_TSA/data/calliope_models/59e5ac5ab7a04fbfd29f.nc
 ------------------------------------------------------- 
 ----- K-Medoid, reps=60, SocDelta, W_proxy=0.25  -----
 -----      9255a0c9bd296a333b1f      ----- 
 ------------------------------------------------------- 
[Model] Parameter json saved to SoC_proxy_TSA/data/parameters/9255a0c9bd296a333b1f.json
[TSA] Extracting features dataframe for 9255a0c9bd296a333b1f
[SoC Proxy] Tuner: c*=0.773118 lost=0.000e+00 | margin=4.000% -> curtailment=0.742193
[SoC Proxy] curtailment forecast: 74.22%
[TSA]: Applying hierarchical clustering method, with medoidRepresentation representation.
[TSA] successfully applied. Results saved to SoC_proxy_TSA/data/cluster_maps/9255a0c9bd296a333b1f.csv.
[TSA] cluster completed in 4.36
[Calliope] Validating and Configuring Calliope model: 9255a0c9bd296a333b1f
[Calliope] Building Calliope model: 9255a0c9bd296a333b1f
[Calliope] Solving Calliope model: 9255a0c9bd296a333b1f
[Calliope] Solution saved to: SoC_proxy_TSA/data/calliope_models/9255a0c9bd296a333b1f.nc
[SoC Proxy] Tuner: c*=0.780136 lost=0.000e+00 | margin=4.000% -> curtailment=0.748931
[SoC Proxy] curtailment forecast: 74.89%
 ------------------------------------------------------- 
 ----- K-Medoid, reps=60, SocDelta, W_proxy=0.5  -----
 -----      77d5d295644398b61c96      ----- 
 ------------------------------------------------------- 
[Model] Parameter json saved to SoC_proxy_TSA/data/parameters/77d5d295644398b61c96.json
[TSA] Extracting features dataframe for 77d5d295644398b61c96
[SoC Proxy] Tuner: c*=0.773118 lost=0.000e+00 | margin=4.000% -> curtailment=0.742193
[SoC Proxy] curtailment forecast: 74.22%
[TSA]: Applying hierarchical clustering method, with medoidRepresentation representation.
[TSA] successfully applied. Results saved to SoC_proxy_TSA/data/cluster_maps/77d5d295644398b61c96.csv.
[TSA] cluster completed in 4.27
[Calliope] Validating and Configuring Calliope model: 77d5d295644398b61c96
[Calliope] Building Calliope model: 77d5d295644398b61c96
[Calliope] Solving Calliope model: 77d5d295644398b61c96
[Calliope] Solution saved to: SoC_proxy_TSA/data/calliope_models/77d5d295644398b61c96.nc
[SoC Proxy] Tuner: c*=0.782051 lost=0.000e+00 | margin=4.000% -> curtailment=0.750769
[SoC Proxy] curtailment forecast: 75.08%
 ------------------------------------------------------- 
 ----- K-Medoid, reps=60, SocDelta, W_proxy=0.75  -----
 -----      506afe48b3601907206f      ----- 
 ------------------------------------------------------- 
[Model] Parameter json saved to SoC_proxy_TSA/data/parameters/506afe48b3601907206f.json
[TSA] Extracting features dataframe for 506afe48b3601907206f
[SoC Proxy] Tuner: c*=0.773118 lost=0.000e+00 | margin=4.000% -> curtailment=0.742193
[SoC Proxy] curtailment forecast: 74.22%
[TSA]: Applying hierarchical clustering method, with medoidRepresentation representation.
[TSA] successfully applied. Results saved to SoC_proxy_TSA/data/cluster_maps/506afe48b3601907206f.csv.
[TSA] cluster completed in 4.31
[Calliope] Validating and Configuring Calliope model: 506afe48b3601907206f
[Calliope] Building Calliope model: 506afe48b3601907206f
[Calliope] Solving Calliope model: 506afe48b3601907206f
[Calliope] Solution saved to: SoC_proxy_TSA/data/calliope_models/506afe48b3601907206f.nc
[SoC Proxy] Tuner: c*=0.776120 lost=0.000e+00 | margin=4.000% -> curtailment=0.745075
[SoC Proxy] curtailment forecast: 74.51%
 ------------------------------------------------------- 
 ----- K-Medoid, reps=60, SocDelta, W_proxy=1  -----
 -----      c6092fffa42fece66cc0      ----- 
 ------------------------------------------------------- 
[Model] Parameter json saved to SoC_proxy_TSA/data/parameters/c6092fffa42fece66cc0.json
> Model: SoC_proxy_TSA/data/calliope_models/c6092fffa42fece66cc0.nc already exists. Reading file...
[SoC Proxy] Tuner: c*=0.774630 lost=0.000e+00 | margin=4.000% -> curtailment=0.743645
[SoC Proxy] curtailment forecast: 74.36%
