Running on host: cmp134
 ------------------------------------------------------- 
[Dispatch] Scenarios include...
['Sensitivity_W_reps45', 'Sensitivity_W_reps60', 'Sensitivity_W_reps90']
 ------------------------------------------------------- 
 ------------------------------------------------------- 
  
[Dispatch] running scenario Sensitivity_W_reps45
   
 ------------------------------------------------------- 
 ------------------------------------------------------- 
 ----- K-Medoid, reps=45, W_proxy=0.0  -----
 -----      f52ddfb2af2eda7c26d7      ----- 
 ------------------------------------------------------- 
[Model] Parameter json saved to SoC_proxy_TSA/data/parameters/f52ddfb2af2eda7c26d7.json
[TSA] Extracting features dataframe for f52ddfb2af2eda7c26d7
[TSA]: Applying hierarchical clustering method, with medoidRepresentation representation.
[TSA] successfully applied. Results saved to SoC_proxy_TSA/data/cluster_maps/f52ddfb2af2eda7c26d7.csv.
[TSA] cluster completed in 4.93
[Calliope] Validating and Configuring Calliope model: f52ddfb2af2eda7c26d7
[Calliope] Building Calliope model: f52ddfb2af2eda7c26d7
[Calliope] Solving Calliope model: f52ddfb2af2eda7c26d7
[Calliope] Solution saved to: SoC_proxy_TSA/data/calliope_models/f52ddfb2af2eda7c26d7.nc
 ------------------------------------------------------- 
 ----- K-Medoid, reps=45, SocDelta, W_proxy=0.25  -----
 -----      9eef71c77e5df26427f3      ----- 
 ------------------------------------------------------- 
[Model] Parameter json saved to SoC_proxy_TSA/data/parameters/9eef71c77e5df26427f3.json
[TSA] Extracting features dataframe for 9eef71c77e5df26427f3
[SoC Proxy] Tuner: c*=0.745409 lost=0.000e+00 | margin=4.000% -> curtailment=0.715592
[SoC Proxy] curtailment forecast: 71.56%
[TSA]: Applying hierarchical clustering method, with medoidRepresentation representation.
[TSA] successfully applied. Results saved to SoC_proxy_TSA/data/cluster_maps/9eef71c77e5df26427f3.csv.
[TSA] cluster completed in 1.92
[Calliope] Validating and Configuring Calliope model: 9eef71c77e5df26427f3
[Calliope] Building Calliope model: 9eef71c77e5df26427f3
[Calliope] Solving Calliope model: 9eef71c77e5df26427f3
[Calliope] Solution saved to: SoC_proxy_TSA/data/calliope_models/9eef71c77e5df26427f3.nc
[SoC Proxy] Tuner: c*=0.754456 lost=0.000e+00 | margin=4.000% -> curtailment=0.724278
[SoC Proxy] curtailment forecast: 72.43%
 ------------------------------------------------------- 
 ----- K-Medoid, reps=45, SocDelta, W_proxy=0.5  -----
 -----      b2c095abea702b1dcd37      ----- 
 ------------------------------------------------------- 
[Model] Parameter json saved to SoC_proxy_TSA/data/parameters/b2c095abea702b1dcd37.json
[TSA] Extracting features dataframe for b2c095abea702b1dcd37
[SoC Proxy] Tuner: c*=0.745409 lost=0.000e+00 | margin=4.000% -> curtailment=0.715592
[SoC Proxy] curtailment forecast: 71.56%
[TSA]: Applying hierarchical clustering method, with medoidRepresentation representation.
[TSA] successfully applied. Results saved to SoC_proxy_TSA/data/cluster_maps/b2c095abea702b1dcd37.csv.
[TSA] cluster completed in 1.93
[Calliope] Validating and Configuring Calliope model: b2c095abea702b1dcd37
[Calliope] Building Calliope model: b2c095abea702b1dcd37
[Calliope] Solving Calliope model: b2c095abea702b1dcd37
[Calliope] Solution saved to: SoC_proxy_TSA/data/calliope_models/b2c095abea702b1dcd37.nc
[SoC Proxy] Tuner: c*=0.758458 lost=0.000e+00 | margin=4.000% -> curtailment=0.728120
[SoC Proxy] curtailment forecast: 72.81%
 ------------------------------------------------------- 
 ----- K-Medoid, reps=45, SocDelta, W_proxy=0.75  -----
 -----      12f1948ae87bad1049da      ----- 
 ------------------------------------------------------- 
[Model] Parameter json saved to SoC_proxy_TSA/data/parameters/12f1948ae87bad1049da.json
[TSA] Extracting features dataframe for 12f1948ae87bad1049da
[SoC Proxy] Tuner: c*=0.745409 lost=0.000e+00 | margin=4.000% -> curtailment=0.715592
[SoC Proxy] curtailment forecast: 71.56%
[TSA]: Applying hierarchical clustering method, with medoidRepresentation representation.
[TSA] successfully applied. Results saved to SoC_proxy_TSA/data/cluster_maps/12f1948ae87bad1049da.csv.
[TSA] cluster completed in 1.98
[Calliope] Validating and Configuring Calliope model: 12f1948ae87bad1049da
[Calliope] Building Calliope model: 12f1948ae87bad1049da
[Calliope] Solving Calliope model: 12f1948ae87bad1049da
[Calliope] Solution saved to: SoC_proxy_TSA/data/calliope_models/12f1948ae87bad1049da.nc
[SoC Proxy] Tuner: c*=0.761327 lost=0.000e+00 | margin=4.000% -> curtailment=0.730874
[SoC Proxy] curtailment forecast: 73.09%
 ------------------------------------------------------- 
 ----- K-Medoid, reps=45, SocDelta, W_proxy=1  -----
 -----      fc4c1dcf8b9cf9bd0080      ----- 
 ------------------------------------------------------- 
[Model] Parameter json saved to SoC_proxy_TSA/data/parameters/fc4c1dcf8b9cf9bd0080.json
[TSA] Extracting features dataframe for fc4c1dcf8b9cf9bd0080
[SoC Proxy] Tuner: c*=0.745409 lost=0.000e+00 | margin=4.000% -> curtailment=0.715592
[SoC Proxy] curtailment forecast: 71.56%
[TSA]: Applying hierarchical clustering method, with medoidRepresentation representation.
weight of "solar" set to the minmal tolerable weighting
weight of "onshore_wind" set to the minmal tolerable weighting
weight of "offshore_wind" set to the minmal tolerable weighting
weight of "demand_power" set to the minmal tolerable weighting
[TSA] successfully applied. Results saved to SoC_proxy_TSA/data/cluster_maps/fc4c1dcf8b9cf9bd0080.csv.
[TSA] cluster completed in 1.97
[Calliope] Validating and Configuring Calliope model: fc4c1dcf8b9cf9bd0080
[Calliope] Building Calliope model: fc4c1dcf8b9cf9bd0080
[Calliope] Solving Calliope model: fc4c1dcf8b9cf9bd0080
[Calliope] Solution saved to: SoC_proxy_TSA/data/calliope_models/fc4c1dcf8b9cf9bd0080.nc
[SoC Proxy] Tuner: c*=0.759389 lost=0.000e+00 | margin=4.000% -> curtailment=0.729013
[SoC Proxy] curtailment forecast: 72.90%
 ------------------------------------------------------- 
  
[Dispatch] running scenario Sensitivity_W_reps60
   
 ------------------------------------------------------- 
 ------------------------------------------------------- 
 ----- K-Medoid, reps=60, W_proxy=0.0  -----
 -----      ed5fbe3928045634db6d      ----- 
 ------------------------------------------------------- 
[Model] Parameter json saved to SoC_proxy_TSA/data/parameters/ed5fbe3928045634db6d.json
[TSA] Extracting features dataframe for ed5fbe3928045634db6d
[TSA]: Applying hierarchical clustering method, with medoidRepresentation representation.
[TSA] successfully applied. Results saved to SoC_proxy_TSA/data/cluster_maps/ed5fbe3928045634db6d.csv.
[TSA] cluster completed in 1.16
[Calliope] Validating and Configuring Calliope model: ed5fbe3928045634db6d
[Calliope] Building Calliope model: ed5fbe3928045634db6d
[Calliope] Solving Calliope model: ed5fbe3928045634db6d
[Calliope] Solution saved to: SoC_proxy_TSA/data/calliope_models/ed5fbe3928045634db6d.nc
 ------------------------------------------------------- 
 ----- K-Medoid, reps=60, SocDelta, W_proxy=0.25  -----
 -----      c6d791a88338ce9568ad      ----- 
 ------------------------------------------------------- 
[Model] Parameter json saved to SoC_proxy_TSA/data/parameters/c6d791a88338ce9568ad.json
[TSA] Extracting features dataframe for c6d791a88338ce9568ad
[SoC Proxy] Tuner: c*=0.745409 lost=0.000e+00 | margin=4.000% -> curtailment=0.715592
[SoC Proxy] curtailment forecast: 71.56%
[TSA]: Applying hierarchical clustering method, with medoidRepresentation representation.
[TSA] successfully applied. Results saved to SoC_proxy_TSA/data/cluster_maps/c6d791a88338ce9568ad.csv.
[TSA] cluster completed in 1.92
[Calliope] Validating and Configuring Calliope model: c6d791a88338ce9568ad
[Calliope] Building Calliope model: c6d791a88338ce9568ad
[Calliope] Solving Calliope model: c6d791a88338ce9568ad
[Calliope] Solution saved to: SoC_proxy_TSA/data/calliope_models/c6d791a88338ce9568ad.nc
[SoC Proxy] Tuner: c*=0.754542 lost=0.000e+00 | margin=4.000% -> curtailment=0.724360
[SoC Proxy] curtailment forecast: 72.44%
 ------------------------------------------------------- 
 ----- K-Medoid, reps=60, SocDelta, W_proxy=0.5  -----
 -----      56aaba64f9985665b821      ----- 
 ------------------------------------------------------- 
[Model] Parameter json saved to SoC_proxy_TSA/data/parameters/56aaba64f9985665b821.json
[TSA] Extracting features dataframe for 56aaba64f9985665b821
[SoC Proxy] Tuner: c*=0.745409 lost=0.000e+00 | margin=4.000% -> curtailment=0.715592
[SoC Proxy] curtailment forecast: 71.56%
[TSA]: Applying hierarchical clustering method, with medoidRepresentation representation.
[TSA] successfully applied. Results saved to SoC_proxy_TSA/data/cluster_maps/56aaba64f9985665b821.csv.
[TSA] cluster completed in 2.29
[Calliope] Validating and Configuring Calliope model: 56aaba64f9985665b821
[Calliope] Building Calliope model: 56aaba64f9985665b821
[Calliope] Solving Calliope model: 56aaba64f9985665b821
[Calliope] Solution saved to: SoC_proxy_TSA/data/calliope_models/56aaba64f9985665b821.nc
[SoC Proxy] Tuner: c*=0.757156 lost=0.000e+00 | margin=4.000% -> curtailment=0.726870
[SoC Proxy] curtailment forecast: 72.69%
 ------------------------------------------------------- 
 ----- K-Medoid, reps=60, SocDelta, W_proxy=0.75  -----
 -----      ba8aee34fb701fc6ae68      ----- 
 ------------------------------------------------------- 
[Model] Parameter json saved to SoC_proxy_TSA/data/parameters/ba8aee34fb701fc6ae68.json
[TSA] Extracting features dataframe for ba8aee34fb701fc6ae68
[SoC Proxy] Tuner: c*=0.745409 lost=0.000e+00 | margin=4.000% -> curtailment=0.715592
[SoC Proxy] curtailment forecast: 71.56%
[TSA]: Applying hierarchical clustering method, with medoidRepresentation representation.
[TSA] successfully applied. Results saved to SoC_proxy_TSA/data/cluster_maps/ba8aee34fb701fc6ae68.csv.
[TSA] cluster completed in 1.95
[Calliope] Validating and Configuring Calliope model: ba8aee34fb701fc6ae68
[Calliope] Building Calliope model: ba8aee34fb701fc6ae68
[Calliope] Solving Calliope model: ba8aee34fb701fc6ae68
[Calliope] Solution saved to: SoC_proxy_TSA/data/calliope_models/ba8aee34fb701fc6ae68.nc
[SoC Proxy] Tuner: c*=0.754726 lost=0.000e+00 | margin=4.000% -> curtailment=0.724537
[SoC Proxy] curtailment forecast: 72.45%
 ------------------------------------------------------- 
 ----- K-Medoid, reps=60, SocDelta, W_proxy=1  -----
 -----      72d8bbd98b3d2dabd45e      ----- 
 ------------------------------------------------------- 
[Model] Parameter json saved to SoC_proxy_TSA/data/parameters/72d8bbd98b3d2dabd45e.json
[TSA] Extracting features dataframe for 72d8bbd98b3d2dabd45e
[SoC Proxy] Tuner: c*=0.745409 lost=0.000e+00 | margin=4.000% -> curtailment=0.715592
[SoC Proxy] curtailment forecast: 71.56%
[TSA]: Applying hierarchical clustering method, with medoidRepresentation representation.
weight of "solar" set to the minmal tolerable weighting
weight of "onshore_wind" set to the minmal tolerable weighting
weight of "offshore_wind" set to the minmal tolerable weighting
weight of "demand_power" set to the minmal tolerable weighting
[TSA] successfully applied. Results saved to SoC_proxy_TSA/data/cluster_maps/72d8bbd98b3d2dabd45e.csv.
[TSA] cluster completed in 2.01
[Calliope] Validating and Configuring Calliope model: 72d8bbd98b3d2dabd45e
[Calliope] Building Calliope model: 72d8bbd98b3d2dabd45e
[Calliope] Solving Calliope model: 72d8bbd98b3d2dabd45e
[Calliope] Solution saved to: SoC_proxy_TSA/data/calliope_models/72d8bbd98b3d2dabd45e.nc
[SoC Proxy] Tuner: c*=0.756372 lost=0.000e+00 | margin=4.000% -> curtailment=0.726117
[SoC Proxy] curtailment forecast: 72.61%
 ------------------------------------------------------- 
  
[Dispatch] running scenario Sensitivity_W_reps90
   
 ------------------------------------------------------- 
 ------------------------------------------------------- 
 ----- K-Medoid, reps=90, W_proxy=0.0  -----
 -----      2458dacbfdcb1933f3d7      ----- 
 ------------------------------------------------------- 
[Model] Parameter json saved to SoC_proxy_TSA/data/parameters/2458dacbfdcb1933f3d7.json
[TSA] Extracting features dataframe for 2458dacbfdcb1933f3d7
[TSA]: Applying hierarchical clustering method, with medoidRepresentation representation.
[TSA] successfully applied. Results saved to SoC_proxy_TSA/data/cluster_maps/2458dacbfdcb1933f3d7.csv.
[TSA] cluster completed in 1.17
[Calliope] Validating and Configuring Calliope model: 2458dacbfdcb1933f3d7
[Calliope] Building Calliope model: 2458dacbfdcb1933f3d7
[Calliope] Solving Calliope model: 2458dacbfdcb1933f3d7
[Calliope] Solution saved to: SoC_proxy_TSA/data/calliope_models/2458dacbfdcb1933f3d7.nc
 ------------------------------------------------------- 
 ----- K-Medoid, reps=90, SocDelta, W_proxy=0.25  -----
 -----      f87a57b2baf051c368f4      ----- 
 ------------------------------------------------------- 
[Model] Parameter json saved to SoC_proxy_TSA/data/parameters/f87a57b2baf051c368f4.json
[TSA] Extracting features dataframe for f87a57b2baf051c368f4
[SoC Proxy] Tuner: c*=0.745409 lost=0.000e+00 | margin=4.000% -> curtailment=0.715592
[SoC Proxy] curtailment forecast: 71.56%
[TSA]: Applying hierarchical clustering method, with medoidRepresentation representation.
[TSA] successfully applied. Results saved to SoC_proxy_TSA/data/cluster_maps/f87a57b2baf051c368f4.csv.
[TSA] cluster completed in 1.90
[Calliope] Validating and Configuring Calliope model: f87a57b2baf051c368f4
[Calliope] Building Calliope model: f87a57b2baf051c368f4
[Calliope] Solving Calliope model: f87a57b2baf051c368f4
[Calliope] Solution saved to: SoC_proxy_TSA/data/calliope_models/f87a57b2baf051c368f4.nc
[SoC Proxy] Tuner: c*=0.754972 lost=0.000e+00 | margin=4.000% -> curtailment=0.724773
[SoC Proxy] curtailment forecast: 72.48%
 ------------------------------------------------------- 
 ----- K-Medoid, reps=90, SocDelta, W_proxy=0.5  -----
 -----      c65f549df7a20a1d646c      ----- 
 ------------------------------------------------------- 
[Model] Parameter json saved to SoC_proxy_TSA/data/parameters/c65f549df7a20a1d646c.json
[TSA] Extracting features dataframe for c65f549df7a20a1d646c
[SoC Proxy] Tuner: c*=0.745409 lost=0.000e+00 | margin=4.000% -> curtailment=0.715592
[SoC Proxy] curtailment forecast: 71.56%
[TSA]: Applying hierarchical clustering method, with medoidRepresentation representation.
[TSA] successfully applied. Results saved to SoC_proxy_TSA/data/cluster_maps/c65f549df7a20a1d646c.csv.
[TSA] cluster completed in 1.94
[Calliope] Validating and Configuring Calliope model: c65f549df7a20a1d646c
[Calliope] Building Calliope model: c65f549df7a20a1d646c
[Calliope] Solving Calliope model: c65f549df7a20a1d646c
[Calliope] Solution saved to: SoC_proxy_TSA/data/calliope_models/c65f549df7a20a1d646c.nc
[SoC Proxy] Tuner: c*=0.752567 lost=0.000e+00 | margin=4.000% -> curtailment=0.722464
[SoC Proxy] curtailment forecast: 72.25%
 ------------------------------------------------------- 
 ----- K-Medoid, reps=90, SocDelta, W_proxy=0.75  -----
 -----      2982a8eb088ad9119752      ----- 
 ------------------------------------------------------- 
[Model] Parameter json saved to SoC_proxy_TSA/data/parameters/2982a8eb088ad9119752.json
[TSA] Extracting features dataframe for 2982a8eb088ad9119752
[SoC Proxy] Tuner: c*=0.745409 lost=0.000e+00 | margin=4.000% -> curtailment=0.715592
[SoC Proxy] curtailment forecast: 71.56%
[TSA]: Applying hierarchical clustering method, with medoidRepresentation representation.
[TSA] successfully applied. Results saved to SoC_proxy_TSA/data/cluster_maps/2982a8eb088ad9119752.csv.
[TSA] cluster completed in 1.91
[Calliope] Validating and Configuring Calliope model: 2982a8eb088ad9119752
[Calliope] Building Calliope model: 2982a8eb088ad9119752
[Calliope] Solving Calliope model: 2982a8eb088ad9119752
[Calliope] Solution saved to: SoC_proxy_TSA/data/calliope_models/2982a8eb088ad9119752.nc
[SoC Proxy] Tuner: c*=0.753379 lost=0.000e+00 | margin=4.000% -> curtailment=0.723243
[SoC Proxy] curtailment forecast: 72.32%
 ------------------------------------------------------- 
 ----- K-Medoid, reps=90, SocDelta, W_proxy=1  -----
 -----      d9a4f5ca3e509c017c50      ----- 
 ------------------------------------------------------- 
[Model] Parameter json saved to SoC_proxy_TSA/data/parameters/d9a4f5ca3e509c017c50.json
[TSA] Extracting features dataframe for d9a4f5ca3e509c017c50
[SoC Proxy] Tuner: c*=0.745409 lost=0.000e+00 | margin=4.000% -> curtailment=0.715592
[SoC Proxy] curtailment forecast: 71.56%
[TSA]: Applying hierarchical clustering method, with medoidRepresentation representation.
weight of "solar" set to the minmal tolerable weighting
weight of "onshore_wind" set to the minmal tolerable weighting
weight of "offshore_wind" set to the minmal tolerable weighting
weight of "demand_power" set to the minmal tolerable weighting
[TSA] successfully applied. Results saved to SoC_proxy_TSA/data/cluster_maps/d9a4f5ca3e509c017c50.csv.
[TSA] cluster completed in 1.98
[Calliope] Validating and Configuring Calliope model: d9a4f5ca3e509c017c50
[Calliope] Building Calliope model: d9a4f5ca3e509c017c50
[Calliope] Solving Calliope model: d9a4f5ca3e509c017c50
[Calliope] Solution saved to: SoC_proxy_TSA/data/calliope_models/d9a4f5ca3e509c017c50.nc
[SoC Proxy] Tuner: c*=0.743113 lost=0.000e+00 | margin=4.000% -> curtailment=0.713389
[SoC Proxy] curtailment forecast: 71.34%
 ------------------------------------------------------- 
  
[Dispatch] running scenario Sensitivity_W_reps45
   
 ------------------------------------------------------- 
 ------------------------------------------------------- 
 ----- K-Medoid, reps=45, W_proxy=0.0  -----
 -----      30d89dd2e5b985773bcf      ----- 
 ------------------------------------------------------- 
[Model] Parameter json saved to SoC_proxy_TSA/data/parameters/30d89dd2e5b985773bcf.json
[TSA] Extracting features dataframe for 30d89dd2e5b985773bcf
[TSA]: Applying hierarchical clustering method, with medoidRepresentation representation.
[TSA] successfully applied. Results saved to SoC_proxy_TSA/data/cluster_maps/30d89dd2e5b985773bcf.csv.
[TSA] cluster completed in 1.19
[Calliope] Validating and Configuring Calliope model: 30d89dd2e5b985773bcf
[Calliope] Building Calliope model: 30d89dd2e5b985773bcf
[Calliope] Solving Calliope model: 30d89dd2e5b985773bcf
[Calliope] Solution saved to: SoC_proxy_TSA/data/calliope_models/30d89dd2e5b985773bcf.nc
 ------------------------------------------------------- 
 ----- K-Medoid, reps=45, SocDelta, W_proxy=0.25  -----
 -----      68ff56e01ffa7af6eb82      ----- 
 ------------------------------------------------------- 
[Model] Parameter json saved to SoC_proxy_TSA/data/parameters/68ff56e01ffa7af6eb82.json
[TSA] Extracting features dataframe for 68ff56e01ffa7af6eb82
[SoC Proxy] Tuner: c*=0.744879 lost=0.000e+00 | margin=4.000% -> curtailment=0.715084
[SoC Proxy] curtailment forecast: 71.51%
[TSA]: Applying hierarchical clustering method, with medoidRepresentation representation.
[TSA] successfully applied. Results saved to SoC_proxy_TSA/data/cluster_maps/68ff56e01ffa7af6eb82.csv.
[TSA] cluster completed in 1.92
[Calliope] Validating and Configuring Calliope model: 68ff56e01ffa7af6eb82
[Calliope] Building Calliope model: 68ff56e01ffa7af6eb82
[Calliope] Solving Calliope model: 68ff56e01ffa7af6eb82
[Calliope] Solution saved to: SoC_proxy_TSA/data/calliope_models/68ff56e01ffa7af6eb82.nc
[SoC Proxy] Tuner: c*=0.756305 lost=0.000e+00 | margin=4.000% -> curtailment=0.726053
[SoC Proxy] curtailment forecast: 72.61%
 ------------------------------------------------------- 
 ----- K-Medoid, reps=45, SocDelta, W_proxy=0.5  -----
 -----      25ebe9f1dec772346aaa      ----- 
 ------------------------------------------------------- 
[Model] Parameter json saved to SoC_proxy_TSA/data/parameters/25ebe9f1dec772346aaa.json
[TSA] Extracting features dataframe for 25ebe9f1dec772346aaa
[SoC Proxy] Tuner: c*=0.744879 lost=0.000e+00 | margin=4.000% -> curtailment=0.715084
[SoC Proxy] curtailment forecast: 71.51%
[TSA]: Applying hierarchical clustering method, with medoidRepresentation representation.
[TSA] successfully applied. Results saved to SoC_proxy_TSA/data/cluster_maps/25ebe9f1dec772346aaa.csv.
[TSA] cluster completed in 1.90
[Calliope] Validating and Configuring Calliope model: 25ebe9f1dec772346aaa
[Calliope] Building Calliope model: 25ebe9f1dec772346aaa
[Calliope] Solving Calliope model: 25ebe9f1dec772346aaa
[Calliope] Solution saved to: SoC_proxy_TSA/data/calliope_models/25ebe9f1dec772346aaa.nc
[SoC Proxy] Tuner: c*=0.753628 lost=0.000e+00 | margin=4.000% -> curtailment=0.723483
[SoC Proxy] curtailment forecast: 72.35%
 ------------------------------------------------------- 
 ----- K-Medoid, reps=45, SocDelta, W_proxy=0.75  -----
 -----      03d9e06e3b5470080dcc      ----- 
 ------------------------------------------------------- 
[Model] Parameter json saved to SoC_proxy_TSA/data/parameters/03d9e06e3b5470080dcc.json
[TSA] Extracting features dataframe for 03d9e06e3b5470080dcc
[SoC Proxy] Tuner: c*=0.744879 lost=0.000e+00 | margin=4.000% -> curtailment=0.715084
[SoC Proxy] curtailment forecast: 71.51%
[TSA]: Applying hierarchical clustering method, with medoidRepresentation representation.
[TSA] successfully applied. Results saved to SoC_proxy_TSA/data/cluster_maps/03d9e06e3b5470080dcc.csv.
[TSA] cluster completed in 1.92
[Calliope] Validating and Configuring Calliope model: 03d9e06e3b5470080dcc
[Calliope] Building Calliope model: 03d9e06e3b5470080dcc
[Calliope] Solving Calliope model: 03d9e06e3b5470080dcc
[Calliope] Solution saved to: SoC_proxy_TSA/data/calliope_models/03d9e06e3b5470080dcc.nc
[SoC Proxy] Tuner: c*=0.749163 lost=0.000e+00 | margin=4.000% -> curtailment=0.719196
[SoC Proxy] curtailment forecast: 71.92%
 ------------------------------------------------------- 
 ----- K-Medoid, reps=45, SocDelta, W_proxy=1  -----
 -----      3ce6de6000883972464a      ----- 
 ------------------------------------------------------- 
[Model] Parameter json saved to SoC_proxy_TSA/data/parameters/3ce6de6000883972464a.json
[TSA] Extracting features dataframe for 3ce6de6000883972464a
[SoC Proxy] Tuner: c*=0.744879 lost=0.000e+00 | margin=4.000% -> curtailment=0.715084
[SoC Proxy] curtailment forecast: 71.51%
[TSA]: Applying hierarchical clustering method, with medoidRepresentation representation.
weight of "solar" set to the minmal tolerable weighting
weight of "onshore_wind" set to the minmal tolerable weighting
weight of "offshore_wind" set to the minmal tolerable weighting
weight of "demand_power" set to the minmal tolerable weighting
[TSA] successfully applied. Results saved to SoC_proxy_TSA/data/cluster_maps/3ce6de6000883972464a.csv.
[TSA] cluster completed in 1.94
[Calliope] Validating and Configuring Calliope model: 3ce6de6000883972464a
[Calliope] Building Calliope model: 3ce6de6000883972464a
[Calliope] Solving Calliope model: 3ce6de6000883972464a
[Calliope] Solution saved to: SoC_proxy_TSA/data/calliope_models/3ce6de6000883972464a.nc
[SoC Proxy] Tuner: c*=0.753219 lost=0.000e+00 | margin=4.000% -> curtailment=0.723090
[SoC Proxy] curtailment forecast: 72.31%
 ------------------------------------------------------- 
  
[Dispatch] running scenario Sensitivity_W_reps60
   
 ------------------------------------------------------- 
 ------------------------------------------------------- 
 ----- K-Medoid, reps=60, W_proxy=0.0  -----
 -----      c075cfdd9a45e3639b9f      ----- 
 ------------------------------------------------------- 
[Model] Parameter json saved to SoC_proxy_TSA/data/parameters/c075cfdd9a45e3639b9f.json
[TSA] Extracting features dataframe for c075cfdd9a45e3639b9f
[TSA]: Applying hierarchical clustering method, with medoidRepresentation representation.
[TSA] successfully applied. Results saved to SoC_proxy_TSA/data/cluster_maps/c075cfdd9a45e3639b9f.csv.
[TSA] cluster completed in 1.23
[Calliope] Validating and Configuring Calliope model: c075cfdd9a45e3639b9f
[Calliope] Building Calliope model: c075cfdd9a45e3639b9f
[Calliope] Solving Calliope model: c075cfdd9a45e3639b9f
[Calliope] Solution saved to: SoC_proxy_TSA/data/calliope_models/c075cfdd9a45e3639b9f.nc
 ------------------------------------------------------- 
 ----- K-Medoid, reps=60, SocDelta, W_proxy=0.25  -----
 -----      a375a104604f0f669f17      ----- 
 ------------------------------------------------------- 
[Model] Parameter json saved to SoC_proxy_TSA/data/parameters/a375a104604f0f669f17.json
[TSA] Extracting features dataframe for a375a104604f0f669f17
[SoC Proxy] Tuner: c*=0.744879 lost=0.000e+00 | margin=4.000% -> curtailment=0.715084
[SoC Proxy] curtailment forecast: 71.51%
[TSA]: Applying hierarchical clustering method, with medoidRepresentation representation.
[TSA] successfully applied. Results saved to SoC_proxy_TSA/data/cluster_maps/a375a104604f0f669f17.csv.
[TSA] cluster completed in 1.92
[Calliope] Validating and Configuring Calliope model: a375a104604f0f669f17
[Calliope] Building Calliope model: a375a104604f0f669f17
[Calliope] Solving Calliope model: a375a104604f0f669f17
[Calliope] Solution saved to: SoC_proxy_TSA/data/calliope_models/a375a104604f0f669f17.nc
[SoC Proxy] Tuner: c*=0.756255 lost=0.000e+00 | margin=4.000% -> curtailment=0.726005
[SoC Proxy] curtailment forecast: 72.60%
 ------------------------------------------------------- 
 ----- K-Medoid, reps=60, SocDelta, W_proxy=0.5  -----
 -----      dfa3496efc7e7560f66e      ----- 
 ------------------------------------------------------- 
[Model] Parameter json saved to SoC_proxy_TSA/data/parameters/dfa3496efc7e7560f66e.json
[TSA] Extracting features dataframe for dfa3496efc7e7560f66e
[SoC Proxy] Tuner: c*=0.744879 lost=0.000e+00 | margin=4.000% -> curtailment=0.715084
[SoC Proxy] curtailment forecast: 71.51%
[TSA]: Applying hierarchical clustering method, with medoidRepresentation representation.
[TSA] successfully applied. Results saved to SoC_proxy_TSA/data/cluster_maps/dfa3496efc7e7560f66e.csv.
[TSA] cluster completed in 1.90
[Calliope] Validating and Configuring Calliope model: dfa3496efc7e7560f66e
[Calliope] Building Calliope model: dfa3496efc7e7560f66e
[Calliope] Solving Calliope model: dfa3496efc7e7560f66e
[Calliope] Solution saved to: SoC_proxy_TSA/data/calliope_models/dfa3496efc7e7560f66e.nc
[SoC Proxy] Tuner: c*=0.754845 lost=0.000e+00 | margin=4.000% -> curtailment=0.724651
[SoC Proxy] curtailment forecast: 72.47%
 ------------------------------------------------------- 
 ----- K-Medoid, reps=60, SocDelta, W_proxy=0.75  -----
 -----      1fd5b4dd640ffee728bc      ----- 
 ------------------------------------------------------- 
[Model] Parameter json saved to SoC_proxy_TSA/data/parameters/1fd5b4dd640ffee728bc.json
[TSA] Extracting features dataframe for 1fd5b4dd640ffee728bc
[SoC Proxy] Tuner: c*=0.744879 lost=0.000e+00 | margin=4.000% -> curtailment=0.715084
[SoC Proxy] curtailment forecast: 71.51%
[TSA]: Applying hierarchical clustering method, with medoidRepresentation representation.
[TSA] successfully applied. Results saved to SoC_proxy_TSA/data/cluster_maps/1fd5b4dd640ffee728bc.csv.
[TSA] cluster completed in 1.90
[Calliope] Validating and Configuring Calliope model: 1fd5b4dd640ffee728bc
[Calliope] Building Calliope model: 1fd5b4dd640ffee728bc
[Calliope] Solving Calliope model: 1fd5b4dd640ffee728bc
[Calliope] Solution saved to: SoC_proxy_TSA/data/calliope_models/1fd5b4dd640ffee728bc.nc
[SoC Proxy] Tuner: c*=0.748862 lost=0.000e+00 | margin=4.000% -> curtailment=0.718907
[SoC Proxy] curtailment forecast: 71.89%
 ------------------------------------------------------- 
 ----- K-Medoid, reps=60, SocDelta, W_proxy=1  -----
 -----      a3af0ef5fb302a0f4f60      ----- 
 ------------------------------------------------------- 
[Model] Parameter json saved to SoC_proxy_TSA/data/parameters/a3af0ef5fb302a0f4f60.json
[TSA] Extracting features dataframe for a3af0ef5fb302a0f4f60
[SoC Proxy] Tuner: c*=0.744879 lost=0.000e+00 | margin=4.000% -> curtailment=0.715084
[SoC Proxy] curtailment forecast: 71.51%
[TSA]: Applying hierarchical clustering method, with medoidRepresentation representation.
weight of "solar" set to the minmal tolerable weighting
weight of "onshore_wind" set to the minmal tolerable weighting
weight of "offshore_wind" set to the minmal tolerable weighting
weight of "demand_power" set to the minmal tolerable weighting
[TSA] successfully applied. Results saved to SoC_proxy_TSA/data/cluster_maps/a3af0ef5fb302a0f4f60.csv.
[TSA] cluster completed in 1.94
[Calliope] Validating and Configuring Calliope model: a3af0ef5fb302a0f4f60
[Calliope] Building Calliope model: a3af0ef5fb302a0f4f60
[Calliope] Solving Calliope model: a3af0ef5fb302a0f4f60
[Calliope] Solution saved to: SoC_proxy_TSA/data/calliope_models/a3af0ef5fb302a0f4f60.nc
[SoC Proxy] Tuner: c*=0.748060 lost=0.000e+00 | margin=4.000% -> curtailment=0.718137
[SoC Proxy] curtailment forecast: 71.81%
 ------------------------------------------------------- 
  
[Dispatch] running scenario Sensitivity_W_reps90
   
 ------------------------------------------------------- 
 ------------------------------------------------------- 
 ----- K-Medoid, reps=90, W_proxy=0.0  -----
 -----      49d2e01b7bf47602bb46      ----- 
 ------------------------------------------------------- 
[Model] Parameter json saved to SoC_proxy_TSA/data/parameters/49d2e01b7bf47602bb46.json
[TSA] Extracting features dataframe for 49d2e01b7bf47602bb46
[TSA]: Applying hierarchical clustering method, with medoidRepresentation representation.
[TSA] successfully applied. Results saved to SoC_proxy_TSA/data/cluster_maps/49d2e01b7bf47602bb46.csv.
[TSA] cluster completed in 1.18
[Calliope] Validating and Configuring Calliope model: 49d2e01b7bf47602bb46
[Calliope] Building Calliope model: 49d2e01b7bf47602bb46
[Calliope] Solving Calliope model: 49d2e01b7bf47602bb46
[Calliope] Solution saved to: SoC_proxy_TSA/data/calliope_models/49d2e01b7bf47602bb46.nc
 ------------------------------------------------------- 
 ----- K-Medoid, reps=90, SocDelta, W_proxy=0.25  -----
 -----      a4322e1b3e1ed469ff5d      ----- 
 ------------------------------------------------------- 
[Model] Parameter json saved to SoC_proxy_TSA/data/parameters/a4322e1b3e1ed469ff5d.json
[TSA] Extracting features dataframe for a4322e1b3e1ed469ff5d
[SoC Proxy] Tuner: c*=0.744879 lost=0.000e+00 | margin=4.000% -> curtailment=0.715084
[SoC Proxy] curtailment forecast: 71.51%
[TSA]: Applying hierarchical clustering method, with medoidRepresentation representation.
[TSA] successfully applied. Results saved to SoC_proxy_TSA/data/cluster_maps/a4322e1b3e1ed469ff5d.csv.
[TSA] cluster completed in 1.90
[Calliope] Validating and Configuring Calliope model: a4322e1b3e1ed469ff5d
[Calliope] Building Calliope model: a4322e1b3e1ed469ff5d
[Calliope] Solving Calliope model: a4322e1b3e1ed469ff5d
[Calliope] Solution saved to: SoC_proxy_TSA/data/calliope_models/a4322e1b3e1ed469ff5d.nc
[SoC Proxy] Tuner: c*=0.753543 lost=0.000e+00 | margin=4.000% -> curtailment=0.723402
[SoC Proxy] curtailment forecast: 72.34%
 ------------------------------------------------------- 
 ----- K-Medoid, reps=90, SocDelta, W_proxy=0.5  -----
 -----      5d3d9d6635a887e466ef      ----- 
 ------------------------------------------------------- 
[Model] Parameter json saved to SoC_proxy_TSA/data/parameters/5d3d9d6635a887e466ef.json
[TSA] Extracting features dataframe for 5d3d9d6635a887e466ef
[SoC Proxy] Tuner: c*=0.744879 lost=0.000e+00 | margin=4.000% -> curtailment=0.715084
[SoC Proxy] curtailment forecast: 71.51%
[TSA]: Applying hierarchical clustering method, with medoidRepresentation representation.
[TSA] successfully applied. Results saved to SoC_proxy_TSA/data/cluster_maps/5d3d9d6635a887e466ef.csv.
[TSA] cluster completed in 1.93
[Calliope] Validating and Configuring Calliope model: 5d3d9d6635a887e466ef
[Calliope] Building Calliope model: 5d3d9d6635a887e466ef
[Calliope] Solving Calliope model: 5d3d9d6635a887e466ef
[Calliope] Solution saved to: SoC_proxy_TSA/data/calliope_models/5d3d9d6635a887e466ef.nc
[SoC Proxy] Tuner: c*=0.755687 lost=0.000e+00 | margin=4.000% -> curtailment=0.725460
[SoC Proxy] curtailment forecast: 72.55%
 ------------------------------------------------------- 
 ----- K-Medoid, reps=90, SocDelta, W_proxy=0.75  -----
 -----      f53e5a455213ed66cdb7      ----- 
 ------------------------------------------------------- 
[Model] Parameter json saved to SoC_proxy_TSA/data/parameters/f53e5a455213ed66cdb7.json
[TSA] Extracting features dataframe for f53e5a455213ed66cdb7
[SoC Proxy] Tuner: c*=0.744879 lost=0.000e+00 | margin=4.000% -> curtailment=0.715084
[SoC Proxy] curtailment forecast: 71.51%
[TSA]: Applying hierarchical clustering method, with medoidRepresentation representation.
[TSA] successfully applied. Results saved to SoC_proxy_TSA/data/cluster_maps/f53e5a455213ed66cdb7.csv.
[TSA] cluster completed in 1.95
[Calliope] Validating and Configuring Calliope model: f53e5a455213ed66cdb7
[Calliope] Building Calliope model: f53e5a455213ed66cdb7
[Calliope] Solving Calliope model: f53e5a455213ed66cdb7
[Calliope] Solution saved to: SoC_proxy_TSA/data/calliope_models/f53e5a455213ed66cdb7.nc
[SoC Proxy] Tuner: c*=0.749088 lost=0.000e+00 | margin=4.000% -> curtailment=0.719125
[SoC Proxy] curtailment forecast: 71.91%
 ------------------------------------------------------- 
 ----- K-Medoid, reps=90, SocDelta, W_proxy=1  -----
 -----      d95b2567a83bb1ffa7f0      ----- 
 ------------------------------------------------------- 
[Model] Parameter json saved to SoC_proxy_TSA/data/parameters/d95b2567a83bb1ffa7f0.json
[TSA] Extracting features dataframe for d95b2567a83bb1ffa7f0
[SoC Proxy] Tuner: c*=0.744879 lost=0.000e+00 | margin=4.000% -> curtailment=0.715084
[SoC Proxy] curtailment forecast: 71.51%
[TSA]: Applying hierarchical clustering method, with medoidRepresentation representation.
weight of "solar" set to the minmal tolerable weighting
weight of "onshore_wind" set to the minmal tolerable weighting
weight of "offshore_wind" set to the minmal tolerable weighting
weight of "demand_power" set to the minmal tolerable weighting
[TSA] successfully applied. Results saved to SoC_proxy_TSA/data/cluster_maps/d95b2567a83bb1ffa7f0.csv.
[TSA] cluster completed in 1.98
[Calliope] Validating and Configuring Calliope model: d95b2567a83bb1ffa7f0
[Calliope] Building Calliope model: d95b2567a83bb1ffa7f0
[Calliope] Solving Calliope model: d95b2567a83bb1ffa7f0
[Calliope] Solution saved to: SoC_proxy_TSA/data/calliope_models/d95b2567a83bb1ffa7f0.nc
[SoC Proxy] Tuner: c*=0.743576 lost=0.000e+00 | margin=4.000% -> curtailment=0.713833
[SoC Proxy] curtailment forecast: 71.38%
 ------------------------------------------------------- 
  
[Dispatch] running scenario Sensitivity_W_reps45
   
 ------------------------------------------------------- 
 ------------------------------------------------------- 
 ----- K-Medoid, reps=45, W_proxy=0.0  -----
 -----      46faaed02a8c7ea3219c      ----- 
 ------------------------------------------------------- 
[Model] Parameter json saved to SoC_proxy_TSA/data/parameters/46faaed02a8c7ea3219c.json
[TSA] Extracting features dataframe for 46faaed02a8c7ea3219c
[TSA]: Applying hierarchical clustering method, with medoidRepresentation representation.
[TSA] successfully applied. Results saved to SoC_proxy_TSA/data/cluster_maps/46faaed02a8c7ea3219c.csv.
[TSA] cluster completed in 1.13
[Calliope] Validating and Configuring Calliope model: 46faaed02a8c7ea3219c
[Calliope] Building Calliope model: 46faaed02a8c7ea3219c
[Calliope] Solving Calliope model: 46faaed02a8c7ea3219c
[Calliope] Solution saved to: SoC_proxy_TSA/data/calliope_models/46faaed02a8c7ea3219c.nc
 ------------------------------------------------------- 
 ----- K-Medoid, reps=45, SocDelta, W_proxy=0.25  -----
 -----      b840c688ef661054e68e      ----- 
 ------------------------------------------------------- 
[Model] Parameter json saved to SoC_proxy_TSA/data/parameters/b840c688ef661054e68e.json
[TSA] Extracting features dataframe for b840c688ef661054e68e
[SoC Proxy] Tuner: c*=0.744760 lost=0.000e+00 | margin=4.000% -> curtailment=0.714969
[SoC Proxy] curtailment forecast: 71.50%
[TSA]: Applying hierarchical clustering method, with medoidRepresentation representation.
[TSA] successfully applied. Results saved to SoC_proxy_TSA/data/cluster_maps/b840c688ef661054e68e.csv.
[TSA] cluster completed in 1.94
[Calliope] Validating and Configuring Calliope model: b840c688ef661054e68e
[Calliope] Building Calliope model: b840c688ef661054e68e
[Calliope] Solving Calliope model: b840c688ef661054e68e
[Calliope] Solution saved to: SoC_proxy_TSA/data/calliope_models/b840c688ef661054e68e.nc
[SoC Proxy] Tuner: c*=0.755586 lost=0.000e+00 | margin=4.000% -> curtailment=0.725363
[SoC Proxy] curtailment forecast: 72.54%
 ------------------------------------------------------- 
 ----- K-Medoid, reps=45, SocDelta, W_proxy=0.5  -----
 -----      b0a8f209967bb193df16      ----- 
 ------------------------------------------------------- 
[Model] Parameter json saved to SoC_proxy_TSA/data/parameters/b0a8f209967bb193df16.json
[TSA] Extracting features dataframe for b0a8f209967bb193df16
[SoC Proxy] Tuner: c*=0.744760 lost=0.000e+00 | margin=4.000% -> curtailment=0.714969
[SoC Proxy] curtailment forecast: 71.50%
[TSA]: Applying hierarchical clustering method, with medoidRepresentation representation.
[TSA] successfully applied. Results saved to SoC_proxy_TSA/data/cluster_maps/b0a8f209967bb193df16.csv.
[TSA] cluster completed in 1.91
[Calliope] Validating and Configuring Calliope model: b0a8f209967bb193df16
[Calliope] Building Calliope model: b0a8f209967bb193df16
[Calliope] Solving Calliope model: b0a8f209967bb193df16
[Calliope] Solution saved to: SoC_proxy_TSA/data/calliope_models/b0a8f209967bb193df16.nc
[SoC Proxy] Tuner: c*=0.758624 lost=0.000e+00 | margin=4.000% -> curtailment=0.728280
[SoC Proxy] curtailment forecast: 72.83%
 ------------------------------------------------------- 
 ----- K-Medoid, reps=45, SocDelta, W_proxy=0.75  -----
 -----      bb3e263e1a26ad17bc20      ----- 
 ------------------------------------------------------- 
[Model] Parameter json saved to SoC_proxy_TSA/data/parameters/bb3e263e1a26ad17bc20.json
[TSA] Extracting features dataframe for bb3e263e1a26ad17bc20
[SoC Proxy] Tuner: c*=0.744760 lost=0.000e+00 | margin=4.000% -> curtailment=0.714969
[SoC Proxy] curtailment forecast: 71.50%
[TSA]: Applying hierarchical clustering method, with medoidRepresentation representation.
[TSA] successfully applied. Results saved to SoC_proxy_TSA/data/cluster_maps/bb3e263e1a26ad17bc20.csv.
[TSA] cluster completed in 1.94
[Calliope] Validating and Configuring Calliope model: bb3e263e1a26ad17bc20
[Calliope] Building Calliope model: bb3e263e1a26ad17bc20
[Calliope] Solving Calliope model: bb3e263e1a26ad17bc20
[Calliope] Solution saved to: SoC_proxy_TSA/data/calliope_models/bb3e263e1a26ad17bc20.nc
[SoC Proxy] Tuner: c*=0.747879 lost=0.000e+00 | margin=4.000% -> curtailment=0.717964
[SoC Proxy] curtailment forecast: 71.80%
 ------------------------------------------------------- 
 ----- K-Medoid, reps=45, SocDelta, W_proxy=1  -----
 -----      7a965964ce23d852bf0b      ----- 
 ------------------------------------------------------- 
[Model] Parameter json saved to SoC_proxy_TSA/data/parameters/7a965964ce23d852bf0b.json
[TSA] Extracting features dataframe for 7a965964ce23d852bf0b
[SoC Proxy] Tuner: c*=0.744760 lost=0.000e+00 | margin=4.000% -> curtailment=0.714969
[SoC Proxy] curtailment forecast: 71.50%
[TSA]: Applying hierarchical clustering method, with medoidRepresentation representation.
weight of "solar" set to the minmal tolerable weighting
weight of "onshore_wind" set to the minmal tolerable weighting
weight of "offshore_wind" set to the minmal tolerable weighting
weight of "demand_power" set to the minmal tolerable weighting
[TSA] successfully applied. Results saved to SoC_proxy_TSA/data/cluster_maps/7a965964ce23d852bf0b.csv.
[TSA] cluster completed in 2.03
[Calliope] Validating and Configuring Calliope model: 7a965964ce23d852bf0b
[Calliope] Building Calliope model: 7a965964ce23d852bf0b
[Calliope] Solving Calliope model: 7a965964ce23d852bf0b
[Calliope] Solution saved to: SoC_proxy_TSA/data/calliope_models/7a965964ce23d852bf0b.nc
[SoC Proxy] Tuner: c*=0.731856 lost=0.000e+00 | margin=4.000% -> curtailment=0.702581
[SoC Proxy] curtailment forecast: 70.26%
 ------------------------------------------------------- 
  
[Dispatch] running scenario Sensitivity_W_reps60
   
 ------------------------------------------------------- 
 ------------------------------------------------------- 
 ----- K-Medoid, reps=60, W_proxy=0.0  -----
 -----      351b1853498111ceddd8      ----- 
 ------------------------------------------------------- 
[Model] Parameter json saved to SoC_proxy_TSA/data/parameters/351b1853498111ceddd8.json
[TSA] Extracting features dataframe for 351b1853498111ceddd8
[TSA]: Applying hierarchical clustering method, with medoidRepresentation representation.
[TSA] successfully applied. Results saved to SoC_proxy_TSA/data/cluster_maps/351b1853498111ceddd8.csv.
[TSA] cluster completed in 1.16
[Calliope] Validating and Configuring Calliope model: 351b1853498111ceddd8
[Calliope] Building Calliope model: 351b1853498111ceddd8
[Calliope] Solving Calliope model: 351b1853498111ceddd8
[Calliope] Solution saved to: SoC_proxy_TSA/data/calliope_models/351b1853498111ceddd8.nc
 ------------------------------------------------------- 
 ----- K-Medoid, reps=60, SocDelta, W_proxy=0.25  -----
 -----      2d0a27eaa4dec5bed4f4      ----- 
 ------------------------------------------------------- 
[Model] Parameter json saved to SoC_proxy_TSA/data/parameters/2d0a27eaa4dec5bed4f4.json
[TSA] Extracting features dataframe for 2d0a27eaa4dec5bed4f4
[SoC Proxy] Tuner: c*=0.744760 lost=0.000e+00 | margin=4.000% -> curtailment=0.714969
[SoC Proxy] curtailment forecast: 71.50%
[TSA]: Applying hierarchical clustering method, with medoidRepresentation representation.
[TSA] successfully applied. Results saved to SoC_proxy_TSA/data/cluster_maps/2d0a27eaa4dec5bed4f4.csv.
[TSA] cluster completed in 1.93
[Calliope] Validating and Configuring Calliope model: 2d0a27eaa4dec5bed4f4
[Calliope] Building Calliope model: 2d0a27eaa4dec5bed4f4
[Calliope] Solving Calliope model: 2d0a27eaa4dec5bed4f4
[Calliope] Solution saved to: SoC_proxy_TSA/data/calliope_models/2d0a27eaa4dec5bed4f4.nc
[SoC Proxy] Tuner: c*=0.755122 lost=0.000e+00 | margin=4.000% -> curtailment=0.724917
[SoC Proxy] curtailment forecast: 72.49%
 ------------------------------------------------------- 
 ----- K-Medoid, reps=60, SocDelta, W_proxy=0.5  -----
 -----      0c763f21d50048fa5721      ----- 
 ------------------------------------------------------- 
[Model] Parameter json saved to SoC_proxy_TSA/data/parameters/0c763f21d50048fa5721.json
[TSA] Extracting features dataframe for 0c763f21d50048fa5721
[SoC Proxy] Tuner: c*=0.744760 lost=0.000e+00 | margin=4.000% -> curtailment=0.714969
[SoC Proxy] curtailment forecast: 71.50%
[TSA]: Applying hierarchical clustering method, with medoidRepresentation representation.
[TSA] successfully applied. Results saved to SoC_proxy_TSA/data/cluster_maps/0c763f21d50048fa5721.csv.
[TSA] cluster completed in 1.98
[Calliope] Validating and Configuring Calliope model: 0c763f21d50048fa5721
[Calliope] Building Calliope model: 0c763f21d50048fa5721
[Calliope] Solving Calliope model: 0c763f21d50048fa5721
[Calliope] Solution saved to: SoC_proxy_TSA/data/calliope_models/0c763f21d50048fa5721.nc
[SoC Proxy] Tuner: c*=0.754072 lost=0.000e+00 | margin=4.000% -> curtailment=0.723909
[SoC Proxy] curtailment forecast: 72.39%
 ------------------------------------------------------- 
 ----- K-Medoid, reps=60, SocDelta, W_proxy=0.75  -----
 -----      b4c12912d62134e65d71      ----- 
 ------------------------------------------------------- 
[Model] Parameter json saved to SoC_proxy_TSA/data/parameters/b4c12912d62134e65d71.json
[TSA] Extracting features dataframe for b4c12912d62134e65d71
[SoC Proxy] Tuner: c*=0.744760 lost=0.000e+00 | margin=4.000% -> curtailment=0.714969
[SoC Proxy] curtailment forecast: 71.50%
[TSA]: Applying hierarchical clustering method, with medoidRepresentation representation.
[TSA] successfully applied. Results saved to SoC_proxy_TSA/data/cluster_maps/b4c12912d62134e65d71.csv.
[TSA] cluster completed in 1.93
[Calliope] Validating and Configuring Calliope model: b4c12912d62134e65d71
[Calliope] Building Calliope model: b4c12912d62134e65d71
[Calliope] Solving Calliope model: b4c12912d62134e65d71
[Calliope] Solution saved to: SoC_proxy_TSA/data/calliope_models/b4c12912d62134e65d71.nc
[SoC Proxy] Tuner: c*=0.745743 lost=0.000e+00 | margin=4.000% -> curtailment=0.715913
[SoC Proxy] curtailment forecast: 71.59%
 ------------------------------------------------------- 
 ----- K-Medoid, reps=60, SocDelta, W_proxy=1  -----
 -----      6080daca0a7caee76653      ----- 
 ------------------------------------------------------- 
[Model] Parameter json saved to SoC_proxy_TSA/data/parameters/6080daca0a7caee76653.json
[TSA] Extracting features dataframe for 6080daca0a7caee76653
[SoC Proxy] Tuner: c*=0.744760 lost=0.000e+00 | margin=4.000% -> curtailment=0.714969
[SoC Proxy] curtailment forecast: 71.50%
[TSA]: Applying hierarchical clustering method, with medoidRepresentation representation.
weight of "solar" set to the minmal tolerable weighting
weight of "onshore_wind" set to the minmal tolerable weighting
weight of "offshore_wind" set to the minmal tolerable weighting
weight of "demand_power" set to the minmal tolerable weighting
[TSA] successfully applied. Results saved to SoC_proxy_TSA/data/cluster_maps/6080daca0a7caee76653.csv.
[TSA] cluster completed in 1.93
[Calliope] Validating and Configuring Calliope model: 6080daca0a7caee76653
[Calliope] Building Calliope model: 6080daca0a7caee76653
[Calliope] Solving Calliope model: 6080daca0a7caee76653
[Calliope] Solution saved to: SoC_proxy_TSA/data/calliope_models/6080daca0a7caee76653.nc
[SoC Proxy] Tuner: c*=0.745161 lost=0.000e+00 | margin=4.000% -> curtailment=0.715354
[SoC Proxy] curtailment forecast: 71.54%
 ------------------------------------------------------- 
  
[Dispatch] running scenario Sensitivity_W_reps90
   
 ------------------------------------------------------- 
 ------------------------------------------------------- 
 ----- K-Medoid, reps=90, W_proxy=0.0  -----
 -----      e394366d56506d77f759      ----- 
 ------------------------------------------------------- 
[Model] Parameter json saved to SoC_proxy_TSA/data/parameters/e394366d56506d77f759.json
[TSA] Extracting features dataframe for e394366d56506d77f759
[TSA]: Applying hierarchical clustering method, with medoidRepresentation representation.
[TSA] successfully applied. Results saved to SoC_proxy_TSA/data/cluster_maps/e394366d56506d77f759.csv.
[TSA] cluster completed in 1.19
[Calliope] Validating and Configuring Calliope model: e394366d56506d77f759
[Calliope] Building Calliope model: e394366d56506d77f759
[Calliope] Solving Calliope model: e394366d56506d77f759
[Calliope] Solution saved to: SoC_proxy_TSA/data/calliope_models/e394366d56506d77f759.nc
 ------------------------------------------------------- 
 ----- K-Medoid, reps=90, SocDelta, W_proxy=0.25  -----
 -----      c9670a1e6c5615573dc7      ----- 
 ------------------------------------------------------- 
[Model] Parameter json saved to SoC_proxy_TSA/data/parameters/c9670a1e6c5615573dc7.json
[TSA] Extracting features dataframe for c9670a1e6c5615573dc7
[SoC Proxy] Tuner: c*=0.744760 lost=0.000e+00 | margin=4.000% -> curtailment=0.714969
[SoC Proxy] curtailment forecast: 71.50%
[TSA]: Applying hierarchical clustering method, with medoidRepresentation representation.
[TSA] successfully applied. Results saved to SoC_proxy_TSA/data/cluster_maps/c9670a1e6c5615573dc7.csv.
[TSA] cluster completed in 2.01
[Calliope] Validating and Configuring Calliope model: c9670a1e6c5615573dc7
[Calliope] Building Calliope model: c9670a1e6c5615573dc7
[Calliope] Solving Calliope model: c9670a1e6c5615573dc7
[Calliope] Solution saved to: SoC_proxy_TSA/data/calliope_models/c9670a1e6c5615573dc7.nc
[SoC Proxy] Tuner: c*=0.755301 lost=0.000e+00 | margin=4.000% -> curtailment=0.725089
[SoC Proxy] curtailment forecast: 72.51%
 ------------------------------------------------------- 
 ----- K-Medoid, reps=90, SocDelta, W_proxy=0.5  -----
 -----      d7770512d78d1411410e      ----- 
 ------------------------------------------------------- 
[Model] Parameter json saved to SoC_proxy_TSA/data/parameters/d7770512d78d1411410e.json
[TSA] Extracting features dataframe for d7770512d78d1411410e
[SoC Proxy] Tuner: c*=0.744760 lost=0.000e+00 | margin=4.000% -> curtailment=0.714969
[SoC Proxy] curtailment forecast: 71.50%
[TSA]: Applying hierarchical clustering method, with medoidRepresentation representation.
[TSA] successfully applied. Results saved to SoC_proxy_TSA/data/cluster_maps/d7770512d78d1411410e.csv.
[TSA] cluster completed in 2.01
[Calliope] Validating and Configuring Calliope model: d7770512d78d1411410e
[Calliope] Building Calliope model: d7770512d78d1411410e
[Calliope] Solving Calliope model: d7770512d78d1411410e
[Calliope] Solution saved to: SoC_proxy_TSA/data/calliope_models/d7770512d78d1411410e.nc
[SoC Proxy] Tuner: c*=0.755005 lost=0.000e+00 | margin=4.000% -> curtailment=0.724804
[SoC Proxy] curtailment forecast: 72.48%
 ------------------------------------------------------- 
 ----- K-Medoid, reps=90, SocDelta, W_proxy=0.75  -----
 -----      75d1c9fbf7f661cb5843      ----- 
 ------------------------------------------------------- 
[Model] Parameter json saved to SoC_proxy_TSA/data/parameters/75d1c9fbf7f661cb5843.json
[TSA] Extracting features dataframe for 75d1c9fbf7f661cb5843
[SoC Proxy] Tuner: c*=0.744760 lost=0.000e+00 | margin=4.000% -> curtailment=0.714969
[SoC Proxy] curtailment forecast: 71.50%
[TSA]: Applying hierarchical clustering method, with medoidRepresentation representation.
[TSA] successfully applied. Results saved to SoC_proxy_TSA/data/cluster_maps/75d1c9fbf7f661cb5843.csv.
[TSA] cluster completed in 1.95
[Calliope] Validating and Configuring Calliope model: 75d1c9fbf7f661cb5843
[Calliope] Building Calliope model: 75d1c9fbf7f661cb5843
[Calliope] Solving Calliope model: 75d1c9fbf7f661cb5843
[Calliope] Solution saved to: SoC_proxy_TSA/data/calliope_models/75d1c9fbf7f661cb5843.nc
[SoC Proxy] Tuner: c*=0.747491 lost=0.000e+00 | margin=4.000% -> curtailment=0.717592
[SoC Proxy] curtailment forecast: 71.76%
 ------------------------------------------------------- 
 ----- K-Medoid, reps=90, SocDelta, W_proxy=1  -----
 -----      d8499e78ea0c11bcc6dc      ----- 
 ------------------------------------------------------- 
[Model] Parameter json saved to SoC_proxy_TSA/data/parameters/d8499e78ea0c11bcc6dc.json
[TSA] Extracting features dataframe for d8499e78ea0c11bcc6dc
[SoC Proxy] Tuner: c*=0.744760 lost=0.000e+00 | margin=4.000% -> curtailment=0.714969
[SoC Proxy] curtailment forecast: 71.50%
[TSA]: Applying hierarchical clustering method, with medoidRepresentation representation.
weight of "solar" set to the minmal tolerable weighting
weight of "onshore_wind" set to the minmal tolerable weighting
weight of "offshore_wind" set to the minmal tolerable weighting
weight of "demand_power" set to the minmal tolerable weighting
[TSA] successfully applied. Results saved to SoC_proxy_TSA/data/cluster_maps/d8499e78ea0c11bcc6dc.csv.
[TSA] cluster completed in 1.97
[Calliope] Validating and Configuring Calliope model: d8499e78ea0c11bcc6dc
[Calliope] Building Calliope model: d8499e78ea0c11bcc6dc
[Calliope] Solving Calliope model: d8499e78ea0c11bcc6dc
[Calliope] Solution saved to: SoC_proxy_TSA/data/calliope_models/d8499e78ea0c11bcc6dc.nc
[SoC Proxy] Tuner: c*=0.747010 lost=0.000e+00 | margin=4.000% -> curtailment=0.717129
[SoC Proxy] curtailment forecast: 71.71%
 ------------------------------------------------------- 
  
[Dispatch] running scenario Sensitivity_W_reps45
   
 ------------------------------------------------------- 
 ------------------------------------------------------- 
 ----- K-Medoid, reps=45, W_proxy=0.0  -----
 -----      ef521357eb69b6d37f12      ----- 
 ------------------------------------------------------- 
[Model] Parameter json saved to SoC_proxy_TSA/data/parameters/ef521357eb69b6d37f12.json
[TSA] Extracting features dataframe for ef521357eb69b6d37f12
[TSA]: Applying hierarchical clustering method, with medoidRepresentation representation.
[TSA] successfully applied. Results saved to SoC_proxy_TSA/data/cluster_maps/ef521357eb69b6d37f12.csv.
[TSA] cluster completed in 1.16
[Calliope] Validating and Configuring Calliope model: ef521357eb69b6d37f12
[Calliope] Building Calliope model: ef521357eb69b6d37f12
[Calliope] Solving Calliope model: ef521357eb69b6d37f12
[Calliope] Solution saved to: SoC_proxy_TSA/data/calliope_models/ef521357eb69b6d37f12.nc
 ------------------------------------------------------- 
 ----- K-Medoid, reps=45, SocDelta, W_proxy=0.25  -----
 -----      719e80392d41152e6f02      ----- 
 ------------------------------------------------------- 
[Model] Parameter json saved to SoC_proxy_TSA/data/parameters/719e80392d41152e6f02.json
[TSA] Extracting features dataframe for 719e80392d41152e6f02
[SoC Proxy] Tuner: c*=0.742199 lost=0.000e+00 | margin=4.000% -> curtailment=0.712511
[SoC Proxy] curtailment forecast: 71.25%
[TSA]: Applying hierarchical clustering method, with medoidRepresentation representation.
[TSA] successfully applied. Results saved to SoC_proxy_TSA/data/cluster_maps/719e80392d41152e6f02.csv.
[TSA] cluster completed in 1.95
[Calliope] Validating and Configuring Calliope model: 719e80392d41152e6f02
[Calliope] Building Calliope model: 719e80392d41152e6f02
[Calliope] Solving Calliope model: 719e80392d41152e6f02
[Calliope] Solution saved to: SoC_proxy_TSA/data/calliope_models/719e80392d41152e6f02.nc
[SoC Proxy] Tuner: c*=0.751662 lost=0.000e+00 | margin=4.000% -> curtailment=0.721595
[SoC Proxy] curtailment forecast: 72.16%
 ------------------------------------------------------- 
 ----- K-Medoid, reps=45, SocDelta, W_proxy=0.5  -----
 -----      816873e813056c976cc0      ----- 
 ------------------------------------------------------- 
[Model] Parameter json saved to SoC_proxy_TSA/data/parameters/816873e813056c976cc0.json
[TSA] Extracting features dataframe for 816873e813056c976cc0
[SoC Proxy] Tuner: c*=0.742199 lost=0.000e+00 | margin=4.000% -> curtailment=0.712511
[SoC Proxy] curtailment forecast: 71.25%
[TSA]: Applying hierarchical clustering method, with medoidRepresentation representation.
[TSA] successfully applied. Results saved to SoC_proxy_TSA/data/cluster_maps/816873e813056c976cc0.csv.
[TSA] cluster completed in 1.94
[Calliope] Validating and Configuring Calliope model: 816873e813056c976cc0
[Calliope] Building Calliope model: 816873e813056c976cc0
[Calliope] Solving Calliope model: 816873e813056c976cc0
[Calliope] Solution saved to: SoC_proxy_TSA/data/calliope_models/816873e813056c976cc0.nc
[SoC Proxy] Tuner: c*=0.753566 lost=0.000e+00 | margin=4.000% -> curtailment=0.723423
[SoC Proxy] curtailment forecast: 72.34%
 ------------------------------------------------------- 
 ----- K-Medoid, reps=45, SocDelta, W_proxy=0.75  -----
 -----      8b4b1db23485c0c20037      ----- 
 ------------------------------------------------------- 
[Model] Parameter json saved to SoC_proxy_TSA/data/parameters/8b4b1db23485c0c20037.json
[TSA] Extracting features dataframe for 8b4b1db23485c0c20037
[SoC Proxy] Tuner: c*=0.742199 lost=0.000e+00 | margin=4.000% -> curtailment=0.712511
[SoC Proxy] curtailment forecast: 71.25%
[TSA]: Applying hierarchical clustering method, with medoidRepresentation representation.
[TSA] successfully applied. Results saved to SoC_proxy_TSA/data/cluster_maps/8b4b1db23485c0c20037.csv.
[TSA] cluster completed in 1.90
[Calliope] Validating and Configuring Calliope model: 8b4b1db23485c0c20037
[Calliope] Building Calliope model: 8b4b1db23485c0c20037
[Calliope] Solving Calliope model: 8b4b1db23485c0c20037
[Calliope] Solution saved to: SoC_proxy_TSA/data/calliope_models/8b4b1db23485c0c20037.nc
[SoC Proxy] Tuner: c*=0.746999 lost=0.000e+00 | margin=4.000% -> curtailment=0.717119
[SoC Proxy] curtailment forecast: 71.71%
 ------------------------------------------------------- 
 ----- K-Medoid, reps=45, SocDelta, W_proxy=1  -----
 -----      cd2026b3330a0e30f455      ----- 
 ------------------------------------------------------- 
[Model] Parameter json saved to SoC_proxy_TSA/data/parameters/cd2026b3330a0e30f455.json
[TSA] Extracting features dataframe for cd2026b3330a0e30f455
[SoC Proxy] Tuner: c*=0.742199 lost=0.000e+00 | margin=4.000% -> curtailment=0.712511
[SoC Proxy] curtailment forecast: 71.25%
[TSA]: Applying hierarchical clustering method, with medoidRepresentation representation.
weight of "solar" set to the minmal tolerable weighting
weight of "onshore_wind" set to the minmal tolerable weighting
weight of "offshore_wind" set to the minmal tolerable weighting
weight of "demand_power" set to the minmal tolerable weighting
[TSA] successfully applied. Results saved to SoC_proxy_TSA/data/cluster_maps/cd2026b3330a0e30f455.csv.
[TSA] cluster completed in 1.96
[Calliope] Validating and Configuring Calliope model: cd2026b3330a0e30f455
[Calliope] Building Calliope model: cd2026b3330a0e30f455
[Calliope] Solving Calliope model: cd2026b3330a0e30f455
[Calliope] Solution saved to: SoC_proxy_TSA/data/calliope_models/cd2026b3330a0e30f455.nc
[SoC Proxy] Tuner: c*=0.738303 lost=0.000e+00 | margin=4.000% -> curtailment=0.708771
[SoC Proxy] curtailment forecast: 70.88%
 ------------------------------------------------------- 
  
[Dispatch] running scenario Sensitivity_W_reps60
   
 ------------------------------------------------------- 
 ------------------------------------------------------- 
 ----- K-Medoid, reps=60, W_proxy=0.0  -----
 -----      4271cfa70313b0650123      ----- 
 ------------------------------------------------------- 
[Model] Parameter json saved to SoC_proxy_TSA/data/parameters/4271cfa70313b0650123.json
[TSA] Extracting features dataframe for 4271cfa70313b0650123
[TSA]: Applying hierarchical clustering method, with medoidRepresentation representation.
[TSA] successfully applied. Results saved to SoC_proxy_TSA/data/cluster_maps/4271cfa70313b0650123.csv.
[TSA] cluster completed in 1.20
[Calliope] Validating and Configuring Calliope model: 4271cfa70313b0650123
[Calliope] Building Calliope model: 4271cfa70313b0650123
[Calliope] Solving Calliope model: 4271cfa70313b0650123
[Calliope] Solution saved to: SoC_proxy_TSA/data/calliope_models/4271cfa70313b0650123.nc
 ------------------------------------------------------- 
 ----- K-Medoid, reps=60, SocDelta, W_proxy=0.25  -----
 -----      2e851e0dc4c4e7399b7b      ----- 
 ------------------------------------------------------- 
[Model] Parameter json saved to SoC_proxy_TSA/data/parameters/2e851e0dc4c4e7399b7b.json
[TSA] Extracting features dataframe for 2e851e0dc4c4e7399b7b
[SoC Proxy] Tuner: c*=0.742199 lost=0.000e+00 | margin=4.000% -> curtailment=0.712511
[SoC Proxy] curtailment forecast: 71.25%
[TSA]: Applying hierarchical clustering method, with medoidRepresentation representation.
[TSA] successfully applied. Results saved to SoC_proxy_TSA/data/cluster_maps/2e851e0dc4c4e7399b7b.csv.
[TSA] cluster completed in 1.91
[Calliope] Validating and Configuring Calliope model: 2e851e0dc4c4e7399b7b
[Calliope] Building Calliope model: 2e851e0dc4c4e7399b7b
[Calliope] Solving Calliope model: 2e851e0dc4c4e7399b7b
[Calliope] Solution saved to: SoC_proxy_TSA/data/calliope_models/2e851e0dc4c4e7399b7b.nc
[SoC Proxy] Tuner: c*=0.749758 lost=0.000e+00 | margin=4.000% -> curtailment=0.719768
[SoC Proxy] curtailment forecast: 71.98%
 ------------------------------------------------------- 
 ----- K-Medoid, reps=60, SocDelta, W_proxy=0.5  -----
 -----      4507661b6f039cd3864f      ----- 
 ------------------------------------------------------- 
[Model] Parameter json saved to SoC_proxy_TSA/data/parameters/4507661b6f039cd3864f.json
[TSA] Extracting features dataframe for 4507661b6f039cd3864f
[SoC Proxy] Tuner: c*=0.742199 lost=0.000e+00 | margin=4.000% -> curtailment=0.712511
[SoC Proxy] curtailment forecast: 71.25%
[TSA]: Applying hierarchical clustering method, with medoidRepresentation representation.
[TSA] successfully applied. Results saved to SoC_proxy_TSA/data/cluster_maps/4507661b6f039cd3864f.csv.
[TSA] cluster completed in 1.94
[Calliope] Validating and Configuring Calliope model: 4507661b6f039cd3864f
[Calliope] Building Calliope model: 4507661b6f039cd3864f
[Calliope] Solving Calliope model: 4507661b6f039cd3864f
[Calliope] Solution saved to: SoC_proxy_TSA/data/calliope_models/4507661b6f039cd3864f.nc
[SoC Proxy] Tuner: c*=0.754040 lost=0.000e+00 | margin=4.000% -> curtailment=0.723879
[SoC Proxy] curtailment forecast: 72.39%
 ------------------------------------------------------- 
 ----- K-Medoid, reps=60, SocDelta, W_proxy=0.75  -----
 -----      50c732139749ff433012      ----- 
 ------------------------------------------------------- 
[Model] Parameter json saved to SoC_proxy_TSA/data/parameters/50c732139749ff433012.json
[TSA] Extracting features dataframe for 50c732139749ff433012
[SoC Proxy] Tuner: c*=0.742199 lost=0.000e+00 | margin=4.000% -> curtailment=0.712511
[SoC Proxy] curtailment forecast: 71.25%
[TSA]: Applying hierarchical clustering method, with medoidRepresentation representation.
[TSA] successfully applied. Results saved to SoC_proxy_TSA/data/cluster_maps/50c732139749ff433012.csv.
[TSA] cluster completed in 1.89
[Calliope] Validating and Configuring Calliope model: 50c732139749ff433012
[Calliope] Building Calliope model: 50c732139749ff433012
[Calliope] Solving Calliope model: 50c732139749ff433012
[Calliope] Solution saved to: SoC_proxy_TSA/data/calliope_models/50c732139749ff433012.nc
[SoC Proxy] Tuner: c*=0.746163 lost=0.000e+00 | margin=4.000% -> curtailment=0.716316
[SoC Proxy] curtailment forecast: 71.63%
 ------------------------------------------------------- 
 ----- K-Medoid, reps=60, SocDelta, W_proxy=1  -----
 -----      4d8b46fb8c7d86ca9f43      ----- 
 ------------------------------------------------------- 
[Model] Parameter json saved to SoC_proxy_TSA/data/parameters/4d8b46fb8c7d86ca9f43.json
[TSA] Extracting features dataframe for 4d8b46fb8c7d86ca9f43
[SoC Proxy] Tuner: c*=0.742199 lost=0.000e+00 | margin=4.000% -> curtailment=0.712511
[SoC Proxy] curtailment forecast: 71.25%
[TSA]: Applying hierarchical clustering method, with medoidRepresentation representation.
weight of "solar" set to the minmal tolerable weighting
weight of "onshore_wind" set to the minmal tolerable weighting
weight of "offshore_wind" set to the minmal tolerable weighting
weight of "demand_power" set to the minmal tolerable weighting
[TSA] successfully applied. Results saved to SoC_proxy_TSA/data/cluster_maps/4d8b46fb8c7d86ca9f43.csv.
[TSA] cluster completed in 1.89
[Calliope] Validating and Configuring Calliope model: 4d8b46fb8c7d86ca9f43
[Calliope] Building Calliope model: 4d8b46fb8c7d86ca9f43
[Calliope] Solving Calliope model: 4d8b46fb8c7d86ca9f43
[Calliope] Solution saved to: SoC_proxy_TSA/data/calliope_models/4d8b46fb8c7d86ca9f43.nc
[SoC Proxy] Tuner: c*=0.740248 lost=0.000e+00 | margin=4.000% -> curtailment=0.710638
[SoC Proxy] curtailment forecast: 71.06%
 ------------------------------------------------------- 
  
[Dispatch] running scenario Sensitivity_W_reps90
   
 ------------------------------------------------------- 
 ------------------------------------------------------- 
 ----- K-Medoid, reps=90, W_proxy=0.0  -----
 -----      2c24bf2742dc002d7202      ----- 
 ------------------------------------------------------- 
[Model] Parameter json saved to SoC_proxy_TSA/data/parameters/2c24bf2742dc002d7202.json
[TSA] Extracting features dataframe for 2c24bf2742dc002d7202
[TSA]: Applying hierarchical clustering method, with medoidRepresentation representation.
[TSA] successfully applied. Results saved to SoC_proxy_TSA/data/cluster_maps/2c24bf2742dc002d7202.csv.
[TSA] cluster completed in 1.19
[Calliope] Validating and Configuring Calliope model: 2c24bf2742dc002d7202
[Calliope] Building Calliope model: 2c24bf2742dc002d7202
[Calliope] Solving Calliope model: 2c24bf2742dc002d7202
[Calliope] Solution saved to: SoC_proxy_TSA/data/calliope_models/2c24bf2742dc002d7202.nc
 ------------------------------------------------------- 
 ----- K-Medoid, reps=90, SocDelta, W_proxy=0.25  -----
 -----      e034f009eab4349dacb8      ----- 
 ------------------------------------------------------- 
[Model] Parameter json saved to SoC_proxy_TSA/data/parameters/e034f009eab4349dacb8.json
[TSA] Extracting features dataframe for e034f009eab4349dacb8
[SoC Proxy] Tuner: c*=0.742199 lost=0.000e+00 | margin=4.000% -> curtailment=0.712511
[SoC Proxy] curtailment forecast: 71.25%
[TSA]: Applying hierarchical clustering method, with medoidRepresentation representation.
[TSA] successfully applied. Results saved to SoC_proxy_TSA/data/cluster_maps/e034f009eab4349dacb8.csv.
[TSA] cluster completed in 2.08
[Calliope] Validating and Configuring Calliope model: e034f009eab4349dacb8
[Calliope] Building Calliope model: e034f009eab4349dacb8
[Calliope] Solving Calliope model: e034f009eab4349dacb8
[Calliope] Solution saved to: SoC_proxy_TSA/data/calliope_models/e034f009eab4349dacb8.nc
[SoC Proxy] Tuner: c*=0.747079 lost=0.000e+00 | margin=4.000% -> curtailment=0.717196
[SoC Proxy] curtailment forecast: 71.72%
 ------------------------------------------------------- 
 ----- K-Medoid, reps=90, SocDelta, W_proxy=0.5  -----
 -----      38c5a1a80d36c20c5914      ----- 
 ------------------------------------------------------- 
[Model] Parameter json saved to SoC_proxy_TSA/data/parameters/38c5a1a80d36c20c5914.json
[TSA] Extracting features dataframe for 38c5a1a80d36c20c5914
[SoC Proxy] Tuner: c*=0.742199 lost=0.000e+00 | margin=4.000% -> curtailment=0.712511
[SoC Proxy] curtailment forecast: 71.25%
[TSA]: Applying hierarchical clustering method, with medoidRepresentation representation.
[TSA] successfully applied. Results saved to SoC_proxy_TSA/data/cluster_maps/38c5a1a80d36c20c5914.csv.
[TSA] cluster completed in 1.92
[Calliope] Validating and Configuring Calliope model: 38c5a1a80d36c20c5914
[Calliope] Building Calliope model: 38c5a1a80d36c20c5914
[Calliope] Solving Calliope model: 38c5a1a80d36c20c5914
[Calliope] Solution saved to: SoC_proxy_TSA/data/calliope_models/38c5a1a80d36c20c5914.nc
[SoC Proxy] Tuner: c*=0.750236 lost=0.000e+00 | margin=4.000% -> curtailment=0.720227
[SoC Proxy] curtailment forecast: 72.02%
 ------------------------------------------------------- 
 ----- K-Medoid, reps=90, SocDelta, W_proxy=0.75  -----
 -----      d50d3208c6f46e11a436      ----- 
 ------------------------------------------------------- 
[Model] Parameter json saved to SoC_proxy_TSA/data/parameters/d50d3208c6f46e11a436.json
[TSA] Extracting features dataframe for d50d3208c6f46e11a436
[SoC Proxy] Tuner: c*=0.742199 lost=0.000e+00 | margin=4.000% -> curtailment=0.712511
[SoC Proxy] curtailment forecast: 71.25%
[TSA]: Applying hierarchical clustering method, with medoidRepresentation representation.
[TSA] successfully applied. Results saved to SoC_proxy_TSA/data/cluster_maps/d50d3208c6f46e11a436.csv.
[TSA] cluster completed in 1.92
[Calliope] Validating and Configuring Calliope model: d50d3208c6f46e11a436
[Calliope] Building Calliope model: d50d3208c6f46e11a436
[Calliope] Solving Calliope model: d50d3208c6f46e11a436
[Calliope] Solution saved to: SoC_proxy_TSA/data/calliope_models/d50d3208c6f46e11a436.nc
[SoC Proxy] Tuner: c*=0.752971 lost=0.000e+00 | margin=4.000% -> curtailment=0.722852
[SoC Proxy] curtailment forecast: 72.29%
 ------------------------------------------------------- 
 ----- K-Medoid, reps=90, SocDelta, W_proxy=1  -----
 -----      cf3ea28d2f3dcc19003f      ----- 
 ------------------------------------------------------- 
[Model] Parameter json saved to SoC_proxy_TSA/data/parameters/cf3ea28d2f3dcc19003f.json
[TSA] Extracting features dataframe for cf3ea28d2f3dcc19003f
[SoC Proxy] Tuner: c*=0.742199 lost=0.000e+00 | margin=4.000% -> curtailment=0.712511
[SoC Proxy] curtailment forecast: 71.25%
[TSA]: Applying hierarchical clustering method, with medoidRepresentation representation.
weight of "solar" set to the minmal tolerable weighting
weight of "onshore_wind" set to the minmal tolerable weighting
weight of "offshore_wind" set to the minmal tolerable weighting
weight of "demand_power" set to the minmal tolerable weighting
[TSA] successfully applied. Results saved to SoC_proxy_TSA/data/cluster_maps/cf3ea28d2f3dcc19003f.csv.
[TSA] cluster completed in 1.89
[Calliope] Validating and Configuring Calliope model: cf3ea28d2f3dcc19003f
[Calliope] Building Calliope model: cf3ea28d2f3dcc19003f
[Calliope] Solving Calliope model: cf3ea28d2f3dcc19003f
[Calliope] Solution saved to: SoC_proxy_TSA/data/calliope_models/cf3ea28d2f3dcc19003f.nc
[SoC Proxy] Tuner: c*=0.738791 lost=0.000e+00 | margin=4.000% -> curtailment=0.709240
[SoC Proxy] curtailment forecast: 70.92%
 ------------------------------------------------------- 
  
[Dispatch] running scenario Sensitivity_W_reps45
   
 ------------------------------------------------------- 
 ------------------------------------------------------- 
 ----- K-Medoid, reps=45, W_proxy=0.0  -----
 -----      d42e1b2f270ec5670ce8      ----- 
 ------------------------------------------------------- 
[Model] Parameter json saved to SoC_proxy_TSA/data/parameters/d42e1b2f270ec5670ce8.json
[TSA] Extracting features dataframe for d42e1b2f270ec5670ce8
[TSA]: Applying hierarchical clustering method, with medoidRepresentation representation.
[TSA] successfully applied. Results saved to SoC_proxy_TSA/data/cluster_maps/d42e1b2f270ec5670ce8.csv.
[TSA] cluster completed in 1.14
[Calliope] Validating and Configuring Calliope model: d42e1b2f270ec5670ce8
[Calliope] Building Calliope model: d42e1b2f270ec5670ce8
[Calliope] Solving Calliope model: d42e1b2f270ec5670ce8
[Calliope] Solution saved to: SoC_proxy_TSA/data/calliope_models/d42e1b2f270ec5670ce8.nc
 ------------------------------------------------------- 
 ----- K-Medoid, reps=45, SocDelta, W_proxy=0.25  -----
 -----      6ee437f4b69b2face436      ----- 
 ------------------------------------------------------- 
[Model] Parameter json saved to SoC_proxy_TSA/data/parameters/6ee437f4b69b2face436.json
[TSA] Extracting features dataframe for 6ee437f4b69b2face436
[SoC Proxy] Tuner: c*=0.740556 lost=0.000e+00 | margin=4.000% -> curtailment=0.710934
[SoC Proxy] curtailment forecast: 71.09%
[TSA]: Applying hierarchical clustering method, with medoidRepresentation representation.
[TSA] successfully applied. Results saved to SoC_proxy_TSA/data/cluster_maps/6ee437f4b69b2face436.csv.
[TSA] cluster completed in 1.93
[Calliope] Validating and Configuring Calliope model: 6ee437f4b69b2face436
[Calliope] Building Calliope model: 6ee437f4b69b2face436
[Calliope] Solving Calliope model: 6ee437f4b69b2face436
[Calliope] Solution saved to: SoC_proxy_TSA/data/calliope_models/6ee437f4b69b2face436.nc
[SoC Proxy] Tuner: c*=0.750968 lost=0.000e+00 | margin=4.000% -> curtailment=0.720929
[SoC Proxy] curtailment forecast: 72.09%
 ------------------------------------------------------- 
 ----- K-Medoid, reps=45, SocDelta, W_proxy=0.5  -----
 -----      84d48419c6e006a955ff      ----- 
 ------------------------------------------------------- 
[Model] Parameter json saved to SoC_proxy_TSA/data/parameters/84d48419c6e006a955ff.json
[TSA] Extracting features dataframe for 84d48419c6e006a955ff
[SoC Proxy] Tuner: c*=0.740556 lost=0.000e+00 | margin=4.000% -> curtailment=0.710934
[SoC Proxy] curtailment forecast: 71.09%
[TSA]: Applying hierarchical clustering method, with medoidRepresentation representation.
[TSA] successfully applied. Results saved to SoC_proxy_TSA/data/cluster_maps/84d48419c6e006a955ff.csv.
[TSA] cluster completed in 1.92
[Calliope] Validating and Configuring Calliope model: 84d48419c6e006a955ff
[Calliope] Building Calliope model: 84d48419c6e006a955ff
[Calliope] Solving Calliope model: 84d48419c6e006a955ff
[Calliope] Solution saved to: SoC_proxy_TSA/data/calliope_models/84d48419c6e006a955ff.nc
[SoC Proxy] Tuner: c*=0.751156 lost=0.000e+00 | margin=4.000% -> curtailment=0.721110
[SoC Proxy] curtailment forecast: 72.11%
 ------------------------------------------------------- 
 ----- K-Medoid, reps=45, SocDelta, W_proxy=0.75  -----
 -----      6b5e669b9a1dd65901c4      ----- 
 ------------------------------------------------------- 
[Model] Parameter json saved to SoC_proxy_TSA/data/parameters/6b5e669b9a1dd65901c4.json
[TSA] Extracting features dataframe for 6b5e669b9a1dd65901c4
[SoC Proxy] Tuner: c*=0.740556 lost=0.000e+00 | margin=4.000% -> curtailment=0.710934
[SoC Proxy] curtailment forecast: 71.09%
[TSA]: Applying hierarchical clustering method, with medoidRepresentation representation.
[TSA] successfully applied. Results saved to SoC_proxy_TSA/data/cluster_maps/6b5e669b9a1dd65901c4.csv.
[TSA] cluster completed in 1.95
[Calliope] Validating and Configuring Calliope model: 6b5e669b9a1dd65901c4
[Calliope] Building Calliope model: 6b5e669b9a1dd65901c4
[Calliope] Solving Calliope model: 6b5e669b9a1dd65901c4
[Calliope] Solution saved to: SoC_proxy_TSA/data/calliope_models/6b5e669b9a1dd65901c4.nc
[SoC Proxy] Tuner: c*=0.753635 lost=0.000e+00 | margin=4.000% -> curtailment=0.723489
[SoC Proxy] curtailment forecast: 72.35%
 ------------------------------------------------------- 
 ----- K-Medoid, reps=45, SocDelta, W_proxy=1  -----
 -----      96357c5fb00773b95465      ----- 
 ------------------------------------------------------- 
[Model] Parameter json saved to SoC_proxy_TSA/data/parameters/96357c5fb00773b95465.json
[TSA] Extracting features dataframe for 96357c5fb00773b95465
[SoC Proxy] Tuner: c*=0.740556 lost=0.000e+00 | margin=4.000% -> curtailment=0.710934
[SoC Proxy] curtailment forecast: 71.09%
[TSA]: Applying hierarchical clustering method, with medoidRepresentation representation.
weight of "solar" set to the minmal tolerable weighting
weight of "onshore_wind" set to the minmal tolerable weighting
weight of "offshore_wind" set to the minmal tolerable weighting
weight of "demand_power" set to the minmal tolerable weighting
[TSA] successfully applied. Results saved to SoC_proxy_TSA/data/cluster_maps/96357c5fb00773b95465.csv.
[TSA] cluster completed in 1.91
[Calliope] Validating and Configuring Calliope model: 96357c5fb00773b95465
[Calliope] Building Calliope model: 96357c5fb00773b95465
[Calliope] Solving Calliope model: 96357c5fb00773b95465
[Calliope] Solution saved to: SoC_proxy_TSA/data/calliope_models/96357c5fb00773b95465.nc
[SoC Proxy] Tuner: c*=0.753012 lost=0.000e+00 | margin=4.000% -> curtailment=0.722891
[SoC Proxy] curtailment forecast: 72.29%
 ------------------------------------------------------- 
  
[Dispatch] running scenario Sensitivity_W_reps60
   
 ------------------------------------------------------- 
 ------------------------------------------------------- 
 ----- K-Medoid, reps=60, W_proxy=0.0  -----
 -----      69147dd40777436d9830      ----- 
 ------------------------------------------------------- 
[Model] Parameter json saved to SoC_proxy_TSA/data/parameters/69147dd40777436d9830.json
[TSA] Extracting features dataframe for 69147dd40777436d9830
[TSA]: Applying hierarchical clustering method, with medoidRepresentation representation.
[TSA] successfully applied. Results saved to SoC_proxy_TSA/data/cluster_maps/69147dd40777436d9830.csv.
[TSA] cluster completed in 1.15
[Calliope] Validating and Configuring Calliope model: 69147dd40777436d9830
[Calliope] Building Calliope model: 69147dd40777436d9830
[Calliope] Solving Calliope model: 69147dd40777436d9830
[Calliope] Solution saved to: SoC_proxy_TSA/data/calliope_models/69147dd40777436d9830.nc
 ------------------------------------------------------- 
 ----- K-Medoid, reps=60, SocDelta, W_proxy=0.25  -----
 -----      32fa56aa2d8f677fa154      ----- 
 ------------------------------------------------------- 
[Model] Parameter json saved to SoC_proxy_TSA/data/parameters/32fa56aa2d8f677fa154.json
[TSA] Extracting features dataframe for 32fa56aa2d8f677fa154
[SoC Proxy] Tuner: c*=0.740556 lost=0.000e+00 | margin=4.000% -> curtailment=0.710934
[SoC Proxy] curtailment forecast: 71.09%
[TSA]: Applying hierarchical clustering method, with medoidRepresentation representation.
[TSA] successfully applied. Results saved to SoC_proxy_TSA/data/cluster_maps/32fa56aa2d8f677fa154.csv.
[TSA] cluster completed in 1.92
[Calliope] Validating and Configuring Calliope model: 32fa56aa2d8f677fa154
[Calliope] Building Calliope model: 32fa56aa2d8f677fa154
[Calliope] Solving Calliope model: 32fa56aa2d8f677fa154
[Calliope] Solution saved to: SoC_proxy_TSA/data/calliope_models/32fa56aa2d8f677fa154.nc
[SoC Proxy] Tuner: c*=0.748166 lost=0.000e+00 | margin=4.000% -> curtailment=0.718239
[SoC Proxy] curtailment forecast: 71.82%
 ------------------------------------------------------- 
 ----- K-Medoid, reps=60, SocDelta, W_proxy=0.5  -----
 -----      46637c764537488266bd      ----- 
 ------------------------------------------------------- 
[Model] Parameter json saved to SoC_proxy_TSA/data/parameters/46637c764537488266bd.json
[TSA] Extracting features dataframe for 46637c764537488266bd
[SoC Proxy] Tuner: c*=0.740556 lost=0.000e+00 | margin=4.000% -> curtailment=0.710934
[SoC Proxy] curtailment forecast: 71.09%
[TSA]: Applying hierarchical clustering method, with medoidRepresentation representation.
[TSA] successfully applied. Results saved to SoC_proxy_TSA/data/cluster_maps/46637c764537488266bd.csv.
[TSA] cluster completed in 1.91
[Calliope] Validating and Configuring Calliope model: 46637c764537488266bd
[Calliope] Building Calliope model: 46637c764537488266bd
[Calliope] Solving Calliope model: 46637c764537488266bd
[Calliope] Solution saved to: SoC_proxy_TSA/data/calliope_models/46637c764537488266bd.nc
[SoC Proxy] Tuner: c*=0.748737 lost=0.000e+00 | margin=4.000% -> curtailment=0.718787
[SoC Proxy] curtailment forecast: 71.88%
 ------------------------------------------------------- 
 ----- K-Medoid, reps=60, SocDelta, W_proxy=0.75  -----
 -----      8c93a959200030207885      ----- 
 ------------------------------------------------------- 
[Model] Parameter json saved to SoC_proxy_TSA/data/parameters/8c93a959200030207885.json
[TSA] Extracting features dataframe for 8c93a959200030207885
[SoC Proxy] Tuner: c*=0.740556 lost=0.000e+00 | margin=4.000% -> curtailment=0.710934
[SoC Proxy] curtailment forecast: 71.09%
[TSA]: Applying hierarchical clustering method, with medoidRepresentation representation.
[TSA] successfully applied. Results saved to SoC_proxy_TSA/data/cluster_maps/8c93a959200030207885.csv.
[TSA] cluster completed in 1.93
[Calliope] Validating and Configuring Calliope model: 8c93a959200030207885
[Calliope] Building Calliope model: 8c93a959200030207885
[Calliope] Solving Calliope model: 8c93a959200030207885
[Calliope] Solution saved to: SoC_proxy_TSA/data/calliope_models/8c93a959200030207885.nc
[SoC Proxy] Tuner: c*=0.753377 lost=0.000e+00 | margin=4.000% -> curtailment=0.723242
[SoC Proxy] curtailment forecast: 72.32%
 ------------------------------------------------------- 
 ----- K-Medoid, reps=60, SocDelta, W_proxy=1  -----
 -----      34004a9d61307288307f      ----- 
 ------------------------------------------------------- 
[Model] Parameter json saved to SoC_proxy_TSA/data/parameters/34004a9d61307288307f.json
[TSA] Extracting features dataframe for 34004a9d61307288307f
[SoC Proxy] Tuner: c*=0.740556 lost=0.000e+00 | margin=4.000% -> curtailment=0.710934
[SoC Proxy] curtailment forecast: 71.09%
[TSA]: Applying hierarchical clustering method, with medoidRepresentation representation.
weight of "solar" set to the minmal tolerable weighting
weight of "onshore_wind" set to the minmal tolerable weighting
weight of "offshore_wind" set to the minmal tolerable weighting
weight of "demand_power" set to the minmal tolerable weighting
[TSA] successfully applied. Results saved to SoC_proxy_TSA/data/cluster_maps/34004a9d61307288307f.csv.
[TSA] cluster completed in 1.95
[Calliope] Validating and Configuring Calliope model: 34004a9d61307288307f
[Calliope] Building Calliope model: 34004a9d61307288307f
[Calliope] Solving Calliope model: 34004a9d61307288307f
[Calliope] Solution saved to: SoC_proxy_TSA/data/calliope_models/34004a9d61307288307f.nc
[SoC Proxy] Tuner: c*=0.746599 lost=0.000e+00 | margin=4.000% -> curtailment=0.716735
[SoC Proxy] curtailment forecast: 71.67%
 ------------------------------------------------------- 
  
[Dispatch] running scenario Sensitivity_W_reps90
   
 ------------------------------------------------------- 
 ------------------------------------------------------- 
 ----- K-Medoid, reps=90, W_proxy=0.0  -----
 -----      9e754a37b8f5d7f86f44      ----- 
 ------------------------------------------------------- 
[Model] Parameter json saved to SoC_proxy_TSA/data/parameters/9e754a37b8f5d7f86f44.json
[TSA] Extracting features dataframe for 9e754a37b8f5d7f86f44
[TSA]: Applying hierarchical clustering method, with medoidRepresentation representation.
[TSA] successfully applied. Results saved to SoC_proxy_TSA/data/cluster_maps/9e754a37b8f5d7f86f44.csv.
[TSA] cluster completed in 1.19
[Calliope] Validating and Configuring Calliope model: 9e754a37b8f5d7f86f44
[Calliope] Building Calliope model: 9e754a37b8f5d7f86f44
[Calliope] Solving Calliope model: 9e754a37b8f5d7f86f44
[Calliope] Solution saved to: SoC_proxy_TSA/data/calliope_models/9e754a37b8f5d7f86f44.nc
 ------------------------------------------------------- 
 ----- K-Medoid, reps=90, SocDelta, W_proxy=0.25  -----
 -----      808516bc858c26fbf5d8      ----- 
 ------------------------------------------------------- 
[Model] Parameter json saved to SoC_proxy_TSA/data/parameters/808516bc858c26fbf5d8.json
[TSA] Extracting features dataframe for 808516bc858c26fbf5d8
[SoC Proxy] Tuner: c*=0.740556 lost=0.000e+00 | margin=4.000% -> curtailment=0.710934
[SoC Proxy] curtailment forecast: 71.09%
[TSA]: Applying hierarchical clustering method, with medoidRepresentation representation.
[TSA] successfully applied. Results saved to SoC_proxy_TSA/data/cluster_maps/808516bc858c26fbf5d8.csv.
[TSA] cluster completed in 1.95
[Calliope] Validating and Configuring Calliope model: 808516bc858c26fbf5d8
[Calliope] Building Calliope model: 808516bc858c26fbf5d8
[Calliope] Solving Calliope model: 808516bc858c26fbf5d8
[Calliope] Solution saved to: SoC_proxy_TSA/data/calliope_models/808516bc858c26fbf5d8.nc
[SoC Proxy] Tuner: c*=0.747166 lost=0.000e+00 | margin=4.000% -> curtailment=0.717279
[SoC Proxy] curtailment forecast: 71.73%
 ------------------------------------------------------- 
 ----- K-Medoid, reps=90, SocDelta, W_proxy=0.5  -----
 -----      8fc14f8d640265cdab89      ----- 
 ------------------------------------------------------- 
[Model] Parameter json saved to SoC_proxy_TSA/data/parameters/8fc14f8d640265cdab89.json
[TSA] Extracting features dataframe for 8fc14f8d640265cdab89
[SoC Proxy] Tuner: c*=0.740556 lost=0.000e+00 | margin=4.000% -> curtailment=0.710934
[SoC Proxy] curtailment forecast: 71.09%
[TSA]: Applying hierarchical clustering method, with medoidRepresentation representation.
[TSA] successfully applied. Results saved to SoC_proxy_TSA/data/cluster_maps/8fc14f8d640265cdab89.csv.
[TSA] cluster completed in 1.88
[Calliope] Validating and Configuring Calliope model: 8fc14f8d640265cdab89
[Calliope] Building Calliope model: 8fc14f8d640265cdab89
[Calliope] Solving Calliope model: 8fc14f8d640265cdab89
[Calliope] Solution saved to: SoC_proxy_TSA/data/calliope_models/8fc14f8d640265cdab89.nc
[SoC Proxy] Tuner: c*=0.749491 lost=0.000e+00 | margin=4.000% -> curtailment=0.719511
[SoC Proxy] curtailment forecast: 71.95%
 ------------------------------------------------------- 
 ----- K-Medoid, reps=90, SocDelta, W_proxy=0.75  -----
 -----      4fd22188bc5f954ab4b6      ----- 
 ------------------------------------------------------- 
[Model] Parameter json saved to SoC_proxy_TSA/data/parameters/4fd22188bc5f954ab4b6.json
[TSA] Extracting features dataframe for 4fd22188bc5f954ab4b6
[SoC Proxy] Tuner: c*=0.740556 lost=0.000e+00 | margin=4.000% -> curtailment=0.710934
[SoC Proxy] curtailment forecast: 71.09%
[TSA]: Applying hierarchical clustering method, with medoidRepresentation representation.
[TSA] successfully applied. Results saved to SoC_proxy_TSA/data/cluster_maps/4fd22188bc5f954ab4b6.csv.
[TSA] cluster completed in 1.93
[Calliope] Validating and Configuring Calliope model: 4fd22188bc5f954ab4b6
[Calliope] Building Calliope model: 4fd22188bc5f954ab4b6
[Calliope] Solving Calliope model: 4fd22188bc5f954ab4b6
[Calliope] Solution saved to: SoC_proxy_TSA/data/calliope_models/4fd22188bc5f954ab4b6.nc
[SoC Proxy] Tuner: c*=0.745295 lost=0.000e+00 | margin=4.000% -> curtailment=0.715484
[SoC Proxy] curtailment forecast: 71.55%
 ------------------------------------------------------- 
 ----- K-Medoid, reps=90, SocDelta, W_proxy=1  -----
 -----      93c246407e8d798a3e46      ----- 
 ------------------------------------------------------- 
[Model] Parameter json saved to SoC_proxy_TSA/data/parameters/93c246407e8d798a3e46.json
[TSA] Extracting features dataframe for 93c246407e8d798a3e46
[SoC Proxy] Tuner: c*=0.740556 lost=0.000e+00 | margin=4.000% -> curtailment=0.710934
[SoC Proxy] curtailment forecast: 71.09%
[TSA]: Applying hierarchical clustering method, with medoidRepresentation representation.
weight of "solar" set to the minmal tolerable weighting
weight of "onshore_wind" set to the minmal tolerable weighting
weight of "offshore_wind" set to the minmal tolerable weighting
weight of "demand_power" set to the minmal tolerable weighting
[TSA] successfully applied. Results saved to SoC_proxy_TSA/data/cluster_maps/93c246407e8d798a3e46.csv.
[TSA] cluster completed in 1.95
[Calliope] Validating and Configuring Calliope model: 93c246407e8d798a3e46
[Calliope] Building Calliope model: 93c246407e8d798a3e46
[Calliope] Solving Calliope model: 93c246407e8d798a3e46
[Calliope] Solution saved to: SoC_proxy_TSA/data/calliope_models/93c246407e8d798a3e46.nc
[SoC Proxy] Tuner: c*=0.736578 lost=0.000e+00 | margin=4.000% -> curtailment=0.707115
[SoC Proxy] ⚠ Warning: SoC Proxy severely non-cyclical (end-start = -1.035e+04)
[SoC Proxy] curtailment forecast: 70.71%
 ------------------------------------------------------- 
  
[Dispatch] running scenario Sensitivity_W_reps45
   
 ------------------------------------------------------- 
 ------------------------------------------------------- 
 ----- K-Medoid, reps=45, W_proxy=0.0  -----
 -----      0b6a71b373c27133d068      ----- 
 ------------------------------------------------------- 
[Model] Parameter json saved to SoC_proxy_TSA/data/parameters/0b6a71b373c27133d068.json
[TSA] Extracting features dataframe for 0b6a71b373c27133d068
[TSA]: Applying hierarchical clustering method, with medoidRepresentation representation.
[TSA] successfully applied. Results saved to SoC_proxy_TSA/data/cluster_maps/0b6a71b373c27133d068.csv.
[TSA] cluster completed in 1.14
[Calliope] Validating and Configuring Calliope model: 0b6a71b373c27133d068
[Calliope] Building Calliope model: 0b6a71b373c27133d068
[Calliope] Solving Calliope model: 0b6a71b373c27133d068
[Calliope] Solution saved to: SoC_proxy_TSA/data/calliope_models/0b6a71b373c27133d068.nc
 ------------------------------------------------------- 
 ----- K-Medoid, reps=45, SocDelta, W_proxy=0.25  -----
 -----      2ff88b39bbad1868a35d      ----- 
 ------------------------------------------------------- 
[Model] Parameter json saved to SoC_proxy_TSA/data/parameters/2ff88b39bbad1868a35d.json
[TSA] Extracting features dataframe for 2ff88b39bbad1868a35d
[SoC Proxy] Tuner: c*=0.744380 lost=0.000e+00 | margin=4.000% -> curtailment=0.714605
[SoC Proxy] curtailment forecast: 71.46%
[TSA]: Applying hierarchical clustering method, with medoidRepresentation representation.
[TSA] successfully applied. Results saved to SoC_proxy_TSA/data/cluster_maps/2ff88b39bbad1868a35d.csv.
[TSA] cluster completed in 2.01
[Calliope] Validating and Configuring Calliope model: 2ff88b39bbad1868a35d
[Calliope] Building Calliope model: 2ff88b39bbad1868a35d
[Calliope] Solving Calliope model: 2ff88b39bbad1868a35d
[Calliope] Solution saved to: SoC_proxy_TSA/data/calliope_models/2ff88b39bbad1868a35d.nc
[SoC Proxy] Tuner: c*=0.746067 lost=0.000e+00 | margin=4.000% -> curtailment=0.716224
[SoC Proxy] curtailment forecast: 71.62%
 ------------------------------------------------------- 
 ----- K-Medoid, reps=45, SocDelta, W_proxy=0.5  -----
 -----      6d07a654d136e2f6b7f3      ----- 
 ------------------------------------------------------- 
[Model] Parameter json saved to SoC_proxy_TSA/data/parameters/6d07a654d136e2f6b7f3.json
[TSA] Extracting features dataframe for 6d07a654d136e2f6b7f3
[SoC Proxy] Tuner: c*=0.744380 lost=0.000e+00 | margin=4.000% -> curtailment=0.714605
[SoC Proxy] curtailment forecast: 71.46%
[TSA]: Applying hierarchical clustering method, with medoidRepresentation representation.
[TSA] successfully applied. Results saved to SoC_proxy_TSA/data/cluster_maps/6d07a654d136e2f6b7f3.csv.
[TSA] cluster completed in 1.91
[Calliope] Validating and Configuring Calliope model: 6d07a654d136e2f6b7f3
[Calliope] Building Calliope model: 6d07a654d136e2f6b7f3
[Calliope] Solving Calliope model: 6d07a654d136e2f6b7f3
[Calliope] Solution saved to: SoC_proxy_TSA/data/calliope_models/6d07a654d136e2f6b7f3.nc
[SoC Proxy] Tuner: c*=0.757677 lost=0.000e+00 | margin=4.000% -> curtailment=0.727370
[SoC Proxy] curtailment forecast: 72.74%
 ------------------------------------------------------- 
 ----- K-Medoid, reps=45, SocDelta, W_proxy=0.75  -----
 -----      e0fa3a50e60ea4567d5e      ----- 
 ------------------------------------------------------- 
[Model] Parameter json saved to SoC_proxy_TSA/data/parameters/e0fa3a50e60ea4567d5e.json
[TSA] Extracting features dataframe for e0fa3a50e60ea4567d5e
[SoC Proxy] Tuner: c*=0.744380 lost=0.000e+00 | margin=4.000% -> curtailment=0.714605
[SoC Proxy] curtailment forecast: 71.46%
[TSA]: Applying hierarchical clustering method, with medoidRepresentation representation.
[TSA] successfully applied. Results saved to SoC_proxy_TSA/data/cluster_maps/e0fa3a50e60ea4567d5e.csv.
[TSA] cluster completed in 1.92
[Calliope] Validating and Configuring Calliope model: e0fa3a50e60ea4567d5e
[Calliope] Building Calliope model: e0fa3a50e60ea4567d5e
[Calliope] Solving Calliope model: e0fa3a50e60ea4567d5e
[Calliope] Solution saved to: SoC_proxy_TSA/data/calliope_models/e0fa3a50e60ea4567d5e.nc
[SoC Proxy] Tuner: c*=0.743641 lost=0.000e+00 | margin=4.000% -> curtailment=0.713896
[SoC Proxy] curtailment forecast: 71.39%
 ------------------------------------------------------- 
 ----- K-Medoid, reps=45, SocDelta, W_proxy=1  -----
 -----      7c3ec742e01153807ff1      ----- 
 ------------------------------------------------------- 
[Model] Parameter json saved to SoC_proxy_TSA/data/parameters/7c3ec742e01153807ff1.json
[TSA] Extracting features dataframe for 7c3ec742e01153807ff1
[SoC Proxy] Tuner: c*=0.744380 lost=0.000e+00 | margin=4.000% -> curtailment=0.714605
[SoC Proxy] curtailment forecast: 71.46%
[TSA]: Applying hierarchical clustering method, with medoidRepresentation representation.
weight of "solar" set to the minmal tolerable weighting
weight of "onshore_wind" set to the minmal tolerable weighting
weight of "offshore_wind" set to the minmal tolerable weighting
weight of "demand_power" set to the minmal tolerable weighting
[TSA] successfully applied. Results saved to SoC_proxy_TSA/data/cluster_maps/7c3ec742e01153807ff1.csv.
[TSA] cluster completed in 1.91
[Calliope] Validating and Configuring Calliope model: 7c3ec742e01153807ff1
[Calliope] Building Calliope model: 7c3ec742e01153807ff1
[Calliope] Solving Calliope model: 7c3ec742e01153807ff1
[Calliope] Solution saved to: SoC_proxy_TSA/data/calliope_models/7c3ec742e01153807ff1.nc
[SoC Proxy] Tuner: c*=0.746840 lost=0.000e+00 | margin=4.000% -> curtailment=0.716966
[SoC Proxy] curtailment forecast: 71.70%
 ------------------------------------------------------- 
  
[Dispatch] running scenario Sensitivity_W_reps60
   
 ------------------------------------------------------- 
 ------------------------------------------------------- 
 ----- K-Medoid, reps=60, W_proxy=0.0  -----
 -----      25d48354b0956295d723      ----- 
 ------------------------------------------------------- 
[Model] Parameter json saved to SoC_proxy_TSA/data/parameters/25d48354b0956295d723.json
[TSA] Extracting features dataframe for 25d48354b0956295d723
[TSA]: Applying hierarchical clustering method, with medoidRepresentation representation.
[TSA] successfully applied. Results saved to SoC_proxy_TSA/data/cluster_maps/25d48354b0956295d723.csv.
[TSA] cluster completed in 1.19
[Calliope] Validating and Configuring Calliope model: 25d48354b0956295d723
[Calliope] Building Calliope model: 25d48354b0956295d723
[Calliope] Solving Calliope model: 25d48354b0956295d723
[Calliope] Solution saved to: SoC_proxy_TSA/data/calliope_models/25d48354b0956295d723.nc
 ------------------------------------------------------- 
 ----- K-Medoid, reps=60, SocDelta, W_proxy=0.25  -----
 -----      f651e3ddb1d8fbf55af6      ----- 
 ------------------------------------------------------- 
[Model] Parameter json saved to SoC_proxy_TSA/data/parameters/f651e3ddb1d8fbf55af6.json
[TSA] Extracting features dataframe for f651e3ddb1d8fbf55af6
[SoC Proxy] Tuner: c*=0.744380 lost=0.000e+00 | margin=4.000% -> curtailment=0.714605
[SoC Proxy] curtailment forecast: 71.46%
[TSA]: Applying hierarchical clustering method, with medoidRepresentation representation.
[TSA] successfully applied. Results saved to SoC_proxy_TSA/data/cluster_maps/f651e3ddb1d8fbf55af6.csv.
[TSA] cluster completed in 1.94
[Calliope] Validating and Configuring Calliope model: f651e3ddb1d8fbf55af6
[Calliope] Building Calliope model: f651e3ddb1d8fbf55af6
[Calliope] Solving Calliope model: f651e3ddb1d8fbf55af6
[Calliope] Solution saved to: SoC_proxy_TSA/data/calliope_models/f651e3ddb1d8fbf55af6.nc
[SoC Proxy] Tuner: c*=0.749075 lost=0.000e+00 | margin=4.000% -> curtailment=0.719112
[SoC Proxy] curtailment forecast: 71.91%
 ------------------------------------------------------- 
 ----- K-Medoid, reps=60, SocDelta, W_proxy=0.5  -----
 -----      757338b67dd133c29ca0      ----- 
 ------------------------------------------------------- 
[Model] Parameter json saved to SoC_proxy_TSA/data/parameters/757338b67dd133c29ca0.json
[TSA] Extracting features dataframe for 757338b67dd133c29ca0
[SoC Proxy] Tuner: c*=0.744380 lost=0.000e+00 | margin=4.000% -> curtailment=0.714605
[SoC Proxy] curtailment forecast: 71.46%
[TSA]: Applying hierarchical clustering method, with medoidRepresentation representation.
[TSA] successfully applied. Results saved to SoC_proxy_TSA/data/cluster_maps/757338b67dd133c29ca0.csv.
[TSA] cluster completed in 2.37
[Calliope] Validating and Configuring Calliope model: 757338b67dd133c29ca0
[Calliope] Building Calliope model: 757338b67dd133c29ca0
[Calliope] Solving Calliope model: 757338b67dd133c29ca0
[Calliope] Solution saved to: SoC_proxy_TSA/data/calliope_models/757338b67dd133c29ca0.nc
[SoC Proxy] Tuner: c*=0.755997 lost=0.000e+00 | margin=4.000% -> curtailment=0.725757
[SoC Proxy] curtailment forecast: 72.58%
 ------------------------------------------------------- 
 ----- K-Medoid, reps=60, SocDelta, W_proxy=0.75  -----
 -----      a9da74283dfba1655827      ----- 
 ------------------------------------------------------- 
[Model] Parameter json saved to SoC_proxy_TSA/data/parameters/a9da74283dfba1655827.json
[TSA] Extracting features dataframe for a9da74283dfba1655827
[SoC Proxy] Tuner: c*=0.744380 lost=0.000e+00 | margin=4.000% -> curtailment=0.714605
[SoC Proxy] curtailment forecast: 71.46%
[TSA]: Applying hierarchical clustering method, with medoidRepresentation representation.
[TSA] successfully applied. Results saved to SoC_proxy_TSA/data/cluster_maps/a9da74283dfba1655827.csv.
[TSA] cluster completed in 1.95
[Calliope] Validating and Configuring Calliope model: a9da74283dfba1655827
[Calliope] Building Calliope model: a9da74283dfba1655827
[Calliope] Solving Calliope model: a9da74283dfba1655827
[Calliope] Solution saved to: SoC_proxy_TSA/data/calliope_models/a9da74283dfba1655827.nc
[SoC Proxy] Tuner: c*=0.751168 lost=0.000e+00 | margin=4.000% -> curtailment=0.721121
[SoC Proxy] curtailment forecast: 72.11%
 ------------------------------------------------------- 
 ----- K-Medoid, reps=60, SocDelta, W_proxy=1  -----
 -----      8cea3bf5938950f84bc2      ----- 
 ------------------------------------------------------- 
[Model] Parameter json saved to SoC_proxy_TSA/data/parameters/8cea3bf5938950f84bc2.json
[TSA] Extracting features dataframe for 8cea3bf5938950f84bc2
[SoC Proxy] Tuner: c*=0.744380 lost=0.000e+00 | margin=4.000% -> curtailment=0.714605
[SoC Proxy] curtailment forecast: 71.46%
[TSA]: Applying hierarchical clustering method, with medoidRepresentation representation.
weight of "solar" set to the minmal tolerable weighting
weight of "onshore_wind" set to the minmal tolerable weighting
weight of "offshore_wind" set to the minmal tolerable weighting
weight of "demand_power" set to the minmal tolerable weighting
[TSA] successfully applied. Results saved to SoC_proxy_TSA/data/cluster_maps/8cea3bf5938950f84bc2.csv.
[TSA] cluster completed in 1.93
[Calliope] Validating and Configuring Calliope model: 8cea3bf5938950f84bc2
[Calliope] Building Calliope model: 8cea3bf5938950f84bc2
[Calliope] Solving Calliope model: 8cea3bf5938950f84bc2
[Calliope] Solution saved to: SoC_proxy_TSA/data/calliope_models/8cea3bf5938950f84bc2.nc
[SoC Proxy] Tuner: c*=0.738269 lost=0.000e+00 | margin=4.000% -> curtailment=0.708738
[SoC Proxy] curtailment forecast: 70.87%
 ------------------------------------------------------- 
  
[Dispatch] running scenario Sensitivity_W_reps90
   
 ------------------------------------------------------- 
 ------------------------------------------------------- 
 ----- K-Medoid, reps=90, W_proxy=0.0  -----
 -----      45b3f46811581993d719      ----- 
 ------------------------------------------------------- 
[Model] Parameter json saved to SoC_proxy_TSA/data/parameters/45b3f46811581993d719.json
[TSA] Extracting features dataframe for 45b3f46811581993d719
[TSA]: Applying hierarchical clustering method, with medoidRepresentation representation.
[TSA] successfully applied. Results saved to SoC_proxy_TSA/data/cluster_maps/45b3f46811581993d719.csv.
[TSA] cluster completed in 1.19
[Calliope] Validating and Configuring Calliope model: 45b3f46811581993d719
[Calliope] Building Calliope model: 45b3f46811581993d719
[Calliope] Solving Calliope model: 45b3f46811581993d719
[Calliope] Solution saved to: SoC_proxy_TSA/data/calliope_models/45b3f46811581993d719.nc
 ------------------------------------------------------- 
 ----- K-Medoid, reps=90, SocDelta, W_proxy=0.25  -----
 -----      8781e121bcbb27f05ad3      ----- 
 ------------------------------------------------------- 
[Model] Parameter json saved to SoC_proxy_TSA/data/parameters/8781e121bcbb27f05ad3.json
[TSA] Extracting features dataframe for 8781e121bcbb27f05ad3
[SoC Proxy] Tuner: c*=0.744380 lost=0.000e+00 | margin=4.000% -> curtailment=0.714605
[SoC Proxy] curtailment forecast: 71.46%
[TSA]: Applying hierarchical clustering method, with medoidRepresentation representation.
[TSA] successfully applied. Results saved to SoC_proxy_TSA/data/cluster_maps/8781e121bcbb27f05ad3.csv.
[TSA] cluster completed in 1.93
[Calliope] Validating and Configuring Calliope model: 8781e121bcbb27f05ad3
[Calliope] Building Calliope model: 8781e121bcbb27f05ad3
[Calliope] Solving Calliope model: 8781e121bcbb27f05ad3
[Calliope] Solution saved to: SoC_proxy_TSA/data/calliope_models/8781e121bcbb27f05ad3.nc
[SoC Proxy] Tuner: c*=0.750249 lost=0.000e+00 | margin=4.000% -> curtailment=0.720240
[SoC Proxy] curtailment forecast: 72.02%
 ------------------------------------------------------- 
 ----- K-Medoid, reps=90, SocDelta, W_proxy=0.5  -----
 -----      e5305b3cf00682d99651      ----- 
 ------------------------------------------------------- 
[Model] Parameter json saved to SoC_proxy_TSA/data/parameters/e5305b3cf00682d99651.json
[TSA] Extracting features dataframe for e5305b3cf00682d99651
[SoC Proxy] Tuner: c*=0.744380 lost=0.000e+00 | margin=4.000% -> curtailment=0.714605
[SoC Proxy] curtailment forecast: 71.46%
[TSA]: Applying hierarchical clustering method, with medoidRepresentation representation.
[TSA] successfully applied. Results saved to SoC_proxy_TSA/data/cluster_maps/e5305b3cf00682d99651.csv.
[TSA] cluster completed in 1.94
[Calliope] Validating and Configuring Calliope model: e5305b3cf00682d99651
[Calliope] Building Calliope model: e5305b3cf00682d99651
[Calliope] Solving Calliope model: e5305b3cf00682d99651
[Calliope] Solution saved to: SoC_proxy_TSA/data/calliope_models/e5305b3cf00682d99651.nc
[SoC Proxy] Tuner: c*=0.758138 lost=0.000e+00 | margin=4.000% -> curtailment=0.727812
[SoC Proxy] curtailment forecast: 72.78%
 ------------------------------------------------------- 
 ----- K-Medoid, reps=90, SocDelta, W_proxy=0.75  -----
 -----      6ab06998893eb710f471      ----- 
 ------------------------------------------------------- 
[Model] Parameter json saved to SoC_proxy_TSA/data/parameters/6ab06998893eb710f471.json
[TSA] Extracting features dataframe for 6ab06998893eb710f471
[SoC Proxy] Tuner: c*=0.744380 lost=0.000e+00 | margin=4.000% -> curtailment=0.714605
[SoC Proxy] curtailment forecast: 71.46%
[TSA]: Applying hierarchical clustering method, with medoidRepresentation representation.
[TSA] successfully applied. Results saved to SoC_proxy_TSA/data/cluster_maps/6ab06998893eb710f471.csv.
[TSA] cluster completed in 1.93
[Calliope] Validating and Configuring Calliope model: 6ab06998893eb710f471
[Calliope] Building Calliope model: 6ab06998893eb710f471
[Calliope] Solving Calliope model: 6ab06998893eb710f471
[Calliope] Solution saved to: SoC_proxy_TSA/data/calliope_models/6ab06998893eb710f471.nc
[SoC Proxy] Tuner: c*=0.747260 lost=0.000e+00 | margin=4.000% -> curtailment=0.717369
[SoC Proxy] curtailment forecast: 71.74%
 ------------------------------------------------------- 
 ----- K-Medoid, reps=90, SocDelta, W_proxy=1  -----
 -----      6a212114f8fb88e3d3e0      ----- 
 ------------------------------------------------------- 
[Model] Parameter json saved to SoC_proxy_TSA/data/parameters/6a212114f8fb88e3d3e0.json
[TSA] Extracting features dataframe for 6a212114f8fb88e3d3e0
[SoC Proxy] Tuner: c*=0.744380 lost=0.000e+00 | margin=4.000% -> curtailment=0.714605
[SoC Proxy] curtailment forecast: 71.46%
[TSA]: Applying hierarchical clustering method, with medoidRepresentation representation.
weight of "solar" set to the minmal tolerable weighting
weight of "onshore_wind" set to the minmal tolerable weighting
weight of "offshore_wind" set to the minmal tolerable weighting
weight of "demand_power" set to the minmal tolerable weighting
[TSA] successfully applied. Results saved to SoC_proxy_TSA/data/cluster_maps/6a212114f8fb88e3d3e0.csv.
[TSA] cluster completed in 1.89
[Calliope] Validating and Configuring Calliope model: 6a212114f8fb88e3d3e0
[Calliope] Building Calliope model: 6a212114f8fb88e3d3e0
[Calliope] Solving Calliope model: 6a212114f8fb88e3d3e0
[Calliope] Solution saved to: SoC_proxy_TSA/data/calliope_models/6a212114f8fb88e3d3e0.nc
[SoC Proxy] Tuner: c*=0.740540 lost=0.000e+00 | margin=4.000% -> curtailment=0.710919
[SoC Proxy] curtailment forecast: 71.09%
 ------------------------------------------------------- 
  
[Dispatch] running scenario Sensitivity_W_reps45
   
 ------------------------------------------------------- 
 ------------------------------------------------------- 
 ----- K-Medoid, reps=45, W_proxy=0.0  -----
 -----      8dcf039dbdd27f431063      ----- 
 ------------------------------------------------------- 
[Model] Parameter json saved to SoC_proxy_TSA/data/parameters/8dcf039dbdd27f431063.json
[TSA] Extracting features dataframe for 8dcf039dbdd27f431063
[TSA]: Applying hierarchical clustering method, with medoidRepresentation representation.
[TSA] successfully applied. Results saved to SoC_proxy_TSA/data/cluster_maps/8dcf039dbdd27f431063.csv.
[TSA] cluster completed in 1.14
[Calliope] Validating and Configuring Calliope model: 8dcf039dbdd27f431063
[Calliope] Building Calliope model: 8dcf039dbdd27f431063
[Calliope] Solving Calliope model: 8dcf039dbdd27f431063
[Calliope] Solution saved to: SoC_proxy_TSA/data/calliope_models/8dcf039dbdd27f431063.nc
 ------------------------------------------------------- 
 ----- K-Medoid, reps=45, SocDelta, W_proxy=0.25  -----
 -----      29e4882d08208d62c8c0      ----- 
 ------------------------------------------------------- 
[Model] Parameter json saved to SoC_proxy_TSA/data/parameters/29e4882d08208d62c8c0.json
[TSA] Extracting features dataframe for 29e4882d08208d62c8c0
[SoC Proxy] Tuner: c*=0.743121 lost=0.000e+00 | margin=4.000% -> curtailment=0.713397
[SoC Proxy] curtailment forecast: 71.34%
[TSA]: Applying hierarchical clustering method, with medoidRepresentation representation.
[TSA] successfully applied. Results saved to SoC_proxy_TSA/data/cluster_maps/29e4882d08208d62c8c0.csv.
[TSA] cluster completed in 1.94
[Calliope] Validating and Configuring Calliope model: 29e4882d08208d62c8c0
[Calliope] Building Calliope model: 29e4882d08208d62c8c0
[Calliope] Solving Calliope model: 29e4882d08208d62c8c0
[Calliope] Solution saved to: SoC_proxy_TSA/data/calliope_models/29e4882d08208d62c8c0.nc
[SoC Proxy] Tuner: c*=0.755472 lost=0.000e+00 | margin=4.000% -> curtailment=0.725253
[SoC Proxy] curtailment forecast: 72.53%
 ------------------------------------------------------- 
 ----- K-Medoid, reps=45, SocDelta, W_proxy=0.5  -----
 -----      514f7d79b0a3b05f00aa      ----- 
 ------------------------------------------------------- 
[Model] Parameter json saved to SoC_proxy_TSA/data/parameters/514f7d79b0a3b05f00aa.json
[TSA] Extracting features dataframe for 514f7d79b0a3b05f00aa
[SoC Proxy] Tuner: c*=0.743121 lost=0.000e+00 | margin=4.000% -> curtailment=0.713397
[SoC Proxy] curtailment forecast: 71.34%
[TSA]: Applying hierarchical clustering method, with medoidRepresentation representation.
[TSA] successfully applied. Results saved to SoC_proxy_TSA/data/cluster_maps/514f7d79b0a3b05f00aa.csv.
[TSA] cluster completed in 1.97
[Calliope] Validating and Configuring Calliope model: 514f7d79b0a3b05f00aa
[Calliope] Building Calliope model: 514f7d79b0a3b05f00aa
[Calliope] Solving Calliope model: 514f7d79b0a3b05f00aa
[Calliope] Solution saved to: SoC_proxy_TSA/data/calliope_models/514f7d79b0a3b05f00aa.nc
[SoC Proxy] Tuner: c*=0.752264 lost=0.000e+00 | margin=4.000% -> curtailment=0.722174
[SoC Proxy] curtailment forecast: 72.22%
 ------------------------------------------------------- 
 ----- K-Medoid, reps=45, SocDelta, W_proxy=0.75  -----
 -----      a3014b7d4026e0e0a93d      ----- 
 ------------------------------------------------------- 
[Model] Parameter json saved to SoC_proxy_TSA/data/parameters/a3014b7d4026e0e0a93d.json
[TSA] Extracting features dataframe for a3014b7d4026e0e0a93d
[SoC Proxy] Tuner: c*=0.743121 lost=0.000e+00 | margin=4.000% -> curtailment=0.713397
[SoC Proxy] curtailment forecast: 71.34%
[TSA]: Applying hierarchical clustering method, with medoidRepresentation representation.
[TSA] successfully applied. Results saved to SoC_proxy_TSA/data/cluster_maps/a3014b7d4026e0e0a93d.csv.
[TSA] cluster completed in 1.91
[Calliope] Validating and Configuring Calliope model: a3014b7d4026e0e0a93d
[Calliope] Building Calliope model: a3014b7d4026e0e0a93d
[Calliope] Solving Calliope model: a3014b7d4026e0e0a93d
[Calliope] Solution saved to: SoC_proxy_TSA/data/calliope_models/a3014b7d4026e0e0a93d.nc
[SoC Proxy] Tuner: c*=0.752494 lost=0.000e+00 | margin=4.000% -> curtailment=0.722394
[SoC Proxy] curtailment forecast: 72.24%
 ------------------------------------------------------- 
 ----- K-Medoid, reps=45, SocDelta, W_proxy=1  -----
 -----      84e3ec37beee4b013d81      ----- 
 ------------------------------------------------------- 
[Model] Parameter json saved to SoC_proxy_TSA/data/parameters/84e3ec37beee4b013d81.json
[TSA] Extracting features dataframe for 84e3ec37beee4b013d81
[SoC Proxy] Tuner: c*=0.743121 lost=0.000e+00 | margin=4.000% -> curtailment=0.713397
[SoC Proxy] curtailment forecast: 71.34%
[TSA]: Applying hierarchical clustering method, with medoidRepresentation representation.
weight of "solar" set to the minmal tolerable weighting
weight of "onshore_wind" set to the minmal tolerable weighting
weight of "offshore_wind" set to the minmal tolerable weighting
weight of "demand_power" set to the minmal tolerable weighting
[TSA] successfully applied. Results saved to SoC_proxy_TSA/data/cluster_maps/84e3ec37beee4b013d81.csv.
[TSA] cluster completed in 1.97
[Calliope] Validating and Configuring Calliope model: 84e3ec37beee4b013d81
[Calliope] Building Calliope model: 84e3ec37beee4b013d81
[Calliope] Solving Calliope model: 84e3ec37beee4b013d81
[Calliope] Solution saved to: SoC_proxy_TSA/data/calliope_models/84e3ec37beee4b013d81.nc
[SoC Proxy] Tuner: c*=0.737642 lost=0.000e+00 | margin=4.000% -> curtailment=0.708136
[SoC Proxy] curtailment forecast: 70.81%
 ------------------------------------------------------- 
  
[Dispatch] running scenario Sensitivity_W_reps60
   
 ------------------------------------------------------- 
 ------------------------------------------------------- 
 ----- K-Medoid, reps=60, W_proxy=0.0  -----
 -----      7b6c0181858fe6da03cf      ----- 
 ------------------------------------------------------- 
[Model] Parameter json saved to SoC_proxy_TSA/data/parameters/7b6c0181858fe6da03cf.json
[TSA] Extracting features dataframe for 7b6c0181858fe6da03cf
[TSA]: Applying hierarchical clustering method, with medoidRepresentation representation.
[TSA] successfully applied. Results saved to SoC_proxy_TSA/data/cluster_maps/7b6c0181858fe6da03cf.csv.
[TSA] cluster completed in 1.17
[Calliope] Validating and Configuring Calliope model: 7b6c0181858fe6da03cf
[Calliope] Building Calliope model: 7b6c0181858fe6da03cf
[Calliope] Solving Calliope model: 7b6c0181858fe6da03cf
[Calliope] Solution saved to: SoC_proxy_TSA/data/calliope_models/7b6c0181858fe6da03cf.nc
 ------------------------------------------------------- 
 ----- K-Medoid, reps=60, SocDelta, W_proxy=0.25  -----
 -----      bfbd32a733b8c1ed5854      ----- 
 ------------------------------------------------------- 
[Model] Parameter json saved to SoC_proxy_TSA/data/parameters/bfbd32a733b8c1ed5854.json
[TSA] Extracting features dataframe for bfbd32a733b8c1ed5854
[SoC Proxy] Tuner: c*=0.743121 lost=0.000e+00 | margin=4.000% -> curtailment=0.713397
[SoC Proxy] curtailment forecast: 71.34%
[TSA]: Applying hierarchical clustering method, with medoidRepresentation representation.
[TSA] successfully applied. Results saved to SoC_proxy_TSA/data/cluster_maps/bfbd32a733b8c1ed5854.csv.
[TSA] cluster completed in 1.91
[Calliope] Validating and Configuring Calliope model: bfbd32a733b8c1ed5854
[Calliope] Building Calliope model: bfbd32a733b8c1ed5854
[Calliope] Solving Calliope model: bfbd32a733b8c1ed5854
[Calliope] Solution saved to: SoC_proxy_TSA/data/calliope_models/bfbd32a733b8c1ed5854.nc
[SoC Proxy] Tuner: c*=0.753850 lost=0.000e+00 | margin=4.000% -> curtailment=0.723696
[SoC Proxy] curtailment forecast: 72.37%
 ------------------------------------------------------- 
 ----- K-Medoid, reps=60, SocDelta, W_proxy=0.5  -----
 -----      df77900c8a71ea4bd1d2      ----- 
 ------------------------------------------------------- 
[Model] Parameter json saved to SoC_proxy_TSA/data/parameters/df77900c8a71ea4bd1d2.json
[TSA] Extracting features dataframe for df77900c8a71ea4bd1d2
[SoC Proxy] Tuner: c*=0.743121 lost=0.000e+00 | margin=4.000% -> curtailment=0.713397
[SoC Proxy] curtailment forecast: 71.34%
[TSA]: Applying hierarchical clustering method, with medoidRepresentation representation.
[TSA] successfully applied. Results saved to SoC_proxy_TSA/data/cluster_maps/df77900c8a71ea4bd1d2.csv.
[TSA] cluster completed in 1.92
[Calliope] Validating and Configuring Calliope model: df77900c8a71ea4bd1d2
[Calliope] Building Calliope model: df77900c8a71ea4bd1d2
[Calliope] Solving Calliope model: df77900c8a71ea4bd1d2
[Calliope] Solution saved to: SoC_proxy_TSA/data/calliope_models/df77900c8a71ea4bd1d2.nc
[SoC Proxy] Tuner: c*=0.753225 lost=0.000e+00 | margin=4.000% -> curtailment=0.723096
[SoC Proxy] curtailment forecast: 72.31%
 ------------------------------------------------------- 
 ----- K-Medoid, reps=60, SocDelta, W_proxy=0.75  -----
 -----      1d6d73041088df43b595      ----- 
 ------------------------------------------------------- 
[Model] Parameter json saved to SoC_proxy_TSA/data/parameters/1d6d73041088df43b595.json
[TSA] Extracting features dataframe for 1d6d73041088df43b595
[SoC Proxy] Tuner: c*=0.743121 lost=0.000e+00 | margin=4.000% -> curtailment=0.713397
[SoC Proxy] curtailment forecast: 71.34%
[TSA]: Applying hierarchical clustering method, with medoidRepresentation representation.
[TSA] successfully applied. Results saved to SoC_proxy_TSA/data/cluster_maps/1d6d73041088df43b595.csv.
[TSA] cluster completed in 1.93
[Calliope] Validating and Configuring Calliope model: 1d6d73041088df43b595
[Calliope] Building Calliope model: 1d6d73041088df43b595
[Calliope] Solving Calliope model: 1d6d73041088df43b595
[Calliope] Solution saved to: SoC_proxy_TSA/data/calliope_models/1d6d73041088df43b595.nc
[SoC Proxy] Tuner: c*=0.748614 lost=0.000e+00 | margin=4.000% -> curtailment=0.718669
[SoC Proxy] curtailment forecast: 71.87%
 ------------------------------------------------------- 
 ----- K-Medoid, reps=60, SocDelta, W_proxy=1  -----
 -----      0ff5d94636aa186fccc5      ----- 
 ------------------------------------------------------- 
[Model] Parameter json saved to SoC_proxy_TSA/data/parameters/0ff5d94636aa186fccc5.json
[TSA] Extracting features dataframe for 0ff5d94636aa186fccc5
[SoC Proxy] Tuner: c*=0.743121 lost=0.000e+00 | margin=4.000% -> curtailment=0.713397
[SoC Proxy] curtailment forecast: 71.34%
[TSA]: Applying hierarchical clustering method, with medoidRepresentation representation.
weight of "solar" set to the minmal tolerable weighting
weight of "onshore_wind" set to the minmal tolerable weighting
weight of "offshore_wind" set to the minmal tolerable weighting
weight of "demand_power" set to the minmal tolerable weighting
[TSA] successfully applied. Results saved to SoC_proxy_TSA/data/cluster_maps/0ff5d94636aa186fccc5.csv.
[TSA] cluster completed in 2.04
[Calliope] Validating and Configuring Calliope model: 0ff5d94636aa186fccc5
[Calliope] Building Calliope model: 0ff5d94636aa186fccc5
[Calliope] Solving Calliope model: 0ff5d94636aa186fccc5
[Calliope] Solution saved to: SoC_proxy_TSA/data/calliope_models/0ff5d94636aa186fccc5.nc
[SoC Proxy] Tuner: c*=0.734245 lost=0.000e+00 | margin=4.000% -> curtailment=0.704875
[SoC Proxy] curtailment forecast: 70.49%
 ------------------------------------------------------- 
  
[Dispatch] running scenario Sensitivity_W_reps90
   
 ------------------------------------------------------- 
 ------------------------------------------------------- 
 ----- K-Medoid, reps=90, W_proxy=0.0  -----
 -----      6740772183e2767aecda      ----- 
 ------------------------------------------------------- 
[Model] Parameter json saved to SoC_proxy_TSA/data/parameters/6740772183e2767aecda.json
[TSA] Extracting features dataframe for 6740772183e2767aecda
[TSA]: Applying hierarchical clustering method, with medoidRepresentation representation.
[TSA] successfully applied. Results saved to SoC_proxy_TSA/data/cluster_maps/6740772183e2767aecda.csv.
[TSA] cluster completed in 1.19
[Calliope] Validating and Configuring Calliope model: 6740772183e2767aecda
[Calliope] Building Calliope model: 6740772183e2767aecda
[Calliope] Solving Calliope model: 6740772183e2767aecda
[Calliope] Solution saved to: SoC_proxy_TSA/data/calliope_models/6740772183e2767aecda.nc
 ------------------------------------------------------- 
 ----- K-Medoid, reps=90, SocDelta, W_proxy=0.25  -----
 -----      e1c932f3b79673cde1fc      ----- 
 ------------------------------------------------------- 
[Model] Parameter json saved to SoC_proxy_TSA/data/parameters/e1c932f3b79673cde1fc.json
[TSA] Extracting features dataframe for e1c932f3b79673cde1fc
[SoC Proxy] Tuner: c*=0.743121 lost=0.000e+00 | margin=4.000% -> curtailment=0.713397
[SoC Proxy] curtailment forecast: 71.34%
[TSA]: Applying hierarchical clustering method, with medoidRepresentation representation.
[TSA] successfully applied. Results saved to SoC_proxy_TSA/data/cluster_maps/e1c932f3b79673cde1fc.csv.
[TSA] cluster completed in 1.92
[Calliope] Validating and Configuring Calliope model: e1c932f3b79673cde1fc
[Calliope] Building Calliope model: e1c932f3b79673cde1fc
[Calliope] Solving Calliope model: e1c932f3b79673cde1fc
[Calliope] Solution saved to: SoC_proxy_TSA/data/calliope_models/e1c932f3b79673cde1fc.nc
[SoC Proxy] Tuner: c*=0.754525 lost=0.000e+00 | margin=4.000% -> curtailment=0.724344
[SoC Proxy] curtailment forecast: 72.43%
 ------------------------------------------------------- 
 ----- K-Medoid, reps=90, SocDelta, W_proxy=0.5  -----
 -----      b4627f036cf85e9a696e      ----- 
 ------------------------------------------------------- 
[Model] Parameter json saved to SoC_proxy_TSA/data/parameters/b4627f036cf85e9a696e.json
[TSA] Extracting features dataframe for b4627f036cf85e9a696e
[SoC Proxy] Tuner: c*=0.743121 lost=0.000e+00 | margin=4.000% -> curtailment=0.713397
[SoC Proxy] curtailment forecast: 71.34%
[TSA]: Applying hierarchical clustering method, with medoidRepresentation representation.
[TSA] successfully applied. Results saved to SoC_proxy_TSA/data/cluster_maps/b4627f036cf85e9a696e.csv.
[TSA] cluster completed in 1.94
[Calliope] Validating and Configuring Calliope model: b4627f036cf85e9a696e
[Calliope] Building Calliope model: b4627f036cf85e9a696e
[Calliope] Solving Calliope model: b4627f036cf85e9a696e
[Calliope] Solution saved to: SoC_proxy_TSA/data/calliope_models/b4627f036cf85e9a696e.nc
[SoC Proxy] Tuner: c*=0.752119 lost=0.000e+00 | margin=4.000% -> curtailment=0.722034
[SoC Proxy] curtailment forecast: 72.20%
 ------------------------------------------------------- 
 ----- K-Medoid, reps=90, SocDelta, W_proxy=0.75  -----
 -----      ed6b9740264a8bbb63f8      ----- 
 ------------------------------------------------------- 
[Model] Parameter json saved to SoC_proxy_TSA/data/parameters/ed6b9740264a8bbb63f8.json
[TSA] Extracting features dataframe for ed6b9740264a8bbb63f8
[SoC Proxy] Tuner: c*=0.743121 lost=0.000e+00 | margin=4.000% -> curtailment=0.713397
[SoC Proxy] curtailment forecast: 71.34%
[TSA]: Applying hierarchical clustering method, with medoidRepresentation representation.
[TSA] successfully applied. Results saved to SoC_proxy_TSA/data/cluster_maps/ed6b9740264a8bbb63f8.csv.
[TSA] cluster completed in 1.97
[Calliope] Validating and Configuring Calliope model: ed6b9740264a8bbb63f8
[Calliope] Building Calliope model: ed6b9740264a8bbb63f8
[Calliope] Solving Calliope model: ed6b9740264a8bbb63f8
[Calliope] Solution saved to: SoC_proxy_TSA/data/calliope_models/ed6b9740264a8bbb63f8.nc
[SoC Proxy] Tuner: c*=0.750024 lost=0.000e+00 | margin=4.000% -> curtailment=0.720023
[SoC Proxy] curtailment forecast: 72.00%
 ------------------------------------------------------- 
 ----- K-Medoid, reps=90, SocDelta, W_proxy=1  -----
 -----      cff3017052d93b8a40cb      ----- 
 ------------------------------------------------------- 
[Model] Parameter json saved to SoC_proxy_TSA/data/parameters/cff3017052d93b8a40cb.json
[TSA] Extracting features dataframe for cff3017052d93b8a40cb
[SoC Proxy] Tuner: c*=0.743121 lost=0.000e+00 | margin=4.000% -> curtailment=0.713397
[SoC Proxy] curtailment forecast: 71.34%
[TSA]: Applying hierarchical clustering method, with medoidRepresentation representation.
weight of "solar" set to the minmal tolerable weighting
weight of "onshore_wind" set to the minmal tolerable weighting
weight of "offshore_wind" set to the minmal tolerable weighting
weight of "demand_power" set to the minmal tolerable weighting
[TSA] successfully applied. Results saved to SoC_proxy_TSA/data/cluster_maps/cff3017052d93b8a40cb.csv.
[TSA] cluster completed in 1.95
[Calliope] Validating and Configuring Calliope model: cff3017052d93b8a40cb
[Calliope] Building Calliope model: cff3017052d93b8a40cb
[Calliope] Solving Calliope model: cff3017052d93b8a40cb
[Calliope] Solution saved to: SoC_proxy_TSA/data/calliope_models/cff3017052d93b8a40cb.nc
[SoC Proxy] Tuner: c*=0.742409 lost=0.000e+00 | margin=4.000% -> curtailment=0.712712
[SoC Proxy] curtailment forecast: 71.27%
 ------------------------------------------------------- 
  
[Dispatch] running scenario Sensitivity_W_reps45
   
 ------------------------------------------------------- 
 ------------------------------------------------------- 
 ----- K-Medoid, reps=45, W_proxy=0.0  -----
 -----      43e3cb8760a0b3312590      ----- 
 ------------------------------------------------------- 
[Model] Parameter json saved to SoC_proxy_TSA/data/parameters/43e3cb8760a0b3312590.json
[TSA] Extracting features dataframe for 43e3cb8760a0b3312590
[TSA]: Applying hierarchical clustering method, with medoidRepresentation representation.
[TSA] successfully applied. Results saved to SoC_proxy_TSA/data/cluster_maps/43e3cb8760a0b3312590.csv.
[TSA] cluster completed in 1.14
[Calliope] Validating and Configuring Calliope model: 43e3cb8760a0b3312590
[Calliope] Building Calliope model: 43e3cb8760a0b3312590
[Calliope] Solving Calliope model: 43e3cb8760a0b3312590
[Calliope] Solution saved to: SoC_proxy_TSA/data/calliope_models/43e3cb8760a0b3312590.nc
 ------------------------------------------------------- 
 ----- K-Medoid, reps=45, SocDelta, W_proxy=0.25  -----
 -----      e788cd2573978d09213f      ----- 
 ------------------------------------------------------- 
[Model] Parameter json saved to SoC_proxy_TSA/data/parameters/e788cd2573978d09213f.json
[TSA] Extracting features dataframe for e788cd2573978d09213f
[SoC Proxy] Tuner: c*=0.741487 lost=0.000e+00 | margin=4.000% -> curtailment=0.711827
[SoC Proxy] curtailment forecast: 71.18%
[TSA]: Applying hierarchical clustering method, with medoidRepresentation representation.
[TSA] successfully applied. Results saved to SoC_proxy_TSA/data/cluster_maps/e788cd2573978d09213f.csv.
[TSA] cluster completed in 1.93
[Calliope] Validating and Configuring Calliope model: e788cd2573978d09213f
[Calliope] Building Calliope model: e788cd2573978d09213f
[Calliope] Solving Calliope model: e788cd2573978d09213f
[Calliope] Solution saved to: SoC_proxy_TSA/data/calliope_models/e788cd2573978d09213f.nc
[SoC Proxy] Tuner: c*=0.752456 lost=0.000e+00 | margin=4.000% -> curtailment=0.722358
[SoC Proxy] curtailment forecast: 72.24%
 ------------------------------------------------------- 
 ----- K-Medoid, reps=45, SocDelta, W_proxy=0.5  -----
 -----      265013db99c89808cc2b      ----- 
 ------------------------------------------------------- 
[Model] Parameter json saved to SoC_proxy_TSA/data/parameters/265013db99c89808cc2b.json
[TSA] Extracting features dataframe for 265013db99c89808cc2b
[SoC Proxy] Tuner: c*=0.741487 lost=0.000e+00 | margin=4.000% -> curtailment=0.711827
[SoC Proxy] curtailment forecast: 71.18%
[TSA]: Applying hierarchical clustering method, with medoidRepresentation representation.
[TSA] successfully applied. Results saved to SoC_proxy_TSA/data/cluster_maps/265013db99c89808cc2b.csv.
[TSA] cluster completed in 1.90
[Calliope] Validating and Configuring Calliope model: 265013db99c89808cc2b
[Calliope] Building Calliope model: 265013db99c89808cc2b
[Calliope] Solving Calliope model: 265013db99c89808cc2b
[Calliope] Solution saved to: SoC_proxy_TSA/data/calliope_models/265013db99c89808cc2b.nc
[SoC Proxy] Tuner: c*=0.753918 lost=0.000e+00 | margin=4.000% -> curtailment=0.723761
[SoC Proxy] curtailment forecast: 72.38%
 ------------------------------------------------------- 
 ----- K-Medoid, reps=45, SocDelta, W_proxy=0.75  -----
 -----      e68b1dc2a759debeb117      ----- 
 ------------------------------------------------------- 
[Model] Parameter json saved to SoC_proxy_TSA/data/parameters/e68b1dc2a759debeb117.json
[TSA] Extracting features dataframe for e68b1dc2a759debeb117
[SoC Proxy] Tuner: c*=0.741487 lost=0.000e+00 | margin=4.000% -> curtailment=0.711827
[SoC Proxy] curtailment forecast: 71.18%
[TSA]: Applying hierarchical clustering method, with medoidRepresentation representation.
[TSA] successfully applied. Results saved to SoC_proxy_TSA/data/cluster_maps/e68b1dc2a759debeb117.csv.
[TSA] cluster completed in 1.95
[Calliope] Validating and Configuring Calliope model: e68b1dc2a759debeb117
[Calliope] Building Calliope model: e68b1dc2a759debeb117
[Calliope] Solving Calliope model: e68b1dc2a759debeb117
[Calliope] Solution saved to: SoC_proxy_TSA/data/calliope_models/e68b1dc2a759debeb117.nc
[SoC Proxy] Tuner: c*=0.750203 lost=0.000e+00 | margin=4.000% -> curtailment=0.720195
[SoC Proxy] curtailment forecast: 72.02%
 ------------------------------------------------------- 
 ----- K-Medoid, reps=45, SocDelta, W_proxy=1  -----
 -----      6c591cafd0b5d8451fb9      ----- 
 ------------------------------------------------------- 
[Model] Parameter json saved to SoC_proxy_TSA/data/parameters/6c591cafd0b5d8451fb9.json
[TSA] Extracting features dataframe for 6c591cafd0b5d8451fb9
[SoC Proxy] Tuner: c*=0.741487 lost=0.000e+00 | margin=4.000% -> curtailment=0.711827
[SoC Proxy] curtailment forecast: 71.18%
[TSA]: Applying hierarchical clustering method, with medoidRepresentation representation.
weight of "solar" set to the minmal tolerable weighting
weight of "onshore_wind" set to the minmal tolerable weighting
weight of "offshore_wind" set to the minmal tolerable weighting
weight of "demand_power" set to the minmal tolerable weighting
[TSA] successfully applied. Results saved to SoC_proxy_TSA/data/cluster_maps/6c591cafd0b5d8451fb9.csv.
[TSA] cluster completed in 1.92
[Calliope] Validating and Configuring Calliope model: 6c591cafd0b5d8451fb9
[Calliope] Building Calliope model: 6c591cafd0b5d8451fb9
[Calliope] Solving Calliope model: 6c591cafd0b5d8451fb9
[Calliope] Solution saved to: SoC_proxy_TSA/data/calliope_models/6c591cafd0b5d8451fb9.nc
[SoC Proxy] Tuner: c*=0.747563 lost=0.000e+00 | margin=4.000% -> curtailment=0.717661
[SoC Proxy] curtailment forecast: 71.77%
 ------------------------------------------------------- 
  
[Dispatch] running scenario Sensitivity_W_reps60
   
 ------------------------------------------------------- 
 ------------------------------------------------------- 
 ----- K-Medoid, reps=60, W_proxy=0.0  -----
 -----      7f25419bf099badc9b9d      ----- 
 ------------------------------------------------------- 
[Model] Parameter json saved to SoC_proxy_TSA/data/parameters/7f25419bf099badc9b9d.json
[TSA] Extracting features dataframe for 7f25419bf099badc9b9d
[TSA]: Applying hierarchical clustering method, with medoidRepresentation representation.
[TSA] successfully applied. Results saved to SoC_proxy_TSA/data/cluster_maps/7f25419bf099badc9b9d.csv.
[TSA] cluster completed in 1.18
[Calliope] Validating and Configuring Calliope model: 7f25419bf099badc9b9d
[Calliope] Building Calliope model: 7f25419bf099badc9b9d
[Calliope] Solving Calliope model: 7f25419bf099badc9b9d
[Calliope] Solution saved to: SoC_proxy_TSA/data/calliope_models/7f25419bf099badc9b9d.nc
 ------------------------------------------------------- 
 ----- K-Medoid, reps=60, SocDelta, W_proxy=0.25  -----
 -----      8e12d1b528813ab697c3      ----- 
 ------------------------------------------------------- 
[Model] Parameter json saved to SoC_proxy_TSA/data/parameters/8e12d1b528813ab697c3.json
[TSA] Extracting features dataframe for 8e12d1b528813ab697c3
[SoC Proxy] Tuner: c*=0.741487 lost=0.000e+00 | margin=4.000% -> curtailment=0.711827
[SoC Proxy] curtailment forecast: 71.18%
[TSA]: Applying hierarchical clustering method, with medoidRepresentation representation.
[TSA] successfully applied. Results saved to SoC_proxy_TSA/data/cluster_maps/8e12d1b528813ab697c3.csv.
[TSA] cluster completed in 1.94
[Calliope] Validating and Configuring Calliope model: 8e12d1b528813ab697c3
[Calliope] Building Calliope model: 8e12d1b528813ab697c3
[Calliope] Solving Calliope model: 8e12d1b528813ab697c3
[Calliope] Solution saved to: SoC_proxy_TSA/data/calliope_models/8e12d1b528813ab697c3.nc
[SoC Proxy] Tuner: c*=0.751626 lost=0.000e+00 | margin=4.000% -> curtailment=0.721560
[SoC Proxy] curtailment forecast: 72.16%
 ------------------------------------------------------- 
 ----- K-Medoid, reps=60, SocDelta, W_proxy=0.5  -----
 -----      c6970860556e8ad2fbd5      ----- 
 ------------------------------------------------------- 
[Model] Parameter json saved to SoC_proxy_TSA/data/parameters/c6970860556e8ad2fbd5.json
[TSA] Extracting features dataframe for c6970860556e8ad2fbd5
[SoC Proxy] Tuner: c*=0.741487 lost=0.000e+00 | margin=4.000% -> curtailment=0.711827
[SoC Proxy] curtailment forecast: 71.18%
[TSA]: Applying hierarchical clustering method, with medoidRepresentation representation.
[TSA] successfully applied. Results saved to SoC_proxy_TSA/data/cluster_maps/c6970860556e8ad2fbd5.csv.
[TSA] cluster completed in 1.94
[Calliope] Validating and Configuring Calliope model: c6970860556e8ad2fbd5
[Calliope] Building Calliope model: c6970860556e8ad2fbd5
[Calliope] Solving Calliope model: c6970860556e8ad2fbd5
[Calliope] Solution saved to: SoC_proxy_TSA/data/calliope_models/c6970860556e8ad2fbd5.nc
[SoC Proxy] Tuner: c*=0.751424 lost=0.000e+00 | margin=4.000% -> curtailment=0.721367
[SoC Proxy] ⚠ Warning: SoC Proxy severely non-cyclical (end-start = -1.026e+04)
[SoC Proxy] curtailment forecast: 72.14%
 ------------------------------------------------------- 
 ----- K-Medoid, reps=60, SocDelta, W_proxy=0.75  -----
 -----      535e6b2e1f22b5d65a7b      ----- 
 ------------------------------------------------------- 
[Model] Parameter json saved to SoC_proxy_TSA/data/parameters/535e6b2e1f22b5d65a7b.json
[TSA] Extracting features dataframe for 535e6b2e1f22b5d65a7b
[SoC Proxy] Tuner: c*=0.741487 lost=0.000e+00 | margin=4.000% -> curtailment=0.711827
[SoC Proxy] curtailment forecast: 71.18%
[TSA]: Applying hierarchical clustering method, with medoidRepresentation representation.
[TSA] successfully applied. Results saved to SoC_proxy_TSA/data/cluster_maps/535e6b2e1f22b5d65a7b.csv.
[TSA] cluster completed in 1.96
[Calliope] Validating and Configuring Calliope model: 535e6b2e1f22b5d65a7b
[Calliope] Building Calliope model: 535e6b2e1f22b5d65a7b
[Calliope] Solving Calliope model: 535e6b2e1f22b5d65a7b
[Calliope] Solution saved to: SoC_proxy_TSA/data/calliope_models/535e6b2e1f22b5d65a7b.nc
[SoC Proxy] Tuner: c*=0.749811 lost=0.000e+00 | margin=4.000% -> curtailment=0.719818
[SoC Proxy] curtailment forecast: 71.98%
 ------------------------------------------------------- 
 ----- K-Medoid, reps=60, SocDelta, W_proxy=1  -----
 -----      33ed5db6eb6c9982fd91      ----- 
 ------------------------------------------------------- 
[Model] Parameter json saved to SoC_proxy_TSA/data/parameters/33ed5db6eb6c9982fd91.json
[TSA] Extracting features dataframe for 33ed5db6eb6c9982fd91
[SoC Proxy] Tuner: c*=0.741487 lost=0.000e+00 | margin=4.000% -> curtailment=0.711827
[SoC Proxy] curtailment forecast: 71.18%
[TSA]: Applying hierarchical clustering method, with medoidRepresentation representation.
weight of "solar" set to the minmal tolerable weighting
weight of "onshore_wind" set to the minmal tolerable weighting
weight of "offshore_wind" set to the minmal tolerable weighting
weight of "demand_power" set to the minmal tolerable weighting
[TSA] successfully applied. Results saved to SoC_proxy_TSA/data/cluster_maps/33ed5db6eb6c9982fd91.csv.
[TSA] cluster completed in 1.90
[Calliope] Validating and Configuring Calliope model: 33ed5db6eb6c9982fd91
[Calliope] Building Calliope model: 33ed5db6eb6c9982fd91
[Calliope] Solving Calliope model: 33ed5db6eb6c9982fd91
[Calliope] Solution saved to: SoC_proxy_TSA/data/calliope_models/33ed5db6eb6c9982fd91.nc
[SoC Proxy] Tuner: c*=0.745306 lost=0.000e+00 | margin=4.000% -> curtailment=0.715493
[SoC Proxy] curtailment forecast: 71.55%
 ------------------------------------------------------- 
  
[Dispatch] running scenario Sensitivity_W_reps90
   
 ------------------------------------------------------- 
 ------------------------------------------------------- 
 ----- K-Medoid, reps=90, W_proxy=0.0  -----
 -----      40fb4d3ed709a3f2e8c8      ----- 
 ------------------------------------------------------- 
[Model] Parameter json saved to SoC_proxy_TSA/data/parameters/40fb4d3ed709a3f2e8c8.json
[TSA] Extracting features dataframe for 40fb4d3ed709a3f2e8c8
[TSA]: Applying hierarchical clustering method, with medoidRepresentation representation.
[TSA] successfully applied. Results saved to SoC_proxy_TSA/data/cluster_maps/40fb4d3ed709a3f2e8c8.csv.
[TSA] cluster completed in 1.19
[Calliope] Validating and Configuring Calliope model: 40fb4d3ed709a3f2e8c8
[Calliope] Building Calliope model: 40fb4d3ed709a3f2e8c8
[Calliope] Solving Calliope model: 40fb4d3ed709a3f2e8c8
[Calliope] Solution saved to: SoC_proxy_TSA/data/calliope_models/40fb4d3ed709a3f2e8c8.nc
 ------------------------------------------------------- 
 ----- K-Medoid, reps=90, SocDelta, W_proxy=0.25  -----
 -----      71edb1ae27e01e6ab5a0      ----- 
 ------------------------------------------------------- 
[Model] Parameter json saved to SoC_proxy_TSA/data/parameters/71edb1ae27e01e6ab5a0.json
[TSA] Extracting features dataframe for 71edb1ae27e01e6ab5a0
[SoC Proxy] Tuner: c*=0.741487 lost=0.000e+00 | margin=4.000% -> curtailment=0.711827
[SoC Proxy] curtailment forecast: 71.18%
[TSA]: Applying hierarchical clustering method, with medoidRepresentation representation.
[TSA] successfully applied. Results saved to SoC_proxy_TSA/data/cluster_maps/71edb1ae27e01e6ab5a0.csv.
[TSA] cluster completed in 1.93
[Calliope] Validating and Configuring Calliope model: 71edb1ae27e01e6ab5a0
[Calliope] Building Calliope model: 71edb1ae27e01e6ab5a0
[Calliope] Solving Calliope model: 71edb1ae27e01e6ab5a0
[Calliope] Solution saved to: SoC_proxy_TSA/data/calliope_models/71edb1ae27e01e6ab5a0.nc
[SoC Proxy] Tuner: c*=0.748556 lost=0.000e+00 | margin=4.000% -> curtailment=0.718614
[SoC Proxy] curtailment forecast: 71.86%
 ------------------------------------------------------- 
 ----- K-Medoid, reps=90, SocDelta, W_proxy=0.5  -----
 -----      cfc56254a99c74a4f8df      ----- 
 ------------------------------------------------------- 
[Model] Parameter json saved to SoC_proxy_TSA/data/parameters/cfc56254a99c74a4f8df.json
[TSA] Extracting features dataframe for cfc56254a99c74a4f8df
[SoC Proxy] Tuner: c*=0.741487 lost=0.000e+00 | margin=4.000% -> curtailment=0.711827
[SoC Proxy] curtailment forecast: 71.18%
[TSA]: Applying hierarchical clustering method, with medoidRepresentation representation.
[TSA] successfully applied. Results saved to SoC_proxy_TSA/data/cluster_maps/cfc56254a99c74a4f8df.csv.
[TSA] cluster completed in 1.92
[Calliope] Validating and Configuring Calliope model: cfc56254a99c74a4f8df
[Calliope] Building Calliope model: cfc56254a99c74a4f8df
[Calliope] Solving Calliope model: cfc56254a99c74a4f8df
[Calliope] Solution saved to: SoC_proxy_TSA/data/calliope_models/cfc56254a99c74a4f8df.nc
[SoC Proxy] Tuner: c*=0.748781 lost=0.000e+00 | margin=4.000% -> curtailment=0.718830
[SoC Proxy] curtailment forecast: 71.88%
 ------------------------------------------------------- 
 ----- K-Medoid, reps=90, SocDelta, W_proxy=0.75  -----
 -----      5e12e86025d68aecc766      ----- 
 ------------------------------------------------------- 
[Model] Parameter json saved to SoC_proxy_TSA/data/parameters/5e12e86025d68aecc766.json
[TSA] Extracting features dataframe for 5e12e86025d68aecc766
[SoC Proxy] Tuner: c*=0.741487 lost=0.000e+00 | margin=4.000% -> curtailment=0.711827
[SoC Proxy] curtailment forecast: 71.18%
[TSA]: Applying hierarchical clustering method, with medoidRepresentation representation.
[TSA] successfully applied. Results saved to SoC_proxy_TSA/data/cluster_maps/5e12e86025d68aecc766.csv.
[TSA] cluster completed in 1.92
[Calliope] Validating and Configuring Calliope model: 5e12e86025d68aecc766
[Calliope] Building Calliope model: 5e12e86025d68aecc766
[Calliope] Solving Calliope model: 5e12e86025d68aecc766
[Calliope] Solution saved to: SoC_proxy_TSA/data/calliope_models/5e12e86025d68aecc766.nc
[SoC Proxy] Tuner: c*=0.749630 lost=0.000e+00 | margin=4.000% -> curtailment=0.719645
[SoC Proxy] ⚠ Warning: SoC Proxy severely non-cyclical (end-start = -1.121e+04)
[SoC Proxy] curtailment forecast: 71.96%
 ------------------------------------------------------- 
 ----- K-Medoid, reps=90, SocDelta, W_proxy=1  -----
 -----      44bec15a53af90270712      ----- 
 ------------------------------------------------------- 
[Model] Parameter json saved to SoC_proxy_TSA/data/parameters/44bec15a53af90270712.json
[TSA] Extracting features dataframe for 44bec15a53af90270712
[SoC Proxy] Tuner: c*=0.741487 lost=0.000e+00 | margin=4.000% -> curtailment=0.711827
[SoC Proxy] curtailment forecast: 71.18%
[TSA]: Applying hierarchical clustering method, with medoidRepresentation representation.
weight of "solar" set to the minmal tolerable weighting
weight of "onshore_wind" set to the minmal tolerable weighting
weight of "offshore_wind" set to the minmal tolerable weighting
weight of "demand_power" set to the minmal tolerable weighting
[TSA] successfully applied. Results saved to SoC_proxy_TSA/data/cluster_maps/44bec15a53af90270712.csv.
[TSA] cluster completed in 1.89
[Calliope] Validating and Configuring Calliope model: 44bec15a53af90270712
[Calliope] Building Calliope model: 44bec15a53af90270712
[Calliope] Solving Calliope model: 44bec15a53af90270712
[Calliope] Solution saved to: SoC_proxy_TSA/data/calliope_models/44bec15a53af90270712.nc
[SoC Proxy] Tuner: c*=0.747573 lost=0.000e+00 | margin=4.000% -> curtailment=0.717670
[SoC Proxy] curtailment forecast: 71.77%
 ------------------------------------------------------- 
  
[Dispatch] running scenario Sensitivity_W_reps45
   
 ------------------------------------------------------- 
 ------------------------------------------------------- 
 ----- K-Medoid, reps=45, W_proxy=0.0  -----
 -----      5ea539a70bf5e047e741      ----- 
 ------------------------------------------------------- 
[Model] Parameter json saved to SoC_proxy_TSA/data/parameters/5ea539a70bf5e047e741.json
[TSA] Extracting features dataframe for 5ea539a70bf5e047e741
[TSA]: Applying hierarchical clustering method, with medoidRepresentation representation.
[TSA] successfully applied. Results saved to SoC_proxy_TSA/data/cluster_maps/5ea539a70bf5e047e741.csv.
[TSA] cluster completed in 1.13
[Calliope] Validating and Configuring Calliope model: 5ea539a70bf5e047e741
[Calliope] Building Calliope model: 5ea539a70bf5e047e741
[Calliope] Solving Calliope model: 5ea539a70bf5e047e741
[Calliope] Solution saved to: SoC_proxy_TSA/data/calliope_models/5ea539a70bf5e047e741.nc
 ------------------------------------------------------- 
 ----- K-Medoid, reps=45, SocDelta, W_proxy=0.25  -----
 -----      a24f9b329f113763e0fa      ----- 
 ------------------------------------------------------- 
[Model] Parameter json saved to SoC_proxy_TSA/data/parameters/a24f9b329f113763e0fa.json
[TSA] Extracting features dataframe for a24f9b329f113763e0fa
[SoC Proxy] Tuner: c*=0.743250 lost=0.000e+00 | margin=4.000% -> curtailment=0.713520
[SoC Proxy] curtailment forecast: 71.35%
[TSA]: Applying hierarchical clustering method, with medoidRepresentation representation.
[TSA] successfully applied. Results saved to SoC_proxy_TSA/data/cluster_maps/a24f9b329f113763e0fa.csv.
[TSA] cluster completed in 1.93
[Calliope] Validating and Configuring Calliope model: a24f9b329f113763e0fa
[Calliope] Building Calliope model: a24f9b329f113763e0fa
[Calliope] Solving Calliope model: a24f9b329f113763e0fa
[Calliope] Solution saved to: SoC_proxy_TSA/data/calliope_models/a24f9b329f113763e0fa.nc
[SoC Proxy] Tuner: c*=0.756950 lost=0.000e+00 | margin=4.000% -> curtailment=0.726672
[SoC Proxy] curtailment forecast: 72.67%
 ------------------------------------------------------- 
 ----- K-Medoid, reps=45, SocDelta, W_proxy=0.5  -----
 -----      0c82c808d2095f2eccff      ----- 
 ------------------------------------------------------- 
[Model] Parameter json saved to SoC_proxy_TSA/data/parameters/0c82c808d2095f2eccff.json
[TSA] Extracting features dataframe for 0c82c808d2095f2eccff
[SoC Proxy] Tuner: c*=0.743250 lost=0.000e+00 | margin=4.000% -> curtailment=0.713520
[SoC Proxy] curtailment forecast: 71.35%
[TSA]: Applying hierarchical clustering method, with medoidRepresentation representation.
[TSA] successfully applied. Results saved to SoC_proxy_TSA/data/cluster_maps/0c82c808d2095f2eccff.csv.
[TSA] cluster completed in 1.94
[Calliope] Validating and Configuring Calliope model: 0c82c808d2095f2eccff
[Calliope] Building Calliope model: 0c82c808d2095f2eccff
[Calliope] Solving Calliope model: 0c82c808d2095f2eccff
[Calliope] Solution saved to: SoC_proxy_TSA/data/calliope_models/0c82c808d2095f2eccff.nc
[SoC Proxy] Tuner: c*=0.751402 lost=0.000e+00 | margin=4.000% -> curtailment=0.721346
[SoC Proxy] curtailment forecast: 72.13%
 ------------------------------------------------------- 
 ----- K-Medoid, reps=45, SocDelta, W_proxy=0.75  -----
 -----      b477d9c7e7cad5eeeb18      ----- 
 ------------------------------------------------------- 
[Model] Parameter json saved to SoC_proxy_TSA/data/parameters/b477d9c7e7cad5eeeb18.json
[TSA] Extracting features dataframe for b477d9c7e7cad5eeeb18
[SoC Proxy] Tuner: c*=0.743250 lost=0.000e+00 | margin=4.000% -> curtailment=0.713520
[SoC Proxy] curtailment forecast: 71.35%
[TSA]: Applying hierarchical clustering method, with medoidRepresentation representation.
[TSA] successfully applied. Results saved to SoC_proxy_TSA/data/cluster_maps/b477d9c7e7cad5eeeb18.csv.
[TSA] cluster completed in 1.93
[Calliope] Validating and Configuring Calliope model: b477d9c7e7cad5eeeb18
[Calliope] Building Calliope model: b477d9c7e7cad5eeeb18
[Calliope] Solving Calliope model: b477d9c7e7cad5eeeb18
[Calliope] Solution saved to: SoC_proxy_TSA/data/calliope_models/b477d9c7e7cad5eeeb18.nc
[SoC Proxy] Tuner: c*=0.740509 lost=0.000e+00 | margin=4.000% -> curtailment=0.710889
[SoC Proxy] curtailment forecast: 71.09%
 ------------------------------------------------------- 
 ----- K-Medoid, reps=45, SocDelta, W_proxy=1  -----
 -----      18e9110fcdf5f3b24432      ----- 
 ------------------------------------------------------- 
[Model] Parameter json saved to SoC_proxy_TSA/data/parameters/18e9110fcdf5f3b24432.json
[TSA] Extracting features dataframe for 18e9110fcdf5f3b24432
[SoC Proxy] Tuner: c*=0.743250 lost=0.000e+00 | margin=4.000% -> curtailment=0.713520
[SoC Proxy] curtailment forecast: 71.35%
[TSA]: Applying hierarchical clustering method, with medoidRepresentation representation.
weight of "solar" set to the minmal tolerable weighting
weight of "onshore_wind" set to the minmal tolerable weighting
weight of "offshore_wind" set to the minmal tolerable weighting
weight of "demand_power" set to the minmal tolerable weighting
[TSA] successfully applied. Results saved to SoC_proxy_TSA/data/cluster_maps/18e9110fcdf5f3b24432.csv.
[TSA] cluster completed in 1.94
[Calliope] Validating and Configuring Calliope model: 18e9110fcdf5f3b24432
[Calliope] Building Calliope model: 18e9110fcdf5f3b24432
[Calliope] Solving Calliope model: 18e9110fcdf5f3b24432
[Calliope] Solution saved to: SoC_proxy_TSA/data/calliope_models/18e9110fcdf5f3b24432.nc
[SoC Proxy] Tuner: c*=0.743396 lost=0.000e+00 | margin=4.000% -> curtailment=0.713660
[SoC Proxy] curtailment forecast: 71.37%
 ------------------------------------------------------- 
  
[Dispatch] running scenario Sensitivity_W_reps60
   
 ------------------------------------------------------- 
 ------------------------------------------------------- 
 ----- K-Medoid, reps=60, W_proxy=0.0  -----
 -----      bebdc22f9770d0c48052      ----- 
 ------------------------------------------------------- 
[Model] Parameter json saved to SoC_proxy_TSA/data/parameters/bebdc22f9770d0c48052.json
[TSA] Extracting features dataframe for bebdc22f9770d0c48052
[TSA]: Applying hierarchical clustering method, with medoidRepresentation representation.
[TSA] successfully applied. Results saved to SoC_proxy_TSA/data/cluster_maps/bebdc22f9770d0c48052.csv.
[TSA] cluster completed in 1.18
[Calliope] Validating and Configuring Calliope model: bebdc22f9770d0c48052
[Calliope] Building Calliope model: bebdc22f9770d0c48052
[Calliope] Solving Calliope model: bebdc22f9770d0c48052
[Calliope] Solution saved to: SoC_proxy_TSA/data/calliope_models/bebdc22f9770d0c48052.nc
 ------------------------------------------------------- 
 ----- K-Medoid, reps=60, SocDelta, W_proxy=0.25  -----
 -----      880235244ce3b8ab170b      ----- 
 ------------------------------------------------------- 
[Model] Parameter json saved to SoC_proxy_TSA/data/parameters/880235244ce3b8ab170b.json
[TSA] Extracting features dataframe for 880235244ce3b8ab170b
[SoC Proxy] Tuner: c*=0.743250 lost=0.000e+00 | margin=4.000% -> curtailment=0.713520
[SoC Proxy] curtailment forecast: 71.35%
[TSA]: Applying hierarchical clustering method, with medoidRepresentation representation.
[TSA] successfully applied. Results saved to SoC_proxy_TSA/data/cluster_maps/880235244ce3b8ab170b.csv.
[TSA] cluster completed in 1.95
[Calliope] Validating and Configuring Calliope model: 880235244ce3b8ab170b
[Calliope] Building Calliope model: 880235244ce3b8ab170b
[Calliope] Solving Calliope model: 880235244ce3b8ab170b
[Calliope] Solution saved to: SoC_proxy_TSA/data/calliope_models/880235244ce3b8ab170b.nc
[SoC Proxy] Tuner: c*=0.760140 lost=0.000e+00 | margin=4.000% -> curtailment=0.729734
[SoC Proxy] curtailment forecast: 72.97%
 ------------------------------------------------------- 
 ----- K-Medoid, reps=60, SocDelta, W_proxy=0.5  -----
 -----      4ed0390d40fd9d8ce4fe      ----- 
 ------------------------------------------------------- 
[Model] Parameter json saved to SoC_proxy_TSA/data/parameters/4ed0390d40fd9d8ce4fe.json
[TSA] Extracting features dataframe for 4ed0390d40fd9d8ce4fe
[SoC Proxy] Tuner: c*=0.743250 lost=0.000e+00 | margin=4.000% -> curtailment=0.713520
[SoC Proxy] curtailment forecast: 71.35%
[TSA]: Applying hierarchical clustering method, with medoidRepresentation representation.
[TSA] successfully applied. Results saved to SoC_proxy_TSA/data/cluster_maps/4ed0390d40fd9d8ce4fe.csv.
[TSA] cluster completed in 1.92
[Calliope] Validating and Configuring Calliope model: 4ed0390d40fd9d8ce4fe
[Calliope] Building Calliope model: 4ed0390d40fd9d8ce4fe
[Calliope] Solving Calliope model: 4ed0390d40fd9d8ce4fe
[Calliope] Solution saved to: SoC_proxy_TSA/data/calliope_models/4ed0390d40fd9d8ce4fe.nc
[SoC Proxy] Tuner: c*=0.753020 lost=0.000e+00 | margin=4.000% -> curtailment=0.722899
[SoC Proxy] curtailment forecast: 72.29%
 ------------------------------------------------------- 
 ----- K-Medoid, reps=60, SocDelta, W_proxy=0.75  -----
 -----      753025c2022f9b68ced7      ----- 
 ------------------------------------------------------- 
[Model] Parameter json saved to SoC_proxy_TSA/data/parameters/753025c2022f9b68ced7.json
[TSA] Extracting features dataframe for 753025c2022f9b68ced7
[SoC Proxy] Tuner: c*=0.743250 lost=0.000e+00 | margin=4.000% -> curtailment=0.713520
[SoC Proxy] curtailment forecast: 71.35%
[TSA]: Applying hierarchical clustering method, with medoidRepresentation representation.
[TSA] successfully applied. Results saved to SoC_proxy_TSA/data/cluster_maps/753025c2022f9b68ced7.csv.
[TSA] cluster completed in 1.95
[Calliope] Validating and Configuring Calliope model: 753025c2022f9b68ced7
[Calliope] Building Calliope model: 753025c2022f9b68ced7
[Calliope] Solving Calliope model: 753025c2022f9b68ced7
[Calliope] Solution saved to: SoC_proxy_TSA/data/calliope_models/753025c2022f9b68ced7.nc
[SoC Proxy] Tuner: c*=0.747846 lost=0.000e+00 | margin=4.000% -> curtailment=0.717932
[SoC Proxy] curtailment forecast: 71.79%
 ------------------------------------------------------- 
 ----- K-Medoid, reps=60, SocDelta, W_proxy=1  -----
 -----      7e10087e541186d5039d      ----- 
 ------------------------------------------------------- 
[Model] Parameter json saved to SoC_proxy_TSA/data/parameters/7e10087e541186d5039d.json
[TSA] Extracting features dataframe for 7e10087e541186d5039d
[SoC Proxy] Tuner: c*=0.743250 lost=0.000e+00 | margin=4.000% -> curtailment=0.713520
[SoC Proxy] curtailment forecast: 71.35%
[TSA]: Applying hierarchical clustering method, with medoidRepresentation representation.
weight of "solar" set to the minmal tolerable weighting
weight of "onshore_wind" set to the minmal tolerable weighting
weight of "offshore_wind" set to the minmal tolerable weighting
weight of "demand_power" set to the minmal tolerable weighting
[TSA] successfully applied. Results saved to SoC_proxy_TSA/data/cluster_maps/7e10087e541186d5039d.csv.
[TSA] cluster completed in 1.96
[Calliope] Validating and Configuring Calliope model: 7e10087e541186d5039d
[Calliope] Building Calliope model: 7e10087e541186d5039d
[Calliope] Solving Calliope model: 7e10087e541186d5039d
[Calliope] Solution saved to: SoC_proxy_TSA/data/calliope_models/7e10087e541186d5039d.nc
[SoC Proxy] Tuner: c*=0.745601 lost=0.000e+00 | margin=4.000% -> curtailment=0.715777
[SoC Proxy] curtailment forecast: 71.58%
 ------------------------------------------------------- 
  
[Dispatch] running scenario Sensitivity_W_reps90
   
 ------------------------------------------------------- 
 ------------------------------------------------------- 
 ----- K-Medoid, reps=90, W_proxy=0.0  -----
 -----      4696a82f764828c5546e      ----- 
 ------------------------------------------------------- 
[Model] Parameter json saved to SoC_proxy_TSA/data/parameters/4696a82f764828c5546e.json
[TSA] Extracting features dataframe for 4696a82f764828c5546e
[TSA]: Applying hierarchical clustering method, with medoidRepresentation representation.
[TSA] successfully applied. Results saved to SoC_proxy_TSA/data/cluster_maps/4696a82f764828c5546e.csv.
[TSA] cluster completed in 1.18
[Calliope] Validating and Configuring Calliope model: 4696a82f764828c5546e
[Calliope] Building Calliope model: 4696a82f764828c5546e
[Calliope] Solving Calliope model: 4696a82f764828c5546e
[Calliope] Solution saved to: SoC_proxy_TSA/data/calliope_models/4696a82f764828c5546e.nc
 ------------------------------------------------------- 
 ----- K-Medoid, reps=90, SocDelta, W_proxy=0.25  -----
 -----      73f3ca892ebc190a7078      ----- 
 ------------------------------------------------------- 
[Model] Parameter json saved to SoC_proxy_TSA/data/parameters/73f3ca892ebc190a7078.json
[TSA] Extracting features dataframe for 73f3ca892ebc190a7078
[SoC Proxy] Tuner: c*=0.743250 lost=0.000e+00 | margin=4.000% -> curtailment=0.713520
[SoC Proxy] curtailment forecast: 71.35%
[TSA]: Applying hierarchical clustering method, with medoidRepresentation representation.
[TSA] successfully applied. Results saved to SoC_proxy_TSA/data/cluster_maps/73f3ca892ebc190a7078.csv.
[TSA] cluster completed in 1.96
[Calliope] Validating and Configuring Calliope model: 73f3ca892ebc190a7078
[Calliope] Building Calliope model: 73f3ca892ebc190a7078
[Calliope] Solving Calliope model: 73f3ca892ebc190a7078
[Calliope] Solution saved to: SoC_proxy_TSA/data/calliope_models/73f3ca892ebc190a7078.nc
[SoC Proxy] Tuner: c*=0.754551 lost=0.000e+00 | margin=4.000% -> curtailment=0.724369
[SoC Proxy] curtailment forecast: 72.44%
 ------------------------------------------------------- 
 ----- K-Medoid, reps=90, SocDelta, W_proxy=0.5  -----
 -----      5d9040a77beb6776298c      ----- 
 ------------------------------------------------------- 
[Model] Parameter json saved to SoC_proxy_TSA/data/parameters/5d9040a77beb6776298c.json
[TSA] Extracting features dataframe for 5d9040a77beb6776298c
[SoC Proxy] Tuner: c*=0.743250 lost=0.000e+00 | margin=4.000% -> curtailment=0.713520
[SoC Proxy] curtailment forecast: 71.35%
[TSA]: Applying hierarchical clustering method, with medoidRepresentation representation.
[TSA] successfully applied. Results saved to SoC_proxy_TSA/data/cluster_maps/5d9040a77beb6776298c.csv.
[TSA] cluster completed in 1.91
[Calliope] Validating and Configuring Calliope model: 5d9040a77beb6776298c
[Calliope] Building Calliope model: 5d9040a77beb6776298c
[Calliope] Solving Calliope model: 5d9040a77beb6776298c
[Calliope] Solution saved to: SoC_proxy_TSA/data/calliope_models/5d9040a77beb6776298c.nc
[SoC Proxy] Tuner: c*=0.750758 lost=0.000e+00 | margin=4.000% -> curtailment=0.720728
[SoC Proxy] curtailment forecast: 72.07%
 ------------------------------------------------------- 
 ----- K-Medoid, reps=90, SocDelta, W_proxy=0.75  -----
 -----      b8048cf214bdf65e64b6      ----- 
 ------------------------------------------------------- 
[Model] Parameter json saved to SoC_proxy_TSA/data/parameters/b8048cf214bdf65e64b6.json
[TSA] Extracting features dataframe for b8048cf214bdf65e64b6
[SoC Proxy] Tuner: c*=0.743250 lost=0.000e+00 | margin=4.000% -> curtailment=0.713520
[SoC Proxy] curtailment forecast: 71.35%
[TSA]: Applying hierarchical clustering method, with medoidRepresentation representation.
[TSA] successfully applied. Results saved to SoC_proxy_TSA/data/cluster_maps/b8048cf214bdf65e64b6.csv.
[TSA] cluster completed in 1.92
[Calliope] Validating and Configuring Calliope model: b8048cf214bdf65e64b6
[Calliope] Building Calliope model: b8048cf214bdf65e64b6
[Calliope] Solving Calliope model: b8048cf214bdf65e64b6
[Calliope] Solution saved to: SoC_proxy_TSA/data/calliope_models/b8048cf214bdf65e64b6.nc
[SoC Proxy] Tuner: c*=0.748531 lost=0.000e+00 | margin=4.000% -> curtailment=0.718590
[SoC Proxy] curtailment forecast: 71.86%
 ------------------------------------------------------- 
 ----- K-Medoid, reps=90, SocDelta, W_proxy=1  -----
 -----      060ada4366fb6d821a27      ----- 
 ------------------------------------------------------- 
[Model] Parameter json saved to SoC_proxy_TSA/data/parameters/060ada4366fb6d821a27.json
[TSA] Extracting features dataframe for 060ada4366fb6d821a27
[SoC Proxy] Tuner: c*=0.743250 lost=0.000e+00 | margin=4.000% -> curtailment=0.713520
[SoC Proxy] curtailment forecast: 71.35%
[TSA]: Applying hierarchical clustering method, with medoidRepresentation representation.
weight of "solar" set to the minmal tolerable weighting
weight of "onshore_wind" set to the minmal tolerable weighting
weight of "offshore_wind" set to the minmal tolerable weighting
weight of "demand_power" set to the minmal tolerable weighting
[TSA] successfully applied. Results saved to SoC_proxy_TSA/data/cluster_maps/060ada4366fb6d821a27.csv.
[TSA] cluster completed in 2.00
[Calliope] Validating and Configuring Calliope model: 060ada4366fb6d821a27
[Calliope] Building Calliope model: 060ada4366fb6d821a27
[Calliope] Solving Calliope model: 060ada4366fb6d821a27
[Calliope] Solution saved to: SoC_proxy_TSA/data/calliope_models/060ada4366fb6d821a27.nc
[SoC Proxy] Tuner: c*=0.744278 lost=0.000e+00 | margin=4.000% -> curtailment=0.714507
[SoC Proxy] curtailment forecast: 71.45%
 ------------------------------------------------------- 
  
[Dispatch] running scenario Sensitivity_W_reps45
   
 ------------------------------------------------------- 
 ------------------------------------------------------- 
 ----- K-Medoid, reps=45, W_proxy=0.0  -----
 -----      128ddcaacd78385a3852      ----- 
 ------------------------------------------------------- 
[Model] Parameter json saved to SoC_proxy_TSA/data/parameters/128ddcaacd78385a3852.json
[TSA] Extracting features dataframe for 128ddcaacd78385a3852
[TSA]: Applying hierarchical clustering method, with medoidRepresentation representation.
[TSA] successfully applied. Results saved to SoC_proxy_TSA/data/cluster_maps/128ddcaacd78385a3852.csv.
[TSA] cluster completed in 1.12
[Calliope] Validating and Configuring Calliope model: 128ddcaacd78385a3852
[Calliope] Building Calliope model: 128ddcaacd78385a3852
[Calliope] Solving Calliope model: 128ddcaacd78385a3852
[Calliope] Solution saved to: SoC_proxy_TSA/data/calliope_models/128ddcaacd78385a3852.nc
 ------------------------------------------------------- 
 ----- K-Medoid, reps=45, SocDelta, W_proxy=0.25  -----
 -----      5b38c976984889231acf      ----- 
 ------------------------------------------------------- 
[Model] Parameter json saved to SoC_proxy_TSA/data/parameters/5b38c976984889231acf.json
[TSA] Extracting features dataframe for 5b38c976984889231acf
[SoC Proxy] Tuner: c*=0.743539 lost=0.000e+00 | margin=4.000% -> curtailment=0.713797
[SoC Proxy] curtailment forecast: 71.38%
[TSA]: Applying hierarchical clustering method, with medoidRepresentation representation.
[TSA] successfully applied. Results saved to SoC_proxy_TSA/data/cluster_maps/5b38c976984889231acf.csv.
[TSA] cluster completed in 1.90
[Calliope] Validating and Configuring Calliope model: 5b38c976984889231acf
[Calliope] Building Calliope model: 5b38c976984889231acf
[Calliope] Solving Calliope model: 5b38c976984889231acf
[Calliope] Solution saved to: SoC_proxy_TSA/data/calliope_models/5b38c976984889231acf.nc
[SoC Proxy] Tuner: c*=0.749728 lost=0.000e+00 | margin=4.000% -> curtailment=0.719739
[SoC Proxy] curtailment forecast: 71.97%
 ------------------------------------------------------- 
 ----- K-Medoid, reps=45, SocDelta, W_proxy=0.5  -----
 -----      5dce4d7954a493b34eb1      ----- 
 ------------------------------------------------------- 
[Model] Parameter json saved to SoC_proxy_TSA/data/parameters/5dce4d7954a493b34eb1.json
[TSA] Extracting features dataframe for 5dce4d7954a493b34eb1
[SoC Proxy] Tuner: c*=0.743539 lost=0.000e+00 | margin=4.000% -> curtailment=0.713797
[SoC Proxy] curtailment forecast: 71.38%
[TSA]: Applying hierarchical clustering method, with medoidRepresentation representation.
[TSA] successfully applied. Results saved to SoC_proxy_TSA/data/cluster_maps/5dce4d7954a493b34eb1.csv.
[TSA] cluster completed in 1.89
[Calliope] Validating and Configuring Calliope model: 5dce4d7954a493b34eb1
[Calliope] Building Calliope model: 5dce4d7954a493b34eb1
[Calliope] Solving Calliope model: 5dce4d7954a493b34eb1
[Calliope] Solution saved to: SoC_proxy_TSA/data/calliope_models/5dce4d7954a493b34eb1.nc
[SoC Proxy] Tuner: c*=0.750760 lost=0.000e+00 | margin=4.000% -> curtailment=0.720730
[SoC Proxy] curtailment forecast: 72.07%
 ------------------------------------------------------- 
 ----- K-Medoid, reps=45, SocDelta, W_proxy=0.75  -----
 -----      1fc5336843a82af485de      ----- 
 ------------------------------------------------------- 
[Model] Parameter json saved to SoC_proxy_TSA/data/parameters/1fc5336843a82af485de.json
[TSA] Extracting features dataframe for 1fc5336843a82af485de
[SoC Proxy] Tuner: c*=0.743539 lost=0.000e+00 | margin=4.000% -> curtailment=0.713797
[SoC Proxy] curtailment forecast: 71.38%
[TSA]: Applying hierarchical clustering method, with medoidRepresentation representation.
[TSA] successfully applied. Results saved to SoC_proxy_TSA/data/cluster_maps/1fc5336843a82af485de.csv.
[TSA] cluster completed in 1.90
[Calliope] Validating and Configuring Calliope model: 1fc5336843a82af485de
[Calliope] Building Calliope model: 1fc5336843a82af485de
[Calliope] Solving Calliope model: 1fc5336843a82af485de
[Calliope] Solution saved to: SoC_proxy_TSA/data/calliope_models/1fc5336843a82af485de.nc
[SoC Proxy] Tuner: c*=0.753539 lost=0.000e+00 | margin=4.000% -> curtailment=0.723397
[SoC Proxy] curtailment forecast: 72.34%
 ------------------------------------------------------- 
 ----- K-Medoid, reps=45, SocDelta, W_proxy=1  -----
 -----      99644e326477a2e04acf      ----- 
 ------------------------------------------------------- 
[Model] Parameter json saved to SoC_proxy_TSA/data/parameters/99644e326477a2e04acf.json
[TSA] Extracting features dataframe for 99644e326477a2e04acf
[SoC Proxy] Tuner: c*=0.743539 lost=0.000e+00 | margin=4.000% -> curtailment=0.713797
[SoC Proxy] curtailment forecast: 71.38%
[TSA]: Applying hierarchical clustering method, with medoidRepresentation representation.
weight of "solar" set to the minmal tolerable weighting
weight of "onshore_wind" set to the minmal tolerable weighting
weight of "offshore_wind" set to the minmal tolerable weighting
weight of "demand_power" set to the minmal tolerable weighting
[TSA] successfully applied. Results saved to SoC_proxy_TSA/data/cluster_maps/99644e326477a2e04acf.csv.
[TSA] cluster completed in 1.99
[Calliope] Validating and Configuring Calliope model: 99644e326477a2e04acf
[Calliope] Building Calliope model: 99644e326477a2e04acf
[Calliope] Solving Calliope model: 99644e326477a2e04acf
[Calliope] Solution saved to: SoC_proxy_TSA/data/calliope_models/99644e326477a2e04acf.nc
[SoC Proxy] Tuner: c*=0.739634 lost=0.000e+00 | margin=4.000% -> curtailment=0.710049
[SoC Proxy] curtailment forecast: 71.00%
 ------------------------------------------------------- 
  
[Dispatch] running scenario Sensitivity_W_reps60
   
 ------------------------------------------------------- 
 ------------------------------------------------------- 
 ----- K-Medoid, reps=60, W_proxy=0.0  -----
 -----      3f2ba14beea256af979f      ----- 
 ------------------------------------------------------- 
[Model] Parameter json saved to SoC_proxy_TSA/data/parameters/3f2ba14beea256af979f.json
[TSA] Extracting features dataframe for 3f2ba14beea256af979f
[TSA]: Applying hierarchical clustering method, with medoidRepresentation representation.
[TSA] successfully applied. Results saved to SoC_proxy_TSA/data/cluster_maps/3f2ba14beea256af979f.csv.
[TSA] cluster completed in 1.14
[Calliope] Validating and Configuring Calliope model: 3f2ba14beea256af979f
[Calliope] Building Calliope model: 3f2ba14beea256af979f
[Calliope] Solving Calliope model: 3f2ba14beea256af979f
[Calliope] Solution saved to: SoC_proxy_TSA/data/calliope_models/3f2ba14beea256af979f.nc
 ------------------------------------------------------- 
 ----- K-Medoid, reps=60, SocDelta, W_proxy=0.25  -----
 -----      5a20af367c5580bafda3      ----- 
 ------------------------------------------------------- 
[Model] Parameter json saved to SoC_proxy_TSA/data/parameters/5a20af367c5580bafda3.json
[TSA] Extracting features dataframe for 5a20af367c5580bafda3
[SoC Proxy] Tuner: c*=0.743539 lost=0.000e+00 | margin=4.000% -> curtailment=0.713797
[SoC Proxy] curtailment forecast: 71.38%
[TSA]: Applying hierarchical clustering method, with medoidRepresentation representation.
[TSA] successfully applied. Results saved to SoC_proxy_TSA/data/cluster_maps/5a20af367c5580bafda3.csv.
[TSA] cluster completed in 1.92
[Calliope] Validating and Configuring Calliope model: 5a20af367c5580bafda3
[Calliope] Building Calliope model: 5a20af367c5580bafda3
[Calliope] Solving Calliope model: 5a20af367c5580bafda3
[Calliope] Solution saved to: SoC_proxy_TSA/data/calliope_models/5a20af367c5580bafda3.nc
[SoC Proxy] Tuner: c*=0.753771 lost=0.000e+00 | margin=4.000% -> curtailment=0.723620
[SoC Proxy] curtailment forecast: 72.36%
 ------------------------------------------------------- 
 ----- K-Medoid, reps=60, SocDelta, W_proxy=0.5  -----
 -----      2a74fa5b8a6b7985cfac      ----- 
 ------------------------------------------------------- 
[Model] Parameter json saved to SoC_proxy_TSA/data/parameters/2a74fa5b8a6b7985cfac.json
[TSA] Extracting features dataframe for 2a74fa5b8a6b7985cfac
[SoC Proxy] Tuner: c*=0.743539 lost=0.000e+00 | margin=4.000% -> curtailment=0.713797
[SoC Proxy] curtailment forecast: 71.38%
[TSA]: Applying hierarchical clustering method, with medoidRepresentation representation.
[TSA] successfully applied. Results saved to SoC_proxy_TSA/data/cluster_maps/2a74fa5b8a6b7985cfac.csv.
[TSA] cluster completed in 1.91
[Calliope] Validating and Configuring Calliope model: 2a74fa5b8a6b7985cfac
[Calliope] Building Calliope model: 2a74fa5b8a6b7985cfac
[Calliope] Solving Calliope model: 2a74fa5b8a6b7985cfac
[Calliope] Solution saved to: SoC_proxy_TSA/data/calliope_models/2a74fa5b8a6b7985cfac.nc
[SoC Proxy] Tuner: c*=0.751410 lost=0.000e+00 | margin=4.000% -> curtailment=0.721354
[SoC Proxy] curtailment forecast: 72.14%
 ------------------------------------------------------- 
 ----- K-Medoid, reps=60, SocDelta, W_proxy=0.75  -----
 -----      8f01eda6dcbfbe417fb8      ----- 
 ------------------------------------------------------- 
[Model] Parameter json saved to SoC_proxy_TSA/data/parameters/8f01eda6dcbfbe417fb8.json
[TSA] Extracting features dataframe for 8f01eda6dcbfbe417fb8
[SoC Proxy] Tuner: c*=0.743539 lost=0.000e+00 | margin=4.000% -> curtailment=0.713797
[SoC Proxy] curtailment forecast: 71.38%
[TSA]: Applying hierarchical clustering method, with medoidRepresentation representation.
[TSA] successfully applied. Results saved to SoC_proxy_TSA/data/cluster_maps/8f01eda6dcbfbe417fb8.csv.
[TSA] cluster completed in 1.93
[Calliope] Validating and Configuring Calliope model: 8f01eda6dcbfbe417fb8
[Calliope] Building Calliope model: 8f01eda6dcbfbe417fb8
[Calliope] Solving Calliope model: 8f01eda6dcbfbe417fb8
[Calliope] Solution saved to: SoC_proxy_TSA/data/calliope_models/8f01eda6dcbfbe417fb8.nc
[SoC Proxy] Tuner: c*=0.752817 lost=0.000e+00 | margin=4.000% -> curtailment=0.722704
[SoC Proxy] curtailment forecast: 72.27%
 ------------------------------------------------------- 
 ----- K-Medoid, reps=60, SocDelta, W_proxy=1  -----
 -----      ae6df3232814718e0143      ----- 
 ------------------------------------------------------- 
[Model] Parameter json saved to SoC_proxy_TSA/data/parameters/ae6df3232814718e0143.json
[TSA] Extracting features dataframe for ae6df3232814718e0143
[SoC Proxy] Tuner: c*=0.743539 lost=0.000e+00 | margin=4.000% -> curtailment=0.713797
[SoC Proxy] curtailment forecast: 71.38%
[TSA]: Applying hierarchical clustering method, with medoidRepresentation representation.
weight of "solar" set to the minmal tolerable weighting
weight of "onshore_wind" set to the minmal tolerable weighting
weight of "offshore_wind" set to the minmal tolerable weighting
weight of "demand_power" set to the minmal tolerable weighting
[TSA] successfully applied. Results saved to SoC_proxy_TSA/data/cluster_maps/ae6df3232814718e0143.csv.
[TSA] cluster completed in 1.99
[Calliope] Validating and Configuring Calliope model: ae6df3232814718e0143
[Calliope] Building Calliope model: ae6df3232814718e0143
[Calliope] Solving Calliope model: ae6df3232814718e0143
[Calliope] Solution saved to: SoC_proxy_TSA/data/calliope_models/ae6df3232814718e0143.nc
[SoC Proxy] Tuner: c*=0.741155 lost=0.000e+00 | margin=4.000% -> curtailment=0.711509
[SoC Proxy] curtailment forecast: 71.15%
 ------------------------------------------------------- 
  
[Dispatch] running scenario Sensitivity_W_reps90
   
 ------------------------------------------------------- 
 ------------------------------------------------------- 
 ----- K-Medoid, reps=90, W_proxy=0.0  -----
 -----      ce35861e89b429365416      ----- 
 ------------------------------------------------------- 
[Model] Parameter json saved to SoC_proxy_TSA/data/parameters/ce35861e89b429365416.json
[TSA] Extracting features dataframe for ce35861e89b429365416
[TSA]: Applying hierarchical clustering method, with medoidRepresentation representation.
[TSA] successfully applied. Results saved to SoC_proxy_TSA/data/cluster_maps/ce35861e89b429365416.csv.
[TSA] cluster completed in 1.14
[Calliope] Validating and Configuring Calliope model: ce35861e89b429365416
[Calliope] Building Calliope model: ce35861e89b429365416
[Calliope] Solving Calliope model: ce35861e89b429365416
[Calliope] Solution saved to: SoC_proxy_TSA/data/calliope_models/ce35861e89b429365416.nc
 ------------------------------------------------------- 
 ----- K-Medoid, reps=90, SocDelta, W_proxy=0.25  -----
 -----      bbce326f44d36c312d83      ----- 
 ------------------------------------------------------- 
[Model] Parameter json saved to SoC_proxy_TSA/data/parameters/bbce326f44d36c312d83.json
[TSA] Extracting features dataframe for bbce326f44d36c312d83
[SoC Proxy] Tuner: c*=0.743539 lost=0.000e+00 | margin=4.000% -> curtailment=0.713797
[SoC Proxy] curtailment forecast: 71.38%
[TSA]: Applying hierarchical clustering method, with medoidRepresentation representation.
[TSA] successfully applied. Results saved to SoC_proxy_TSA/data/cluster_maps/bbce326f44d36c312d83.csv.
[TSA] cluster completed in 1.90
[Calliope] Validating and Configuring Calliope model: bbce326f44d36c312d83
[Calliope] Building Calliope model: bbce326f44d36c312d83
[Calliope] Solving Calliope model: bbce326f44d36c312d83
[Calliope] Solution saved to: SoC_proxy_TSA/data/calliope_models/bbce326f44d36c312d83.nc
[SoC Proxy] Tuner: c*=0.757010 lost=0.000e+00 | margin=4.000% -> curtailment=0.726730
[SoC Proxy] curtailment forecast: 72.67%
 ------------------------------------------------------- 
 ----- K-Medoid, reps=90, SocDelta, W_proxy=0.5  -----
 -----      cae0f4ad6959af6f01b1      ----- 
 ------------------------------------------------------- 
[Model] Parameter json saved to SoC_proxy_TSA/data/parameters/cae0f4ad6959af6f01b1.json
[TSA] Extracting features dataframe for cae0f4ad6959af6f01b1
[SoC Proxy] Tuner: c*=0.743539 lost=0.000e+00 | margin=4.000% -> curtailment=0.713797
[SoC Proxy] curtailment forecast: 71.38%
[TSA]: Applying hierarchical clustering method, with medoidRepresentation representation.
[TSA] successfully applied. Results saved to SoC_proxy_TSA/data/cluster_maps/cae0f4ad6959af6f01b1.csv.
[TSA] cluster completed in 1.90
[Calliope] Validating and Configuring Calliope model: cae0f4ad6959af6f01b1
[Calliope] Building Calliope model: cae0f4ad6959af6f01b1
[Calliope] Solving Calliope model: cae0f4ad6959af6f01b1
[Calliope] Solution saved to: SoC_proxy_TSA/data/calliope_models/cae0f4ad6959af6f01b1.nc
[SoC Proxy] Tuner: c*=0.747811 lost=0.000e+00 | margin=4.000% -> curtailment=0.717899
[SoC Proxy] curtailment forecast: 71.79%
 ------------------------------------------------------- 
 ----- K-Medoid, reps=90, SocDelta, W_proxy=0.75  -----
 -----      a080a457fee6ff2255d0      ----- 
 ------------------------------------------------------- 
[Model] Parameter json saved to SoC_proxy_TSA/data/parameters/a080a457fee6ff2255d0.json
[TSA] Extracting features dataframe for a080a457fee6ff2255d0
[SoC Proxy] Tuner: c*=0.743539 lost=0.000e+00 | margin=4.000% -> curtailment=0.713797
[SoC Proxy] curtailment forecast: 71.38%
[TSA]: Applying hierarchical clustering method, with medoidRepresentation representation.
[TSA] successfully applied. Results saved to SoC_proxy_TSA/data/cluster_maps/a080a457fee6ff2255d0.csv.
[TSA] cluster completed in 1.99
[Calliope] Validating and Configuring Calliope model: a080a457fee6ff2255d0
[Calliope] Building Calliope model: a080a457fee6ff2255d0
[Calliope] Solving Calliope model: a080a457fee6ff2255d0
[Calliope] Solution saved to: SoC_proxy_TSA/data/calliope_models/a080a457fee6ff2255d0.nc
[SoC Proxy] Tuner: c*=0.749031 lost=0.000e+00 | margin=4.000% -> curtailment=0.719070
[SoC Proxy] curtailment forecast: 71.91%
 ------------------------------------------------------- 
 ----- K-Medoid, reps=90, SocDelta, W_proxy=1  -----
 -----      8b1a01b269e1926038b2      ----- 
 ------------------------------------------------------- 
[Model] Parameter json saved to SoC_proxy_TSA/data/parameters/8b1a01b269e1926038b2.json
[TSA] Extracting features dataframe for 8b1a01b269e1926038b2
[SoC Proxy] Tuner: c*=0.743539 lost=0.000e+00 | margin=4.000% -> curtailment=0.713797
[SoC Proxy] curtailment forecast: 71.38%
[TSA]: Applying hierarchical clustering method, with medoidRepresentation representation.
weight of "solar" set to the minmal tolerable weighting
weight of "onshore_wind" set to the minmal tolerable weighting
weight of "offshore_wind" set to the minmal tolerable weighting
weight of "demand_power" set to the minmal tolerable weighting
[TSA] successfully applied. Results saved to SoC_proxy_TSA/data/cluster_maps/8b1a01b269e1926038b2.csv.
[TSA] cluster completed in 1.92
[Calliope] Validating and Configuring Calliope model: 8b1a01b269e1926038b2
[Calliope] Building Calliope model: 8b1a01b269e1926038b2
[Calliope] Solving Calliope model: 8b1a01b269e1926038b2
[Calliope] Solution saved to: SoC_proxy_TSA/data/calliope_models/8b1a01b269e1926038b2.nc
[SoC Proxy] Tuner: c*=0.747843 lost=0.000e+00 | margin=4.000% -> curtailment=0.717930
[SoC Proxy] curtailment forecast: 71.79%
 ------------------------------------------------------- 
  
[Dispatch] running scenario Sensitivity_W_reps45
   
 ------------------------------------------------------- 
 ------------------------------------------------------- 
 ----- K-Medoid, reps=45, W_proxy=0.0  -----
 -----      8346ea5f902d839bb23b      ----- 
 ------------------------------------------------------- 
[Model] Parameter json saved to SoC_proxy_TSA/data/parameters/8346ea5f902d839bb23b.json
[TSA] Extracting features dataframe for 8346ea5f902d839bb23b
[TSA]: Applying hierarchical clustering method, with medoidRepresentation representation.
[TSA] successfully applied. Results saved to SoC_proxy_TSA/data/cluster_maps/8346ea5f902d839bb23b.csv.
[TSA] cluster completed in 1.32
[Calliope] Validating and Configuring Calliope model: 8346ea5f902d839bb23b
[Calliope] Building Calliope model: 8346ea5f902d839bb23b
[Calliope] Solving Calliope model: 8346ea5f902d839bb23b
[Calliope] Solution saved to: SoC_proxy_TSA/data/calliope_models/8346ea5f902d839bb23b.nc
 ------------------------------------------------------- 
 ----- K-Medoid, reps=45, SocDelta, W_proxy=0.25  -----
 -----      588b68f0ffa14da3c018      ----- 
 ------------------------------------------------------- 
[Model] Parameter json saved to SoC_proxy_TSA/data/parameters/588b68f0ffa14da3c018.json
[TSA] Extracting features dataframe for 588b68f0ffa14da3c018
[SoC Proxy] Tuner: c*=0.740187 lost=0.000e+00 | margin=4.000% -> curtailment=0.710580
[SoC Proxy] curtailment forecast: 71.06%
[TSA]: Applying hierarchical clustering method, with medoidRepresentation representation.
[TSA] successfully applied. Results saved to SoC_proxy_TSA/data/cluster_maps/588b68f0ffa14da3c018.csv.
[TSA] cluster completed in 1.92
[Calliope] Validating and Configuring Calliope model: 588b68f0ffa14da3c018
[Calliope] Building Calliope model: 588b68f0ffa14da3c018
[Calliope] Solving Calliope model: 588b68f0ffa14da3c018
[Calliope] Solution saved to: SoC_proxy_TSA/data/calliope_models/588b68f0ffa14da3c018.nc
[SoC Proxy] Tuner: c*=0.754595 lost=0.000e+00 | margin=4.000% -> curtailment=0.724411
[SoC Proxy] ⚠ Warning: SoC Proxy severely non-cyclical (end-start = 1.169e+04)
[SoC Proxy] curtailment forecast: 72.44%
 ------------------------------------------------------- 
 ----- K-Medoid, reps=45, SocDelta, W_proxy=0.5  -----
 -----      7de8b8564f19602b4b45      ----- 
 ------------------------------------------------------- 
[Model] Parameter json saved to SoC_proxy_TSA/data/parameters/7de8b8564f19602b4b45.json
[TSA] Extracting features dataframe for 7de8b8564f19602b4b45
[SoC Proxy] Tuner: c*=0.740187 lost=0.000e+00 | margin=4.000% -> curtailment=0.710580
[SoC Proxy] curtailment forecast: 71.06%
[TSA]: Applying hierarchical clustering method, with medoidRepresentation representation.
[TSA] successfully applied. Results saved to SoC_proxy_TSA/data/cluster_maps/7de8b8564f19602b4b45.csv.
[TSA] cluster completed in 1.95
[Calliope] Validating and Configuring Calliope model: 7de8b8564f19602b4b45
[Calliope] Building Calliope model: 7de8b8564f19602b4b45
[Calliope] Solving Calliope model: 7de8b8564f19602b4b45
[Calliope] Solution saved to: SoC_proxy_TSA/data/calliope_models/7de8b8564f19602b4b45.nc
[SoC Proxy] Tuner: c*=0.742227 lost=0.000e+00 | margin=4.000% -> curtailment=0.712538
[SoC Proxy] ⚠ Warning: SoC Proxy severely non-cyclical (end-start = 1.057e+04)
[SoC Proxy] curtailment forecast: 71.25%
 ------------------------------------------------------- 
 ----- K-Medoid, reps=45, SocDelta, W_proxy=0.75  -----
 -----      6acfaf4f1a77c9b0127c      ----- 
 ------------------------------------------------------- 
[Model] Parameter json saved to SoC_proxy_TSA/data/parameters/6acfaf4f1a77c9b0127c.json
[TSA] Extracting features dataframe for 6acfaf4f1a77c9b0127c
[SoC Proxy] Tuner: c*=0.740187 lost=0.000e+00 | margin=4.000% -> curtailment=0.710580
[SoC Proxy] curtailment forecast: 71.06%
[TSA]: Applying hierarchical clustering method, with medoidRepresentation representation.
[TSA] successfully applied. Results saved to SoC_proxy_TSA/data/cluster_maps/6acfaf4f1a77c9b0127c.csv.
[TSA] cluster completed in 1.86
[Calliope] Validating and Configuring Calliope model: 6acfaf4f1a77c9b0127c
[Calliope] Building Calliope model: 6acfaf4f1a77c9b0127c
[Calliope] Solving Calliope model: 6acfaf4f1a77c9b0127c
[Calliope] Solution saved to: SoC_proxy_TSA/data/calliope_models/6acfaf4f1a77c9b0127c.nc
[SoC Proxy] Tuner: c*=0.744904 lost=0.000e+00 | margin=4.000% -> curtailment=0.715108
[SoC Proxy] curtailment forecast: 71.51%
 ------------------------------------------------------- 
 ----- K-Medoid, reps=45, SocDelta, W_proxy=1  -----
 -----      40dd63516d715300f07a      ----- 
 ------------------------------------------------------- 
[Model] Parameter json saved to SoC_proxy_TSA/data/parameters/40dd63516d715300f07a.json
[TSA] Extracting features dataframe for 40dd63516d715300f07a
[SoC Proxy] Tuner: c*=0.740187 lost=0.000e+00 | margin=4.000% -> curtailment=0.710580
[SoC Proxy] curtailment forecast: 71.06%
[TSA]: Applying hierarchical clustering method, with medoidRepresentation representation.
weight of "solar" set to the minmal tolerable weighting
weight of "onshore_wind" set to the minmal tolerable weighting
weight of "offshore_wind" set to the minmal tolerable weighting
weight of "demand_power" set to the minmal tolerable weighting
[TSA] successfully applied. Results saved to SoC_proxy_TSA/data/cluster_maps/40dd63516d715300f07a.csv.
[TSA] cluster completed in 1.94
[Calliope] Validating and Configuring Calliope model: 40dd63516d715300f07a
[Calliope] Building Calliope model: 40dd63516d715300f07a
[Calliope] Solving Calliope model: 40dd63516d715300f07a
[Calliope] Solution saved to: SoC_proxy_TSA/data/calliope_models/40dd63516d715300f07a.nc
[SoC Proxy] Tuner: c*=0.742544 lost=0.000e+00 | margin=4.000% -> curtailment=0.712842
[SoC Proxy] curtailment forecast: 71.28%
 ------------------------------------------------------- 
  
[Dispatch] running scenario Sensitivity_W_reps60
   
 ------------------------------------------------------- 
 ------------------------------------------------------- 
 ----- K-Medoid, reps=60, W_proxy=0.0  -----
 -----      9912b9a70f9f45c76854      ----- 
 ------------------------------------------------------- 
[Model] Parameter json saved to SoC_proxy_TSA/data/parameters/9912b9a70f9f45c76854.json
[TSA] Extracting features dataframe for 9912b9a70f9f45c76854
[TSA]: Applying hierarchical clustering method, with medoidRepresentation representation.
[TSA] successfully applied. Results saved to SoC_proxy_TSA/data/cluster_maps/9912b9a70f9f45c76854.csv.
[TSA] cluster completed in 1.13
[Calliope] Validating and Configuring Calliope model: 9912b9a70f9f45c76854
[Calliope] Building Calliope model: 9912b9a70f9f45c76854
[Calliope] Solving Calliope model: 9912b9a70f9f45c76854
[Calliope] Solution saved to: SoC_proxy_TSA/data/calliope_models/9912b9a70f9f45c76854.nc
 ------------------------------------------------------- 
 ----- K-Medoid, reps=60, SocDelta, W_proxy=0.25  -----
 -----      69e4c4f0da00c20d800f      ----- 
 ------------------------------------------------------- 
[Model] Parameter json saved to SoC_proxy_TSA/data/parameters/69e4c4f0da00c20d800f.json
[TSA] Extracting features dataframe for 69e4c4f0da00c20d800f
[SoC Proxy] Tuner: c*=0.740187 lost=0.000e+00 | margin=4.000% -> curtailment=0.710580
[SoC Proxy] curtailment forecast: 71.06%
[TSA]: Applying hierarchical clustering method, with medoidRepresentation representation.
[TSA] successfully applied. Results saved to SoC_proxy_TSA/data/cluster_maps/69e4c4f0da00c20d800f.csv.
[TSA] cluster completed in 1.88
[Calliope] Validating and Configuring Calliope model: 69e4c4f0da00c20d800f
[Calliope] Building Calliope model: 69e4c4f0da00c20d800f
[Calliope] Solving Calliope model: 69e4c4f0da00c20d800f
[Calliope] Solution saved to: SoC_proxy_TSA/data/calliope_models/69e4c4f0da00c20d800f.nc
[SoC Proxy] Tuner: c*=0.753177 lost=0.000e+00 | margin=4.000% -> curtailment=0.723050
[SoC Proxy] ⚠ Warning: SoC Proxy severely non-cyclical (end-start = 1.074e+04)
[SoC Proxy] curtailment forecast: 72.30%
 ------------------------------------------------------- 
 ----- K-Medoid, reps=60, SocDelta, W_proxy=0.5  -----
 -----      5a859a269f714847de64      ----- 
 ------------------------------------------------------- 
[Model] Parameter json saved to SoC_proxy_TSA/data/parameters/5a859a269f714847de64.json
[TSA] Extracting features dataframe for 5a859a269f714847de64
[SoC Proxy] Tuner: c*=0.740187 lost=0.000e+00 | margin=4.000% -> curtailment=0.710580
[SoC Proxy] curtailment forecast: 71.06%
[TSA]: Applying hierarchical clustering method, with medoidRepresentation representation.
[TSA] successfully applied. Results saved to SoC_proxy_TSA/data/cluster_maps/5a859a269f714847de64.csv.
[TSA] cluster completed in 1.92
[Calliope] Validating and Configuring Calliope model: 5a859a269f714847de64
[Calliope] Building Calliope model: 5a859a269f714847de64
[Calliope] Solving Calliope model: 5a859a269f714847de64
[Calliope] Solution saved to: SoC_proxy_TSA/data/calliope_models/5a859a269f714847de64.nc
[SoC Proxy] Tuner: c*=0.746020 lost=0.000e+00 | margin=4.000% -> curtailment=0.716180
[SoC Proxy] ⚠ Warning: SoC Proxy severely non-cyclical (end-start = 1.059e+04)
[SoC Proxy] curtailment forecast: 71.62%
 ------------------------------------------------------- 
 ----- K-Medoid, reps=60, SocDelta, W_proxy=0.75  -----
 -----      dbc7c03d04ac3fd96077      ----- 
 ------------------------------------------------------- 
[Model] Parameter json saved to SoC_proxy_TSA/data/parameters/dbc7c03d04ac3fd96077.json
[TSA] Extracting features dataframe for dbc7c03d04ac3fd96077
[SoC Proxy] Tuner: c*=0.740187 lost=0.000e+00 | margin=4.000% -> curtailment=0.710580
[SoC Proxy] curtailment forecast: 71.06%
[TSA]: Applying hierarchical clustering method, with medoidRepresentation representation.
[TSA] successfully applied. Results saved to SoC_proxy_TSA/data/cluster_maps/dbc7c03d04ac3fd96077.csv.
[TSA] cluster completed in 1.92
[Calliope] Validating and Configuring Calliope model: dbc7c03d04ac3fd96077
[Calliope] Building Calliope model: dbc7c03d04ac3fd96077
[Calliope] Solving Calliope model: dbc7c03d04ac3fd96077
[Calliope] Solution saved to: SoC_proxy_TSA/data/calliope_models/dbc7c03d04ac3fd96077.nc
[SoC Proxy] Tuner: c*=0.741541 lost=0.000e+00 | margin=4.000% -> curtailment=0.711880
[SoC Proxy] curtailment forecast: 71.19%
 ------------------------------------------------------- 
 ----- K-Medoid, reps=60, SocDelta, W_proxy=1  -----
 -----      da0f1c93dc4eb103f699      ----- 
 ------------------------------------------------------- 
[Model] Parameter json saved to SoC_proxy_TSA/data/parameters/da0f1c93dc4eb103f699.json
[TSA] Extracting features dataframe for da0f1c93dc4eb103f699
[SoC Proxy] Tuner: c*=0.740187 lost=0.000e+00 | margin=4.000% -> curtailment=0.710580
[SoC Proxy] curtailment forecast: 71.06%
[TSA]: Applying hierarchical clustering method, with medoidRepresentation representation.
weight of "solar" set to the minmal tolerable weighting
weight of "onshore_wind" set to the minmal tolerable weighting
weight of "offshore_wind" set to the minmal tolerable weighting
weight of "demand_power" set to the minmal tolerable weighting
[TSA] successfully applied. Results saved to SoC_proxy_TSA/data/cluster_maps/da0f1c93dc4eb103f699.csv.
[TSA] cluster completed in 1.95
[Calliope] Validating and Configuring Calliope model: da0f1c93dc4eb103f699
[Calliope] Building Calliope model: da0f1c93dc4eb103f699
[Calliope] Solving Calliope model: da0f1c93dc4eb103f699
[Calliope] Solution saved to: SoC_proxy_TSA/data/calliope_models/da0f1c93dc4eb103f699.nc
[SoC Proxy] Tuner: c*=0.736915 lost=0.000e+00 | margin=4.000% -> curtailment=0.707438
[SoC Proxy] curtailment forecast: 70.74%
 ------------------------------------------------------- 
  
[Dispatch] running scenario Sensitivity_W_reps90
   
 ------------------------------------------------------- 
 ------------------------------------------------------- 
 ----- K-Medoid, reps=90, W_proxy=0.0  -----
 -----      86f504c2fd904b8a75c6      ----- 
 ------------------------------------------------------- 
[Model] Parameter json saved to SoC_proxy_TSA/data/parameters/86f504c2fd904b8a75c6.json
[TSA] Extracting features dataframe for 86f504c2fd904b8a75c6
[TSA]: Applying hierarchical clustering method, with medoidRepresentation representation.
[TSA] successfully applied. Results saved to SoC_proxy_TSA/data/cluster_maps/86f504c2fd904b8a75c6.csv.
[TSA] cluster completed in 3.31
[Calliope] Validating and Configuring Calliope model: 86f504c2fd904b8a75c6
[Calliope] Building Calliope model: 86f504c2fd904b8a75c6
[Calliope] Solving Calliope model: 86f504c2fd904b8a75c6
[Calliope] Solution saved to: SoC_proxy_TSA/data/calliope_models/86f504c2fd904b8a75c6.nc
 ------------------------------------------------------- 
 ----- K-Medoid, reps=90, SocDelta, W_proxy=0.25  -----
 -----      8679e89e116473160b50      ----- 
 ------------------------------------------------------- 
[Model] Parameter json saved to SoC_proxy_TSA/data/parameters/8679e89e116473160b50.json
[TSA] Extracting features dataframe for 8679e89e116473160b50
[SoC Proxy] Tuner: c*=0.740187 lost=0.000e+00 | margin=4.000% -> curtailment=0.710580
[SoC Proxy] curtailment forecast: 71.06%
[TSA]: Applying hierarchical clustering method, with medoidRepresentation representation.
[TSA] successfully applied. Results saved to SoC_proxy_TSA/data/cluster_maps/8679e89e116473160b50.csv.
[TSA] cluster completed in 1.90
[Calliope] Validating and Configuring Calliope model: 8679e89e116473160b50
[Calliope] Building Calliope model: 8679e89e116473160b50
[Calliope] Solving Calliope model: 8679e89e116473160b50
[Calliope] Solution saved to: SoC_proxy_TSA/data/calliope_models/8679e89e116473160b50.nc
[SoC Proxy] Tuner: c*=0.747585 lost=0.000e+00 | margin=4.000% -> curtailment=0.717681
[SoC Proxy] ⚠ Warning: SoC Proxy severely non-cyclical (end-start = 1.267e+04)
[SoC Proxy] curtailment forecast: 71.77%
 ------------------------------------------------------- 
 ----- K-Medoid, reps=90, SocDelta, W_proxy=0.5  -----
 -----      1a591b98df07fd33a672      ----- 
 ------------------------------------------------------- 
[Model] Parameter json saved to SoC_proxy_TSA/data/parameters/1a591b98df07fd33a672.json
[TSA] Extracting features dataframe for 1a591b98df07fd33a672
[SoC Proxy] Tuner: c*=0.740187 lost=0.000e+00 | margin=4.000% -> curtailment=0.710580
[SoC Proxy] curtailment forecast: 71.06%
[TSA]: Applying hierarchical clustering method, with medoidRepresentation representation.
[TSA] successfully applied. Results saved to SoC_proxy_TSA/data/cluster_maps/1a591b98df07fd33a672.csv.
[TSA] cluster completed in 1.91
[Calliope] Validating and Configuring Calliope model: 1a591b98df07fd33a672
[Calliope] Building Calliope model: 1a591b98df07fd33a672
[Calliope] Solving Calliope model: 1a591b98df07fd33a672
[Calliope] Solution saved to: SoC_proxy_TSA/data/calliope_models/1a591b98df07fd33a672.nc
[SoC Proxy] Tuner: c*=0.745983 lost=0.000e+00 | margin=4.000% -> curtailment=0.716143
[SoC Proxy] curtailment forecast: 71.61%
 ------------------------------------------------------- 
 ----- K-Medoid, reps=90, SocDelta, W_proxy=0.75  -----
 -----      1ad58e3e48897d62ed69      ----- 
 ------------------------------------------------------- 
[Model] Parameter json saved to SoC_proxy_TSA/data/parameters/1ad58e3e48897d62ed69.json
[TSA] Extracting features dataframe for 1ad58e3e48897d62ed69
[SoC Proxy] Tuner: c*=0.740187 lost=0.000e+00 | margin=4.000% -> curtailment=0.710580
[SoC Proxy] curtailment forecast: 71.06%
[TSA]: Applying hierarchical clustering method, with medoidRepresentation representation.
[TSA] successfully applied. Results saved to SoC_proxy_TSA/data/cluster_maps/1ad58e3e48897d62ed69.csv.
[TSA] cluster completed in 1.93
[Calliope] Validating and Configuring Calliope model: 1ad58e3e48897d62ed69
[Calliope] Building Calliope model: 1ad58e3e48897d62ed69
[Calliope] Solving Calliope model: 1ad58e3e48897d62ed69
[Calliope] Solution saved to: SoC_proxy_TSA/data/calliope_models/1ad58e3e48897d62ed69.nc
[SoC Proxy] Tuner: c*=0.745584 lost=0.000e+00 | margin=4.000% -> curtailment=0.715760
[SoC Proxy] curtailment forecast: 71.58%
 ------------------------------------------------------- 
 ----- K-Medoid, reps=90, SocDelta, W_proxy=1  -----
 -----      f13a9605959cbaec7c37      ----- 
 ------------------------------------------------------- 
[Model] Parameter json saved to SoC_proxy_TSA/data/parameters/f13a9605959cbaec7c37.json
[TSA] Extracting features dataframe for f13a9605959cbaec7c37
[SoC Proxy] Tuner: c*=0.740187 lost=0.000e+00 | margin=4.000% -> curtailment=0.710580
[SoC Proxy] curtailment forecast: 71.06%
[TSA]: Applying hierarchical clustering method, with medoidRepresentation representation.
weight of "solar" set to the minmal tolerable weighting
weight of "onshore_wind" set to the minmal tolerable weighting
weight of "offshore_wind" set to the minmal tolerable weighting
weight of "demand_power" set to the minmal tolerable weighting
[TSA] successfully applied. Results saved to SoC_proxy_TSA/data/cluster_maps/f13a9605959cbaec7c37.csv.
[TSA] cluster completed in 1.96
[Calliope] Validating and Configuring Calliope model: f13a9605959cbaec7c37
[Calliope] Building Calliope model: f13a9605959cbaec7c37
[Calliope] Solving Calliope model: f13a9605959cbaec7c37
[Calliope] Solution saved to: SoC_proxy_TSA/data/calliope_models/f13a9605959cbaec7c37.nc
[SoC Proxy] Tuner: c*=0.738143 lost=0.000e+00 | margin=4.000% -> curtailment=0.708618
[SoC Proxy] curtailment forecast: 70.86%
 ------------------------------------------------------- 
  
[Dispatch] running scenario Sensitivity_W_reps45
   
 ------------------------------------------------------- 
 ------------------------------------------------------- 
 ----- K-Medoid, reps=45, W_proxy=0.0  -----
 -----      50ba04a7bf2d3a837931      ----- 
 ------------------------------------------------------- 
[Model] Parameter json saved to SoC_proxy_TSA/data/parameters/50ba04a7bf2d3a837931.json
[TSA] Extracting features dataframe for 50ba04a7bf2d3a837931
[TSA]: Applying hierarchical clustering method, with medoidRepresentation representation.
[TSA] successfully applied. Results saved to SoC_proxy_TSA/data/cluster_maps/50ba04a7bf2d3a837931.csv.
[TSA] cluster completed in 1.12
[Calliope] Validating and Configuring Calliope model: 50ba04a7bf2d3a837931
[Calliope] Building Calliope model: 50ba04a7bf2d3a837931
[Calliope] Solving Calliope model: 50ba04a7bf2d3a837931
[Calliope] Solution saved to: SoC_proxy_TSA/data/calliope_models/50ba04a7bf2d3a837931.nc
 ------------------------------------------------------- 
 ----- K-Medoid, reps=45, SocDelta, W_proxy=0.25  -----
 -----      fcded6d9ab61df02f7ac      ----- 
 ------------------------------------------------------- 
[Model] Parameter json saved to SoC_proxy_TSA/data/parameters/fcded6d9ab61df02f7ac.json
[TSA] Extracting features dataframe for fcded6d9ab61df02f7ac
[SoC Proxy] Tuner: c*=0.739598 lost=0.000e+00 | margin=4.000% -> curtailment=0.710014
[SoC Proxy] curtailment forecast: 71.00%
[TSA]: Applying hierarchical clustering method, with medoidRepresentation representation.
[TSA] successfully applied. Results saved to SoC_proxy_TSA/data/cluster_maps/fcded6d9ab61df02f7ac.csv.
[TSA] cluster completed in 1.90
[Calliope] Validating and Configuring Calliope model: fcded6d9ab61df02f7ac
[Calliope] Building Calliope model: fcded6d9ab61df02f7ac
[Calliope] Solving Calliope model: fcded6d9ab61df02f7ac
[Calliope] Solution saved to: SoC_proxy_TSA/data/calliope_models/fcded6d9ab61df02f7ac.nc
[SoC Proxy] Tuner: c*=0.747529 lost=0.000e+00 | margin=4.000% -> curtailment=0.717628
[SoC Proxy] curtailment forecast: 71.76%
 ------------------------------------------------------- 
 ----- K-Medoid, reps=45, SocDelta, W_proxy=0.5  -----
 -----      fc83fdf29df8cc088fcb      ----- 
 ------------------------------------------------------- 
[Model] Parameter json saved to SoC_proxy_TSA/data/parameters/fc83fdf29df8cc088fcb.json
[TSA] Extracting features dataframe for fc83fdf29df8cc088fcb
[SoC Proxy] Tuner: c*=0.739598 lost=0.000e+00 | margin=4.000% -> curtailment=0.710014
[SoC Proxy] curtailment forecast: 71.00%
[TSA]: Applying hierarchical clustering method, with medoidRepresentation representation.
[TSA] successfully applied. Results saved to SoC_proxy_TSA/data/cluster_maps/fc83fdf29df8cc088fcb.csv.
[TSA] cluster completed in 1.90
[Calliope] Validating and Configuring Calliope model: fc83fdf29df8cc088fcb
[Calliope] Building Calliope model: fc83fdf29df8cc088fcb
[Calliope] Solving Calliope model: fc83fdf29df8cc088fcb
[Calliope] Solution saved to: SoC_proxy_TSA/data/calliope_models/fc83fdf29df8cc088fcb.nc
[SoC Proxy] Tuner: c*=0.750207 lost=0.000e+00 | margin=4.000% -> curtailment=0.720199
[SoC Proxy] curtailment forecast: 72.02%
 ------------------------------------------------------- 
 ----- K-Medoid, reps=45, SocDelta, W_proxy=0.75  -----
 -----      4cde08997f2091f7541d      ----- 
 ------------------------------------------------------- 
[Model] Parameter json saved to SoC_proxy_TSA/data/parameters/4cde08997f2091f7541d.json
[TSA] Extracting features dataframe for 4cde08997f2091f7541d
[SoC Proxy] Tuner: c*=0.739598 lost=0.000e+00 | margin=4.000% -> curtailment=0.710014
[SoC Proxy] curtailment forecast: 71.00%
[TSA]: Applying hierarchical clustering method, with medoidRepresentation representation.
[TSA] successfully applied. Results saved to SoC_proxy_TSA/data/cluster_maps/4cde08997f2091f7541d.csv.
[TSA] cluster completed in 1.95
[Calliope] Validating and Configuring Calliope model: 4cde08997f2091f7541d
[Calliope] Building Calliope model: 4cde08997f2091f7541d
[Calliope] Solving Calliope model: 4cde08997f2091f7541d
[Calliope] Solution saved to: SoC_proxy_TSA/data/calliope_models/4cde08997f2091f7541d.nc
[SoC Proxy] Tuner: c*=0.745280 lost=0.000e+00 | margin=4.000% -> curtailment=0.715469
[SoC Proxy] ⚠ Warning: SoC Proxy severely non-cyclical (end-start = -1.068e+04)
[SoC Proxy] curtailment forecast: 71.55%
 ------------------------------------------------------- 
 ----- K-Medoid, reps=45, SocDelta, W_proxy=1  -----
 -----      3c0f332c7f9620875837      ----- 
 ------------------------------------------------------- 
[Model] Parameter json saved to SoC_proxy_TSA/data/parameters/3c0f332c7f9620875837.json
[TSA] Extracting features dataframe for 3c0f332c7f9620875837
[SoC Proxy] Tuner: c*=0.739598 lost=0.000e+00 | margin=4.000% -> curtailment=0.710014
[SoC Proxy] curtailment forecast: 71.00%
[TSA]: Applying hierarchical clustering method, with medoidRepresentation representation.
weight of "solar" set to the minmal tolerable weighting
weight of "onshore_wind" set to the minmal tolerable weighting
weight of "offshore_wind" set to the minmal tolerable weighting
weight of "demand_power" set to the minmal tolerable weighting
[TSA] successfully applied. Results saved to SoC_proxy_TSA/data/cluster_maps/3c0f332c7f9620875837.csv.
[TSA] cluster completed in 1.92
[Calliope] Validating and Configuring Calliope model: 3c0f332c7f9620875837
[Calliope] Building Calliope model: 3c0f332c7f9620875837
[Calliope] Solving Calliope model: 3c0f332c7f9620875837
[Calliope] Solution saved to: SoC_proxy_TSA/data/calliope_models/3c0f332c7f9620875837.nc
[SoC Proxy] Tuner: c*=0.731583 lost=0.000e+00 | margin=4.000% -> curtailment=0.702320
[SoC Proxy] curtailment forecast: 70.23%
 ------------------------------------------------------- 
  
[Dispatch] running scenario Sensitivity_W_reps60
   
 ------------------------------------------------------- 
 ------------------------------------------------------- 
 ----- K-Medoid, reps=60, W_proxy=0.0  -----
 -----      f41e03091152159155b3      ----- 
 ------------------------------------------------------- 
[Model] Parameter json saved to SoC_proxy_TSA/data/parameters/f41e03091152159155b3.json
[TSA] Extracting features dataframe for f41e03091152159155b3
[TSA]: Applying hierarchical clustering method, with medoidRepresentation representation.
[TSA] successfully applied. Results saved to SoC_proxy_TSA/data/cluster_maps/f41e03091152159155b3.csv.
[TSA] cluster completed in 1.20
[Calliope] Validating and Configuring Calliope model: f41e03091152159155b3
[Calliope] Building Calliope model: f41e03091152159155b3
[Calliope] Solving Calliope model: f41e03091152159155b3
[Calliope] Solution saved to: SoC_proxy_TSA/data/calliope_models/f41e03091152159155b3.nc
 ------------------------------------------------------- 
 ----- K-Medoid, reps=60, SocDelta, W_proxy=0.25  -----
 -----      9ddb1a1903aa4e1438cf      ----- 
 ------------------------------------------------------- 
[Model] Parameter json saved to SoC_proxy_TSA/data/parameters/9ddb1a1903aa4e1438cf.json
[TSA] Extracting features dataframe for 9ddb1a1903aa4e1438cf
[SoC Proxy] Tuner: c*=0.739598 lost=0.000e+00 | margin=4.000% -> curtailment=0.710014
[SoC Proxy] curtailment forecast: 71.00%
[TSA]: Applying hierarchical clustering method, with medoidRepresentation representation.
[TSA] successfully applied. Results saved to SoC_proxy_TSA/data/cluster_maps/9ddb1a1903aa4e1438cf.csv.
[TSA] cluster completed in 1.92
[Calliope] Validating and Configuring Calliope model: 9ddb1a1903aa4e1438cf
[Calliope] Building Calliope model: 9ddb1a1903aa4e1438cf
[Calliope] Solving Calliope model: 9ddb1a1903aa4e1438cf
[Calliope] Solution saved to: SoC_proxy_TSA/data/calliope_models/9ddb1a1903aa4e1438cf.nc
[SoC Proxy] Tuner: c*=0.745297 lost=0.000e+00 | margin=4.000% -> curtailment=0.715485
[SoC Proxy] curtailment forecast: 71.55%
 ------------------------------------------------------- 
 ----- K-Medoid, reps=60, SocDelta, W_proxy=0.5  -----
 -----      c64f5ae083893445345c      ----- 
 ------------------------------------------------------- 
[Model] Parameter json saved to SoC_proxy_TSA/data/parameters/c64f5ae083893445345c.json
[TSA] Extracting features dataframe for c64f5ae083893445345c
[SoC Proxy] Tuner: c*=0.739598 lost=0.000e+00 | margin=4.000% -> curtailment=0.710014
[SoC Proxy] curtailment forecast: 71.00%
[TSA]: Applying hierarchical clustering method, with medoidRepresentation representation.
[TSA] successfully applied. Results saved to SoC_proxy_TSA/data/cluster_maps/c64f5ae083893445345c.csv.
[TSA] cluster completed in 1.93
[Calliope] Validating and Configuring Calliope model: c64f5ae083893445345c
[Calliope] Building Calliope model: c64f5ae083893445345c
[Calliope] Solving Calliope model: c64f5ae083893445345c
[Calliope] Solution saved to: SoC_proxy_TSA/data/calliope_models/c64f5ae083893445345c.nc
[SoC Proxy] Tuner: c*=0.743814 lost=0.000e+00 | margin=4.000% -> curtailment=0.714062
[SoC Proxy] curtailment forecast: 71.41%
 ------------------------------------------------------- 
 ----- K-Medoid, reps=60, SocDelta, W_proxy=0.75  -----
 -----      019f2d250e3fd7636828      ----- 
 ------------------------------------------------------- 
[Model] Parameter json saved to SoC_proxy_TSA/data/parameters/019f2d250e3fd7636828.json
[TSA] Extracting features dataframe for 019f2d250e3fd7636828
[SoC Proxy] Tuner: c*=0.739598 lost=0.000e+00 | margin=4.000% -> curtailment=0.710014
[SoC Proxy] curtailment forecast: 71.00%
[TSA]: Applying hierarchical clustering method, with medoidRepresentation representation.
[TSA] successfully applied. Results saved to SoC_proxy_TSA/data/cluster_maps/019f2d250e3fd7636828.csv.
[TSA] cluster completed in 1.93
[Calliope] Validating and Configuring Calliope model: 019f2d250e3fd7636828
[Calliope] Building Calliope model: 019f2d250e3fd7636828
[Calliope] Solving Calliope model: 019f2d250e3fd7636828
[Calliope] Solution saved to: SoC_proxy_TSA/data/calliope_models/019f2d250e3fd7636828.nc
[SoC Proxy] Tuner: c*=0.739858 lost=0.000e+00 | margin=4.000% -> curtailment=0.710264
[SoC Proxy] ⚠ Warning: SoC Proxy severely non-cyclical (end-start = -1.078e+04)
[SoC Proxy] curtailment forecast: 71.03%
 ------------------------------------------------------- 
 ----- K-Medoid, reps=60, SocDelta, W_proxy=1  -----
 -----      03a97709ed04652480b0      ----- 
 ------------------------------------------------------- 
[Model] Parameter json saved to SoC_proxy_TSA/data/parameters/03a97709ed04652480b0.json
[TSA] Extracting features dataframe for 03a97709ed04652480b0
[SoC Proxy] Tuner: c*=0.739598 lost=0.000e+00 | margin=4.000% -> curtailment=0.710014
[SoC Proxy] curtailment forecast: 71.00%
[TSA]: Applying hierarchical clustering method, with medoidRepresentation representation.
weight of "solar" set to the minmal tolerable weighting
weight of "onshore_wind" set to the minmal tolerable weighting
weight of "offshore_wind" set to the minmal tolerable weighting
weight of "demand_power" set to the minmal tolerable weighting
[TSA] successfully applied. Results saved to SoC_proxy_TSA/data/cluster_maps/03a97709ed04652480b0.csv.
[TSA] cluster completed in 1.88
[Calliope] Validating and Configuring Calliope model: 03a97709ed04652480b0
[Calliope] Building Calliope model: 03a97709ed04652480b0
[Calliope] Solving Calliope model: 03a97709ed04652480b0
[Calliope] Solution saved to: SoC_proxy_TSA/data/calliope_models/03a97709ed04652480b0.nc
[SoC Proxy] Tuner: c*=0.732989 lost=0.000e+00 | margin=4.000% -> curtailment=0.703670
[SoC Proxy] curtailment forecast: 70.37%
 ------------------------------------------------------- 
  
[Dispatch] running scenario Sensitivity_W_reps90
   
 ------------------------------------------------------- 
 ------------------------------------------------------- 
 ----- K-Medoid, reps=90, W_proxy=0.0  -----
 -----      889db9eda14a90ce718b      ----- 
 ------------------------------------------------------- 
[Model] Parameter json saved to SoC_proxy_TSA/data/parameters/889db9eda14a90ce718b.json
[TSA] Extracting features dataframe for 889db9eda14a90ce718b
[TSA]: Applying hierarchical clustering method, with medoidRepresentation representation.
[TSA] successfully applied. Results saved to SoC_proxy_TSA/data/cluster_maps/889db9eda14a90ce718b.csv.
[TSA] cluster completed in 1.15
[Calliope] Validating and Configuring Calliope model: 889db9eda14a90ce718b
[Calliope] Building Calliope model: 889db9eda14a90ce718b
[Calliope] Solving Calliope model: 889db9eda14a90ce718b
[Calliope] Solution saved to: SoC_proxy_TSA/data/calliope_models/889db9eda14a90ce718b.nc
 ------------------------------------------------------- 
 ----- K-Medoid, reps=90, SocDelta, W_proxy=0.25  -----
 -----      bd55e4e2e8837a59a41c      ----- 
 ------------------------------------------------------- 
[Model] Parameter json saved to SoC_proxy_TSA/data/parameters/bd55e4e2e8837a59a41c.json
[TSA] Extracting features dataframe for bd55e4e2e8837a59a41c
[SoC Proxy] Tuner: c*=0.739598 lost=0.000e+00 | margin=4.000% -> curtailment=0.710014
[SoC Proxy] curtailment forecast: 71.00%
[TSA]: Applying hierarchical clustering method, with medoidRepresentation representation.
[TSA] successfully applied. Results saved to SoC_proxy_TSA/data/cluster_maps/bd55e4e2e8837a59a41c.csv.
[TSA] cluster completed in 1.90
[Calliope] Validating and Configuring Calliope model: bd55e4e2e8837a59a41c
[Calliope] Building Calliope model: bd55e4e2e8837a59a41c
[Calliope] Solving Calliope model: bd55e4e2e8837a59a41c
[Calliope] Solution saved to: SoC_proxy_TSA/data/calliope_models/bd55e4e2e8837a59a41c.nc
[SoC Proxy] Tuner: c*=0.747527 lost=0.000e+00 | margin=4.000% -> curtailment=0.717626
[SoC Proxy] curtailment forecast: 71.76%
 ------------------------------------------------------- 
 ----- K-Medoid, reps=90, SocDelta, W_proxy=0.5  -----
 -----      6fc2ee7cfcecbf37c420      ----- 
 ------------------------------------------------------- 
[Model] Parameter json saved to SoC_proxy_TSA/data/parameters/6fc2ee7cfcecbf37c420.json
[TSA] Extracting features dataframe for 6fc2ee7cfcecbf37c420
[SoC Proxy] Tuner: c*=0.739598 lost=0.000e+00 | margin=4.000% -> curtailment=0.710014
[SoC Proxy] curtailment forecast: 71.00%
[TSA]: Applying hierarchical clustering method, with medoidRepresentation representation.
[TSA] successfully applied. Results saved to SoC_proxy_TSA/data/cluster_maps/6fc2ee7cfcecbf37c420.csv.
[TSA] cluster completed in 1.91
[Calliope] Validating and Configuring Calliope model: 6fc2ee7cfcecbf37c420
[Calliope] Building Calliope model: 6fc2ee7cfcecbf37c420
[Calliope] Solving Calliope model: 6fc2ee7cfcecbf37c420
[Calliope] Solution saved to: SoC_proxy_TSA/data/calliope_models/6fc2ee7cfcecbf37c420.nc
[SoC Proxy] Tuner: c*=0.745705 lost=0.000e+00 | margin=4.000% -> curtailment=0.715876
[SoC Proxy] curtailment forecast: 71.59%
 ------------------------------------------------------- 
 ----- K-Medoid, reps=90, SocDelta, W_proxy=0.75  -----
 -----      97cad21881ecff333b31      ----- 
 ------------------------------------------------------- 
[Model] Parameter json saved to SoC_proxy_TSA/data/parameters/97cad21881ecff333b31.json
[TSA] Extracting features dataframe for 97cad21881ecff333b31
[SoC Proxy] Tuner: c*=0.739598 lost=0.000e+00 | margin=4.000% -> curtailment=0.710014
[SoC Proxy] curtailment forecast: 71.00%
[TSA]: Applying hierarchical clustering method, with medoidRepresentation representation.
[TSA] successfully applied. Results saved to SoC_proxy_TSA/data/cluster_maps/97cad21881ecff333b31.csv.
[TSA] cluster completed in 1.96
[Calliope] Validating and Configuring Calliope model: 97cad21881ecff333b31
[Calliope] Building Calliope model: 97cad21881ecff333b31
[Calliope] Solving Calliope model: 97cad21881ecff333b31
[Calliope] Solution saved to: SoC_proxy_TSA/data/calliope_models/97cad21881ecff333b31.nc
[SoC Proxy] Tuner: c*=0.741164 lost=0.000e+00 | margin=4.000% -> curtailment=0.711518
[SoC Proxy] curtailment forecast: 71.15%
 ------------------------------------------------------- 
 ----- K-Medoid, reps=90, SocDelta, W_proxy=1  -----
 -----      83bde8de6d8e1f0c9028      ----- 
 ------------------------------------------------------- 
[Model] Parameter json saved to SoC_proxy_TSA/data/parameters/83bde8de6d8e1f0c9028.json
[TSA] Extracting features dataframe for 83bde8de6d8e1f0c9028
[SoC Proxy] Tuner: c*=0.739598 lost=0.000e+00 | margin=4.000% -> curtailment=0.710014
[SoC Proxy] curtailment forecast: 71.00%
[TSA]: Applying hierarchical clustering method, with medoidRepresentation representation.
weight of "solar" set to the minmal tolerable weighting
weight of "onshore_wind" set to the minmal tolerable weighting
weight of "offshore_wind" set to the minmal tolerable weighting
weight of "demand_power" set to the minmal tolerable weighting
[TSA] successfully applied. Results saved to SoC_proxy_TSA/data/cluster_maps/83bde8de6d8e1f0c9028.csv.
[TSA] cluster completed in 1.89
[Calliope] Validating and Configuring Calliope model: 83bde8de6d8e1f0c9028
[Calliope] Building Calliope model: 83bde8de6d8e1f0c9028
[Calliope] Solving Calliope model: 83bde8de6d8e1f0c9028
[Calliope] Solution saved to: SoC_proxy_TSA/data/calliope_models/83bde8de6d8e1f0c9028.nc
[SoC Proxy] Tuner: c*=0.735264 lost=0.000e+00 | margin=4.000% -> curtailment=0.705854
[SoC Proxy] curtailment forecast: 70.59%
 ------------------------------------------------------- 
  
[Dispatch] running scenario Sensitivity_W_reps45
   
 ------------------------------------------------------- 
 ------------------------------------------------------- 
 ----- K-Medoid, reps=45, W_proxy=0.0  -----
 -----      2daddd6febc27d887f32      ----- 
 ------------------------------------------------------- 
[Model] Parameter json saved to SoC_proxy_TSA/data/parameters/2daddd6febc27d887f32.json
[TSA] Extracting features dataframe for 2daddd6febc27d887f32
[TSA]: Applying hierarchical clustering method, with medoidRepresentation representation.
[TSA] successfully applied. Results saved to SoC_proxy_TSA/data/cluster_maps/2daddd6febc27d887f32.csv.
[TSA] cluster completed in 1.13
[Calliope] Validating and Configuring Calliope model: 2daddd6febc27d887f32
[Calliope] Building Calliope model: 2daddd6febc27d887f32
[Calliope] Solving Calliope model: 2daddd6febc27d887f32
[Calliope] Solution saved to: SoC_proxy_TSA/data/calliope_models/2daddd6febc27d887f32.nc
 ------------------------------------------------------- 
 ----- K-Medoid, reps=45, SocDelta, W_proxy=0.25  -----
 -----      0bbb14768b99f24c3f6d      ----- 
 ------------------------------------------------------- 
[Model] Parameter json saved to SoC_proxy_TSA/data/parameters/0bbb14768b99f24c3f6d.json
[TSA] Extracting features dataframe for 0bbb14768b99f24c3f6d
[SoC Proxy] Tuner: c*=0.737455 lost=0.000e+00 | margin=4.000% -> curtailment=0.707956
[SoC Proxy] ⚠ Warning: SoC Proxy severely non-cyclical (end-start = -1.553e+04)
[SoC Proxy] curtailment forecast: 70.80%
[TSA]: Applying hierarchical clustering method, with medoidRepresentation representation.
[TSA] successfully applied. Results saved to SoC_proxy_TSA/data/cluster_maps/0bbb14768b99f24c3f6d.csv.
[TSA] cluster completed in 1.94
[Calliope] Validating and Configuring Calliope model: 0bbb14768b99f24c3f6d
[Calliope] Building Calliope model: 0bbb14768b99f24c3f6d
[Calliope] Solving Calliope model: 0bbb14768b99f24c3f6d
[Calliope] Solution saved to: SoC_proxy_TSA/data/calliope_models/0bbb14768b99f24c3f6d.nc
[SoC Proxy] Tuner: c*=0.745158 lost=0.000e+00 | margin=4.000% -> curtailment=0.715352
[SoC Proxy] curtailment forecast: 71.54%
 ------------------------------------------------------- 
 ----- K-Medoid, reps=45, SocDelta, W_proxy=0.5  -----
 -----      843903a025be0924f5e9      ----- 
 ------------------------------------------------------- 
[Model] Parameter json saved to SoC_proxy_TSA/data/parameters/843903a025be0924f5e9.json
[TSA] Extracting features dataframe for 843903a025be0924f5e9
[SoC Proxy] Tuner: c*=0.737455 lost=0.000e+00 | margin=4.000% -> curtailment=0.707956
[SoC Proxy] ⚠ Warning: SoC Proxy severely non-cyclical (end-start = -1.553e+04)
[SoC Proxy] curtailment forecast: 70.80%
[TSA]: Applying hierarchical clustering method, with medoidRepresentation representation.
[TSA] successfully applied. Results saved to SoC_proxy_TSA/data/cluster_maps/843903a025be0924f5e9.csv.
[TSA] cluster completed in 1.89
[Calliope] Validating and Configuring Calliope model: 843903a025be0924f5e9
[Calliope] Building Calliope model: 843903a025be0924f5e9
[Calliope] Solving Calliope model: 843903a025be0924f5e9
[Calliope] Solution saved to: SoC_proxy_TSA/data/calliope_models/843903a025be0924f5e9.nc
[SoC Proxy] Tuner: c*=0.746665 lost=0.000e+00 | margin=4.000% -> curtailment=0.716799
[SoC Proxy] ⚠ Warning: SoC Proxy severely non-cyclical (end-start = -1.153e+04)
[SoC Proxy] curtailment forecast: 71.68%
 ------------------------------------------------------- 
 ----- K-Medoid, reps=45, SocDelta, W_proxy=0.75  -----
 -----      6693b5445c4d1ab62fc5      ----- 
 ------------------------------------------------------- 
[Model] Parameter json saved to SoC_proxy_TSA/data/parameters/6693b5445c4d1ab62fc5.json
[TSA] Extracting features dataframe for 6693b5445c4d1ab62fc5
[SoC Proxy] Tuner: c*=0.737455 lost=0.000e+00 | margin=4.000% -> curtailment=0.707956
[SoC Proxy] ⚠ Warning: SoC Proxy severely non-cyclical (end-start = -1.553e+04)
[SoC Proxy] curtailment forecast: 70.80%
[TSA]: Applying hierarchical clustering method, with medoidRepresentation representation.
[TSA] successfully applied. Results saved to SoC_proxy_TSA/data/cluster_maps/6693b5445c4d1ab62fc5.csv.
[TSA] cluster completed in 1.93
[Calliope] Validating and Configuring Calliope model: 6693b5445c4d1ab62fc5
[Calliope] Building Calliope model: 6693b5445c4d1ab62fc5
[Calliope] Solving Calliope model: 6693b5445c4d1ab62fc5
[Calliope] Solution saved to: SoC_proxy_TSA/data/calliope_models/6693b5445c4d1ab62fc5.nc
[SoC Proxy] Tuner: c*=0.749404 lost=0.000e+00 | margin=4.000% -> curtailment=0.719428
[SoC Proxy] ⚠ Warning: SoC Proxy severely non-cyclical (end-start = -1.216e+04)
[SoC Proxy] curtailment forecast: 71.94%
 ------------------------------------------------------- 
 ----- K-Medoid, reps=45, SocDelta, W_proxy=1  -----
 -----      2642ad4fb5443b3dbacd      ----- 
 ------------------------------------------------------- 
[Model] Parameter json saved to SoC_proxy_TSA/data/parameters/2642ad4fb5443b3dbacd.json
[TSA] Extracting features dataframe for 2642ad4fb5443b3dbacd
[SoC Proxy] Tuner: c*=0.737455 lost=0.000e+00 | margin=4.000% -> curtailment=0.707956
[SoC Proxy] ⚠ Warning: SoC Proxy severely non-cyclical (end-start = -1.553e+04)
[SoC Proxy] curtailment forecast: 70.80%
[TSA]: Applying hierarchical clustering method, with medoidRepresentation representation.
weight of "solar" set to the minmal tolerable weighting
weight of "onshore_wind" set to the minmal tolerable weighting
weight of "offshore_wind" set to the minmal tolerable weighting
weight of "demand_power" set to the minmal tolerable weighting
[TSA] successfully applied. Results saved to SoC_proxy_TSA/data/cluster_maps/2642ad4fb5443b3dbacd.csv.
[TSA] cluster completed in 1.89
[Calliope] Validating and Configuring Calliope model: 2642ad4fb5443b3dbacd
[Calliope] Building Calliope model: 2642ad4fb5443b3dbacd
[Calliope] Solving Calliope model: 2642ad4fb5443b3dbacd
[Calliope] Solution saved to: SoC_proxy_TSA/data/calliope_models/2642ad4fb5443b3dbacd.nc
[SoC Proxy] Tuner: c*=0.730418 lost=0.000e+00 | margin=4.000% -> curtailment=0.701201
[SoC Proxy] curtailment forecast: 70.12%
 ------------------------------------------------------- 
  
[Dispatch] running scenario Sensitivity_W_reps60
   
 ------------------------------------------------------- 
 ------------------------------------------------------- 
 ----- K-Medoid, reps=60, W_proxy=0.0  -----
 -----      b08a3cc0e1e2e0f424a2      ----- 
 ------------------------------------------------------- 
[Model] Parameter json saved to SoC_proxy_TSA/data/parameters/b08a3cc0e1e2e0f424a2.json
[TSA] Extracting features dataframe for b08a3cc0e1e2e0f424a2
[TSA]: Applying hierarchical clustering method, with medoidRepresentation representation.
[TSA] successfully applied. Results saved to SoC_proxy_TSA/data/cluster_maps/b08a3cc0e1e2e0f424a2.csv.
[TSA] cluster completed in 1.14
[Calliope] Validating and Configuring Calliope model: b08a3cc0e1e2e0f424a2
[Calliope] Building Calliope model: b08a3cc0e1e2e0f424a2
[Calliope] Solving Calliope model: b08a3cc0e1e2e0f424a2
[Calliope] Solution saved to: SoC_proxy_TSA/data/calliope_models/b08a3cc0e1e2e0f424a2.nc
 ------------------------------------------------------- 
 ----- K-Medoid, reps=60, SocDelta, W_proxy=0.25  -----
 -----      d6ff674fa571b85c167f      ----- 
 ------------------------------------------------------- 
[Model] Parameter json saved to SoC_proxy_TSA/data/parameters/d6ff674fa571b85c167f.json
[TSA] Extracting features dataframe for d6ff674fa571b85c167f
[SoC Proxy] Tuner: c*=0.737455 lost=0.000e+00 | margin=4.000% -> curtailment=0.707956
[SoC Proxy] ⚠ Warning: SoC Proxy severely non-cyclical (end-start = -1.553e+04)
[SoC Proxy] curtailment forecast: 70.80%
[TSA]: Applying hierarchical clustering method, with medoidRepresentation representation.
[TSA] successfully applied. Results saved to SoC_proxy_TSA/data/cluster_maps/d6ff674fa571b85c167f.csv.
[TSA] cluster completed in 1.91
[Calliope] Validating and Configuring Calliope model: d6ff674fa571b85c167f
[Calliope] Building Calliope model: d6ff674fa571b85c167f
[Calliope] Solving Calliope model: d6ff674fa571b85c167f
[Calliope] Solution saved to: SoC_proxy_TSA/data/calliope_models/d6ff674fa571b85c167f.nc
[SoC Proxy] Tuner: c*=0.747958 lost=0.000e+00 | margin=4.000% -> curtailment=0.718040
[SoC Proxy] ⚠ Warning: SoC Proxy severely non-cyclical (end-start = -1.152e+04)
[SoC Proxy] curtailment forecast: 71.80%
 ------------------------------------------------------- 
 ----- K-Medoid, reps=60, SocDelta, W_proxy=0.5  -----
 -----      e53af2cec384217f7129      ----- 
 ------------------------------------------------------- 
[Model] Parameter json saved to SoC_proxy_TSA/data/parameters/e53af2cec384217f7129.json
[TSA] Extracting features dataframe for e53af2cec384217f7129
[SoC Proxy] Tuner: c*=0.737455 lost=0.000e+00 | margin=4.000% -> curtailment=0.707956
[SoC Proxy] ⚠ Warning: SoC Proxy severely non-cyclical (end-start = -1.553e+04)
[SoC Proxy] curtailment forecast: 70.80%
[TSA]: Applying hierarchical clustering method, with medoidRepresentation representation.
[TSA] successfully applied. Results saved to SoC_proxy_TSA/data/cluster_maps/e53af2cec384217f7129.csv.
[TSA] cluster completed in 1.90
[Calliope] Validating and Configuring Calliope model: e53af2cec384217f7129
[Calliope] Building Calliope model: e53af2cec384217f7129
[Calliope] Solving Calliope model: e53af2cec384217f7129
[Calliope] Solution saved to: SoC_proxy_TSA/data/calliope_models/e53af2cec384217f7129.nc
[SoC Proxy] Tuner: c*=0.749281 lost=0.000e+00 | margin=4.000% -> curtailment=0.719310
[SoC Proxy] ⚠ Warning: SoC Proxy severely non-cyclical (end-start = -1.133e+04)
[SoC Proxy] curtailment forecast: 71.93%
 ------------------------------------------------------- 
 ----- K-Medoid, reps=60, SocDelta, W_proxy=0.75  -----
 -----      e0f8d0c165fd7fb2e9af      ----- 
 ------------------------------------------------------- 
[Model] Parameter json saved to SoC_proxy_TSA/data/parameters/e0f8d0c165fd7fb2e9af.json
[TSA] Extracting features dataframe for e0f8d0c165fd7fb2e9af
[SoC Proxy] Tuner: c*=0.737455 lost=0.000e+00 | margin=4.000% -> curtailment=0.707956
[SoC Proxy] ⚠ Warning: SoC Proxy severely non-cyclical (end-start = -1.553e+04)
[SoC Proxy] curtailment forecast: 70.80%
[TSA]: Applying hierarchical clustering method, with medoidRepresentation representation.
[TSA] successfully applied. Results saved to SoC_proxy_TSA/data/cluster_maps/e0f8d0c165fd7fb2e9af.csv.
[TSA] cluster completed in 1.92
[Calliope] Validating and Configuring Calliope model: e0f8d0c165fd7fb2e9af
[Calliope] Building Calliope model: e0f8d0c165fd7fb2e9af
[Calliope] Solving Calliope model: e0f8d0c165fd7fb2e9af
[Calliope] Solution saved to: SoC_proxy_TSA/data/calliope_models/e0f8d0c165fd7fb2e9af.nc
[SoC Proxy] Tuner: c*=0.747039 lost=0.000e+00 | margin=4.000% -> curtailment=0.717158
[SoC Proxy] ⚠ Warning: SoC Proxy severely non-cyclical (end-start = -1.194e+04)
[SoC Proxy] curtailment forecast: 71.72%
 ------------------------------------------------------- 
 ----- K-Medoid, reps=60, SocDelta, W_proxy=1  -----
 -----      9d7a81bd6164e8b6c468      ----- 
 ------------------------------------------------------- 
[Model] Parameter json saved to SoC_proxy_TSA/data/parameters/9d7a81bd6164e8b6c468.json
[TSA] Extracting features dataframe for 9d7a81bd6164e8b6c468
[SoC Proxy] Tuner: c*=0.737455 lost=0.000e+00 | margin=4.000% -> curtailment=0.707956
[SoC Proxy] ⚠ Warning: SoC Proxy severely non-cyclical (end-start = -1.553e+04)
[SoC Proxy] curtailment forecast: 70.80%
[TSA]: Applying hierarchical clustering method, with medoidRepresentation representation.
weight of "solar" set to the minmal tolerable weighting
weight of "onshore_wind" set to the minmal tolerable weighting
weight of "offshore_wind" set to the minmal tolerable weighting
weight of "demand_power" set to the minmal tolerable weighting
[TSA] successfully applied. Results saved to SoC_proxy_TSA/data/cluster_maps/9d7a81bd6164e8b6c468.csv.
[TSA] cluster completed in 1.89
[Calliope] Validating and Configuring Calliope model: 9d7a81bd6164e8b6c468
[Calliope] Building Calliope model: 9d7a81bd6164e8b6c468
[Calliope] Solving Calliope model: 9d7a81bd6164e8b6c468
[Calliope] Solution saved to: SoC_proxy_TSA/data/calliope_models/9d7a81bd6164e8b6c468.nc
[SoC Proxy] Tuner: c*=0.733714 lost=0.000e+00 | margin=4.000% -> curtailment=0.704365
[SoC Proxy] curtailment forecast: 70.44%
 ------------------------------------------------------- 
  
[Dispatch] running scenario Sensitivity_W_reps90
   
 ------------------------------------------------------- 
 ------------------------------------------------------- 
 ----- K-Medoid, reps=90, W_proxy=0.0  -----
 -----      201e8173920c4883aa92      ----- 
 ------------------------------------------------------- 
[Model] Parameter json saved to SoC_proxy_TSA/data/parameters/201e8173920c4883aa92.json
[TSA] Extracting features dataframe for 201e8173920c4883aa92
[TSA]: Applying hierarchical clustering method, with medoidRepresentation representation.
[TSA] successfully applied. Results saved to SoC_proxy_TSA/data/cluster_maps/201e8173920c4883aa92.csv.
[TSA] cluster completed in 1.15
[Calliope] Validating and Configuring Calliope model: 201e8173920c4883aa92
[Calliope] Building Calliope model: 201e8173920c4883aa92
[Calliope] Solving Calliope model: 201e8173920c4883aa92
[Calliope] Solution saved to: SoC_proxy_TSA/data/calliope_models/201e8173920c4883aa92.nc
 ------------------------------------------------------- 
 ----- K-Medoid, reps=90, SocDelta, W_proxy=0.25  -----
 -----      61f50358011cf21361fa      ----- 
 ------------------------------------------------------- 
[Model] Parameter json saved to SoC_proxy_TSA/data/parameters/61f50358011cf21361fa.json
[TSA] Extracting features dataframe for 61f50358011cf21361fa
[SoC Proxy] Tuner: c*=0.737455 lost=0.000e+00 | margin=4.000% -> curtailment=0.707956
[SoC Proxy] ⚠ Warning: SoC Proxy severely non-cyclical (end-start = -1.553e+04)
[SoC Proxy] curtailment forecast: 70.80%
[TSA]: Applying hierarchical clustering method, with medoidRepresentation representation.
[TSA] successfully applied. Results saved to SoC_proxy_TSA/data/cluster_maps/61f50358011cf21361fa.csv.
[TSA] cluster completed in 1.90
[Calliope] Validating and Configuring Calliope model: 61f50358011cf21361fa
[Calliope] Building Calliope model: 61f50358011cf21361fa
[Calliope] Solving Calliope model: 61f50358011cf21361fa
[Calliope] Solution saved to: SoC_proxy_TSA/data/calliope_models/61f50358011cf21361fa.nc
[SoC Proxy] Tuner: c*=0.743585 lost=0.000e+00 | margin=4.000% -> curtailment=0.713842
[SoC Proxy] ⚠ Warning: SoC Proxy severely non-cyclical (end-start = -1.169e+04)
[SoC Proxy] curtailment forecast: 71.38%
 ------------------------------------------------------- 
 ----- K-Medoid, reps=90, SocDelta, W_proxy=0.5  -----
 -----      878de1849f49687929e0      ----- 
 ------------------------------------------------------- 
[Model] Parameter json saved to SoC_proxy_TSA/data/parameters/878de1849f49687929e0.json
[TSA] Extracting features dataframe for 878de1849f49687929e0
[SoC Proxy] Tuner: c*=0.737455 lost=0.000e+00 | margin=4.000% -> curtailment=0.707956
[SoC Proxy] ⚠ Warning: SoC Proxy severely non-cyclical (end-start = -1.553e+04)
[SoC Proxy] curtailment forecast: 70.80%
[TSA]: Applying hierarchical clustering method, with medoidRepresentation representation.
[TSA] successfully applied. Results saved to SoC_proxy_TSA/data/cluster_maps/878de1849f49687929e0.csv.
[TSA] cluster completed in 1.87
[Calliope] Validating and Configuring Calliope model: 878de1849f49687929e0
[Calliope] Building Calliope model: 878de1849f49687929e0
[Calliope] Solving Calliope model: 878de1849f49687929e0
[Calliope] Solution saved to: SoC_proxy_TSA/data/calliope_models/878de1849f49687929e0.nc
[SoC Proxy] Tuner: c*=0.747410 lost=0.000e+00 | margin=4.000% -> curtailment=0.717513
[SoC Proxy] ⚠ Warning: SoC Proxy severely non-cyclical (end-start = -1.360e+04)
[SoC Proxy] curtailment forecast: 71.75%
 ------------------------------------------------------- 
 ----- K-Medoid, reps=90, SocDelta, W_proxy=0.75  -----
 -----      034d85138590dbe4792c      ----- 
 ------------------------------------------------------- 
[Model] Parameter json saved to SoC_proxy_TSA/data/parameters/034d85138590dbe4792c.json
[TSA] Extracting features dataframe for 034d85138590dbe4792c
[SoC Proxy] Tuner: c*=0.737455 lost=0.000e+00 | margin=4.000% -> curtailment=0.707956
[SoC Proxy] ⚠ Warning: SoC Proxy severely non-cyclical (end-start = -1.553e+04)
[SoC Proxy] curtailment forecast: 70.80%
[TSA]: Applying hierarchical clustering method, with medoidRepresentation representation.
[TSA] successfully applied. Results saved to SoC_proxy_TSA/data/cluster_maps/034d85138590dbe4792c.csv.
[TSA] cluster completed in 1.90
[Calliope] Validating and Configuring Calliope model: 034d85138590dbe4792c
[Calliope] Building Calliope model: 034d85138590dbe4792c
[Calliope] Solving Calliope model: 034d85138590dbe4792c
[Calliope] Solution saved to: SoC_proxy_TSA/data/calliope_models/034d85138590dbe4792c.nc
[SoC Proxy] Tuner: c*=0.746237 lost=0.000e+00 | margin=4.000% -> curtailment=0.716388
[SoC Proxy] ⚠ Warning: SoC Proxy severely non-cyclical (end-start = -1.018e+04)
[SoC Proxy] curtailment forecast: 71.64%
 ------------------------------------------------------- 
 ----- K-Medoid, reps=90, SocDelta, W_proxy=1  -----
 -----      e6e62d8585676bef29bf      ----- 
 ------------------------------------------------------- 
[Model] Parameter json saved to SoC_proxy_TSA/data/parameters/e6e62d8585676bef29bf.json
[TSA] Extracting features dataframe for e6e62d8585676bef29bf
[SoC Proxy] Tuner: c*=0.737455 lost=0.000e+00 | margin=4.000% -> curtailment=0.707956
[SoC Proxy] ⚠ Warning: SoC Proxy severely non-cyclical (end-start = -1.553e+04)
[SoC Proxy] curtailment forecast: 70.80%
[TSA]: Applying hierarchical clustering method, with medoidRepresentation representation.
weight of "solar" set to the minmal tolerable weighting
weight of "onshore_wind" set to the minmal tolerable weighting
weight of "offshore_wind" set to the minmal tolerable weighting
weight of "demand_power" set to the minmal tolerable weighting
[TSA] successfully applied. Results saved to SoC_proxy_TSA/data/cluster_maps/e6e62d8585676bef29bf.csv.
[TSA] cluster completed in 1.89
[Calliope] Validating and Configuring Calliope model: e6e62d8585676bef29bf
[Calliope] Building Calliope model: e6e62d8585676bef29bf
[Calliope] Solving Calliope model: e6e62d8585676bef29bf
[Calliope] Solution saved to: SoC_proxy_TSA/data/calliope_models/e6e62d8585676bef29bf.nc
[SoC Proxy] Tuner: c*=0.731311 lost=0.000e+00 | margin=4.000% -> curtailment=0.702059
[SoC Proxy] ⚠ Warning: SoC Proxy severely non-cyclical (end-start = -1.007e+04)
[SoC Proxy] curtailment forecast: 70.21%
 ------------------------------------------------------- 
  
[Dispatch] running scenario Sensitivity_W_reps45
   
 ------------------------------------------------------- 
 ------------------------------------------------------- 
 ----- K-Medoid, reps=45, W_proxy=0.0  -----
 -----      dba192c1ba66f758e355      ----- 
 ------------------------------------------------------- 
[Model] Parameter json saved to SoC_proxy_TSA/data/parameters/dba192c1ba66f758e355.json
[TSA] Extracting features dataframe for dba192c1ba66f758e355
[TSA]: Applying hierarchical clustering method, with medoidRepresentation representation.
[TSA] successfully applied. Results saved to SoC_proxy_TSA/data/cluster_maps/dba192c1ba66f758e355.csv.
[TSA] cluster completed in 1.13
[Calliope] Validating and Configuring Calliope model: dba192c1ba66f758e355
[Calliope] Building Calliope model: dba192c1ba66f758e355
[Calliope] Solving Calliope model: dba192c1ba66f758e355
[Calliope] Solution saved to: SoC_proxy_TSA/data/calliope_models/dba192c1ba66f758e355.nc
 ------------------------------------------------------- 
 ----- K-Medoid, reps=45, SocDelta, W_proxy=0.25  -----
 -----      4833fb2dcc2eb1d64a6c      ----- 
 ------------------------------------------------------- 
[Model] Parameter json saved to SoC_proxy_TSA/data/parameters/4833fb2dcc2eb1d64a6c.json
[TSA] Extracting features dataframe for 4833fb2dcc2eb1d64a6c
[SoC Proxy] Tuner: c*=0.738095 lost=0.000e+00 | margin=4.000% -> curtailment=0.708571
[SoC Proxy] curtailment forecast: 70.86%
[TSA]: Applying hierarchical clustering method, with medoidRepresentation representation.
[TSA] successfully applied. Results saved to SoC_proxy_TSA/data/cluster_maps/4833fb2dcc2eb1d64a6c.csv.
[TSA] cluster completed in 2.42
[Calliope] Validating and Configuring Calliope model: 4833fb2dcc2eb1d64a6c
[Calliope] Building Calliope model: 4833fb2dcc2eb1d64a6c
[Calliope] Solving Calliope model: 4833fb2dcc2eb1d64a6c
[Calliope] Solution saved to: SoC_proxy_TSA/data/calliope_models/4833fb2dcc2eb1d64a6c.nc
[SoC Proxy] Tuner: c*=0.743542 lost=0.000e+00 | margin=4.000% -> curtailment=0.713801
[SoC Proxy] curtailment forecast: 71.38%
 ------------------------------------------------------- 
 ----- K-Medoid, reps=45, SocDelta, W_proxy=0.5  -----
 -----      05e5815a67a43814eea5      ----- 
 ------------------------------------------------------- 
[Model] Parameter json saved to SoC_proxy_TSA/data/parameters/05e5815a67a43814eea5.json
[TSA] Extracting features dataframe for 05e5815a67a43814eea5
[SoC Proxy] Tuner: c*=0.738095 lost=0.000e+00 | margin=4.000% -> curtailment=0.708571
[SoC Proxy] curtailment forecast: 70.86%
[TSA]: Applying hierarchical clustering method, with medoidRepresentation representation.
[TSA] successfully applied. Results saved to SoC_proxy_TSA/data/cluster_maps/05e5815a67a43814eea5.csv.
[TSA] cluster completed in 1.89
[Calliope] Validating and Configuring Calliope model: 05e5815a67a43814eea5
[Calliope] Building Calliope model: 05e5815a67a43814eea5
[Calliope] Solving Calliope model: 05e5815a67a43814eea5
[Calliope] Solution saved to: SoC_proxy_TSA/data/calliope_models/05e5815a67a43814eea5.nc
[SoC Proxy] Tuner: c*=0.749124 lost=0.000e+00 | margin=4.000% -> curtailment=0.719159
[SoC Proxy] curtailment forecast: 71.92%
 ------------------------------------------------------- 
 ----- K-Medoid, reps=45, SocDelta, W_proxy=0.75  -----
 -----      e9f6703528340a43e167      ----- 
 ------------------------------------------------------- 
[Model] Parameter json saved to SoC_proxy_TSA/data/parameters/e9f6703528340a43e167.json
[TSA] Extracting features dataframe for e9f6703528340a43e167
[SoC Proxy] Tuner: c*=0.738095 lost=0.000e+00 | margin=4.000% -> curtailment=0.708571
[SoC Proxy] curtailment forecast: 70.86%
[TSA]: Applying hierarchical clustering method, with medoidRepresentation representation.
[TSA] successfully applied. Results saved to SoC_proxy_TSA/data/cluster_maps/e9f6703528340a43e167.csv.
[TSA] cluster completed in 1.87
[Calliope] Validating and Configuring Calliope model: e9f6703528340a43e167
[Calliope] Building Calliope model: e9f6703528340a43e167
[Calliope] Solving Calliope model: e9f6703528340a43e167
[Calliope] Solution saved to: SoC_proxy_TSA/data/calliope_models/e9f6703528340a43e167.nc
[SoC Proxy] Tuner: c*=0.740388 lost=0.000e+00 | margin=4.000% -> curtailment=0.710772
[SoC Proxy] ⚠ Warning: SoC Proxy severely non-cyclical (end-start = -1.211e+04)
[SoC Proxy] curtailment forecast: 71.08%
 ------------------------------------------------------- 
 ----- K-Medoid, reps=45, SocDelta, W_proxy=1  -----
 -----      b3873825c8548fafab61      ----- 
 ------------------------------------------------------- 
[Model] Parameter json saved to SoC_proxy_TSA/data/parameters/b3873825c8548fafab61.json
[TSA] Extracting features dataframe for b3873825c8548fafab61
[SoC Proxy] Tuner: c*=0.738095 lost=0.000e+00 | margin=4.000% -> curtailment=0.708571
[SoC Proxy] curtailment forecast: 70.86%
[TSA]: Applying hierarchical clustering method, with medoidRepresentation representation.
weight of "solar" set to the minmal tolerable weighting
weight of "onshore_wind" set to the minmal tolerable weighting
weight of "offshore_wind" set to the minmal tolerable weighting
weight of "demand_power" set to the minmal tolerable weighting
[TSA] successfully applied. Results saved to SoC_proxy_TSA/data/cluster_maps/b3873825c8548fafab61.csv.
[TSA] cluster completed in 1.93
[Calliope] Validating and Configuring Calliope model: b3873825c8548fafab61
[Calliope] Building Calliope model: b3873825c8548fafab61
[Calliope] Solving Calliope model: b3873825c8548fafab61
[Calliope] Solution saved to: SoC_proxy_TSA/data/calliope_models/b3873825c8548fafab61.nc
[SoC Proxy] Tuner: c*=0.726796 lost=0.000e+00 | margin=4.000% -> curtailment=0.697724
[SoC Proxy] curtailment forecast: 69.77%
 ------------------------------------------------------- 
  
[Dispatch] running scenario Sensitivity_W_reps60
   
 ------------------------------------------------------- 
 ------------------------------------------------------- 
 ----- K-Medoid, reps=60, W_proxy=0.0  -----
 -----      ea6e46f69a3b41aec519      ----- 
 ------------------------------------------------------- 
[Model] Parameter json saved to SoC_proxy_TSA/data/parameters/ea6e46f69a3b41aec519.json
[TSA] Extracting features dataframe for ea6e46f69a3b41aec519
[TSA]: Applying hierarchical clustering method, with medoidRepresentation representation.
[TSA] successfully applied. Results saved to SoC_proxy_TSA/data/cluster_maps/ea6e46f69a3b41aec519.csv.
[TSA] cluster completed in 1.14
[Calliope] Validating and Configuring Calliope model: ea6e46f69a3b41aec519
[Calliope] Building Calliope model: ea6e46f69a3b41aec519
[Calliope] Solving Calliope model: ea6e46f69a3b41aec519
[Calliope] Solution saved to: SoC_proxy_TSA/data/calliope_models/ea6e46f69a3b41aec519.nc
 ------------------------------------------------------- 
 ----- K-Medoid, reps=60, SocDelta, W_proxy=0.25  -----
 -----      6c4083b07d596bb6830b      ----- 
 ------------------------------------------------------- 
[Model] Parameter json saved to SoC_proxy_TSA/data/parameters/6c4083b07d596bb6830b.json
[TSA] Extracting features dataframe for 6c4083b07d596bb6830b
[SoC Proxy] Tuner: c*=0.738095 lost=0.000e+00 | margin=4.000% -> curtailment=0.708571
[SoC Proxy] curtailment forecast: 70.86%
[TSA]: Applying hierarchical clustering method, with medoidRepresentation representation.
[TSA] successfully applied. Results saved to SoC_proxy_TSA/data/cluster_maps/6c4083b07d596bb6830b.csv.
[TSA] cluster completed in 1.93
[Calliope] Validating and Configuring Calliope model: 6c4083b07d596bb6830b
[Calliope] Building Calliope model: 6c4083b07d596bb6830b
[Calliope] Solving Calliope model: 6c4083b07d596bb6830b
[Calliope] Solution saved to: SoC_proxy_TSA/data/calliope_models/6c4083b07d596bb6830b.nc
[SoC Proxy] Tuner: c*=0.752990 lost=0.000e+00 | margin=4.000% -> curtailment=0.722870
[SoC Proxy] curtailment forecast: 72.29%
 ------------------------------------------------------- 
 ----- K-Medoid, reps=60, SocDelta, W_proxy=0.5  -----
 -----      cbe4cc628ce1295907e7      ----- 
 ------------------------------------------------------- 
[Model] Parameter json saved to SoC_proxy_TSA/data/parameters/cbe4cc628ce1295907e7.json
[TSA] Extracting features dataframe for cbe4cc628ce1295907e7
[SoC Proxy] Tuner: c*=0.738095 lost=0.000e+00 | margin=4.000% -> curtailment=0.708571
[SoC Proxy] curtailment forecast: 70.86%
[TSA]: Applying hierarchical clustering method, with medoidRepresentation representation.
[TSA] successfully applied. Results saved to SoC_proxy_TSA/data/cluster_maps/cbe4cc628ce1295907e7.csv.
[TSA] cluster completed in 1.88
[Calliope] Validating and Configuring Calliope model: cbe4cc628ce1295907e7
[Calliope] Building Calliope model: cbe4cc628ce1295907e7
[Calliope] Solving Calliope model: cbe4cc628ce1295907e7
[Calliope] Solution saved to: SoC_proxy_TSA/data/calliope_models/cbe4cc628ce1295907e7.nc
[SoC Proxy] Tuner: c*=0.747944 lost=0.000e+00 | margin=4.000% -> curtailment=0.718027
[SoC Proxy] curtailment forecast: 71.80%
 ------------------------------------------------------- 
 ----- K-Medoid, reps=60, SocDelta, W_proxy=0.75  -----
 -----      0d452cbecd16123e67e7      ----- 
 ------------------------------------------------------- 
[Model] Parameter json saved to SoC_proxy_TSA/data/parameters/0d452cbecd16123e67e7.json
[TSA] Extracting features dataframe for 0d452cbecd16123e67e7
[SoC Proxy] Tuner: c*=0.738095 lost=0.000e+00 | margin=4.000% -> curtailment=0.708571
[SoC Proxy] curtailment forecast: 70.86%
[TSA]: Applying hierarchical clustering method, with medoidRepresentation representation.
[TSA] successfully applied. Results saved to SoC_proxy_TSA/data/cluster_maps/0d452cbecd16123e67e7.csv.
[TSA] cluster completed in 1.88
[Calliope] Validating and Configuring Calliope model: 0d452cbecd16123e67e7
[Calliope] Building Calliope model: 0d452cbecd16123e67e7
[Calliope] Solving Calliope model: 0d452cbecd16123e67e7
[Calliope] Solution saved to: SoC_proxy_TSA/data/calliope_models/0d452cbecd16123e67e7.nc
[SoC Proxy] Tuner: c*=0.737178 lost=0.000e+00 | margin=4.000% -> curtailment=0.707691
[SoC Proxy] ⚠ Warning: SoC Proxy severely non-cyclical (end-start = -1.208e+04)
[SoC Proxy] curtailment forecast: 70.77%
 ------------------------------------------------------- 
 ----- K-Medoid, reps=60, SocDelta, W_proxy=1  -----
 -----      5c07f3efcd72b0a2119d      ----- 
 ------------------------------------------------------- 
[Model] Parameter json saved to SoC_proxy_TSA/data/parameters/5c07f3efcd72b0a2119d.json
[TSA] Extracting features dataframe for 5c07f3efcd72b0a2119d
[SoC Proxy] Tuner: c*=0.738095 lost=0.000e+00 | margin=4.000% -> curtailment=0.708571
[SoC Proxy] curtailment forecast: 70.86%
[TSA]: Applying hierarchical clustering method, with medoidRepresentation representation.
weight of "solar" set to the minmal tolerable weighting
weight of "onshore_wind" set to the minmal tolerable weighting
weight of "offshore_wind" set to the minmal tolerable weighting
weight of "demand_power" set to the minmal tolerable weighting
[TSA] successfully applied. Results saved to SoC_proxy_TSA/data/cluster_maps/5c07f3efcd72b0a2119d.csv.
[TSA] cluster completed in 1.89
[Calliope] Validating and Configuring Calliope model: 5c07f3efcd72b0a2119d
[Calliope] Building Calliope model: 5c07f3efcd72b0a2119d
[Calliope] Solving Calliope model: 5c07f3efcd72b0a2119d
[Calliope] Solution saved to: SoC_proxy_TSA/data/calliope_models/5c07f3efcd72b0a2119d.nc
[SoC Proxy] Tuner: c*=0.726021 lost=0.000e+00 | margin=4.000% -> curtailment=0.696980
[SoC Proxy] curtailment forecast: 69.70%
 ------------------------------------------------------- 
  
[Dispatch] running scenario Sensitivity_W_reps90
   
 ------------------------------------------------------- 
 ------------------------------------------------------- 
 ----- K-Medoid, reps=90, W_proxy=0.0  -----
 -----      6bd8cd749cc28d71b7da      ----- 
 ------------------------------------------------------- 
[Model] Parameter json saved to SoC_proxy_TSA/data/parameters/6bd8cd749cc28d71b7da.json
[TSA] Extracting features dataframe for 6bd8cd749cc28d71b7da
[TSA]: Applying hierarchical clustering method, with medoidRepresentation representation.
[TSA] successfully applied. Results saved to SoC_proxy_TSA/data/cluster_maps/6bd8cd749cc28d71b7da.csv.
[TSA] cluster completed in 1.14
[Calliope] Validating and Configuring Calliope model: 6bd8cd749cc28d71b7da
[Calliope] Building Calliope model: 6bd8cd749cc28d71b7da
[Calliope] Solving Calliope model: 6bd8cd749cc28d71b7da
[Calliope] Solution saved to: SoC_proxy_TSA/data/calliope_models/6bd8cd749cc28d71b7da.nc
 ------------------------------------------------------- 
 ----- K-Medoid, reps=90, SocDelta, W_proxy=0.25  -----
 -----      50de80c95fcc5627c8c9      ----- 
 ------------------------------------------------------- 
[Model] Parameter json saved to SoC_proxy_TSA/data/parameters/50de80c95fcc5627c8c9.json
[TSA] Extracting features dataframe for 50de80c95fcc5627c8c9
[SoC Proxy] Tuner: c*=0.738095 lost=0.000e+00 | margin=4.000% -> curtailment=0.708571
[SoC Proxy] curtailment forecast: 70.86%
[TSA]: Applying hierarchical clustering method, with medoidRepresentation representation.
[TSA] successfully applied. Results saved to SoC_proxy_TSA/data/cluster_maps/50de80c95fcc5627c8c9.csv.
[TSA] cluster completed in 1.93
[Calliope] Validating and Configuring Calliope model: 50de80c95fcc5627c8c9
[Calliope] Building Calliope model: 50de80c95fcc5627c8c9
[Calliope] Solving Calliope model: 50de80c95fcc5627c8c9
[Calliope] Solution saved to: SoC_proxy_TSA/data/calliope_models/50de80c95fcc5627c8c9.nc
[SoC Proxy] Tuner: c*=0.754891 lost=0.000e+00 | margin=4.000% -> curtailment=0.724695
[SoC Proxy] ⚠ Warning: SoC Proxy severely non-cyclical (end-start = -1.068e+04)
[SoC Proxy] curtailment forecast: 72.47%
 ------------------------------------------------------- 
 ----- K-Medoid, reps=90, SocDelta, W_proxy=0.5  -----
 -----      ff0f9d79a56b25c50380      ----- 
 ------------------------------------------------------- 
[Model] Parameter json saved to SoC_proxy_TSA/data/parameters/ff0f9d79a56b25c50380.json
[TSA] Extracting features dataframe for ff0f9d79a56b25c50380
[SoC Proxy] Tuner: c*=0.738095 lost=0.000e+00 | margin=4.000% -> curtailment=0.708571
[SoC Proxy] curtailment forecast: 70.86%
[TSA]: Applying hierarchical clustering method, with medoidRepresentation representation.
[TSA] successfully applied. Results saved to SoC_proxy_TSA/data/cluster_maps/ff0f9d79a56b25c50380.csv.
[TSA] cluster completed in 1.87
[Calliope] Validating and Configuring Calliope model: ff0f9d79a56b25c50380
[Calliope] Building Calliope model: ff0f9d79a56b25c50380
[Calliope] Solving Calliope model: ff0f9d79a56b25c50380
[Calliope] Solution saved to: SoC_proxy_TSA/data/calliope_models/ff0f9d79a56b25c50380.nc
[SoC Proxy] Tuner: c*=0.745820 lost=0.000e+00 | margin=4.000% -> curtailment=0.715987
[SoC Proxy] curtailment forecast: 71.60%
 ------------------------------------------------------- 
 ----- K-Medoid, reps=90, SocDelta, W_proxy=0.75  -----
 -----      5e63359d39986e6323d2      ----- 
 ------------------------------------------------------- 
[Model] Parameter json saved to SoC_proxy_TSA/data/parameters/5e63359d39986e6323d2.json
[TSA] Extracting features dataframe for 5e63359d39986e6323d2
[SoC Proxy] Tuner: c*=0.738095 lost=0.000e+00 | margin=4.000% -> curtailment=0.708571
[SoC Proxy] curtailment forecast: 70.86%
[TSA]: Applying hierarchical clustering method, with medoidRepresentation representation.
[TSA] successfully applied. Results saved to SoC_proxy_TSA/data/cluster_maps/5e63359d39986e6323d2.csv.
[TSA] cluster completed in 1.92
[Calliope] Validating and Configuring Calliope model: 5e63359d39986e6323d2
[Calliope] Building Calliope model: 5e63359d39986e6323d2
[Calliope] Solving Calliope model: 5e63359d39986e6323d2
[Calliope] Solution saved to: SoC_proxy_TSA/data/calliope_models/5e63359d39986e6323d2.nc
[SoC Proxy] Tuner: c*=0.741264 lost=0.000e+00 | margin=4.000% -> curtailment=0.711613
[SoC Proxy] ⚠ Warning: SoC Proxy severely non-cyclical (end-start = -1.004e+04)
[SoC Proxy] curtailment forecast: 71.16%
 ------------------------------------------------------- 
 ----- K-Medoid, reps=90, SocDelta, W_proxy=1  -----
 -----      cd651c88c065f7daf0b8      ----- 
 ------------------------------------------------------- 
[Model] Parameter json saved to SoC_proxy_TSA/data/parameters/cd651c88c065f7daf0b8.json
[TSA] Extracting features dataframe for cd651c88c065f7daf0b8
[SoC Proxy] Tuner: c*=0.738095 lost=0.000e+00 | margin=4.000% -> curtailment=0.708571
[SoC Proxy] curtailment forecast: 70.86%
[TSA]: Applying hierarchical clustering method, with medoidRepresentation representation.
weight of "solar" set to the minmal tolerable weighting
weight of "onshore_wind" set to the minmal tolerable weighting
weight of "offshore_wind" set to the minmal tolerable weighting
weight of "demand_power" set to the minmal tolerable weighting
[TSA] successfully applied. Results saved to SoC_proxy_TSA/data/cluster_maps/cd651c88c065f7daf0b8.csv.
[TSA] cluster completed in 1.88
[Calliope] Validating and Configuring Calliope model: cd651c88c065f7daf0b8
[Calliope] Building Calliope model: cd651c88c065f7daf0b8
[Calliope] Solving Calliope model: cd651c88c065f7daf0b8
[Calliope] Solution saved to: SoC_proxy_TSA/data/calliope_models/cd651c88c065f7daf0b8.nc
[SoC Proxy] Tuner: c*=0.733114 lost=0.000e+00 | margin=4.000% -> curtailment=0.703789
[SoC Proxy] curtailment forecast: 70.38%
 ------------------------------------------------------- 
  
[Dispatch] running scenario Sensitivity_W_reps45
   
 ------------------------------------------------------- 
 ------------------------------------------------------- 
 ----- K-Medoid, reps=45, W_proxy=0.0  -----
 -----      c45468db560a20270433      ----- 
 ------------------------------------------------------- 
[Model] Parameter json saved to SoC_proxy_TSA/data/parameters/c45468db560a20270433.json
[TSA] Extracting features dataframe for c45468db560a20270433
[TSA]: Applying hierarchical clustering method, with medoidRepresentation representation.
[TSA] successfully applied. Results saved to SoC_proxy_TSA/data/cluster_maps/c45468db560a20270433.csv.
[TSA] cluster completed in 0.76
[Calliope] Validating and Configuring Calliope model: c45468db560a20270433
[Calliope] Building Calliope model: c45468db560a20270433
[Calliope] Solving Calliope model: c45468db560a20270433
[Calliope] Solution saved to: SoC_proxy_TSA/data/calliope_models/c45468db560a20270433.nc
 ------------------------------------------------------- 
 ----- K-Medoid, reps=45, SocDelta, W_proxy=0.25  -----
 -----      9fba1a38d36e8c05461c      ----- 
 ------------------------------------------------------- 
[Model] Parameter json saved to SoC_proxy_TSA/data/parameters/9fba1a38d36e8c05461c.json
[TSA] Extracting features dataframe for 9fba1a38d36e8c05461c
[SoC Proxy] Tuner: c*=0.745920 lost=0.000e+00 | margin=4.000% -> curtailment=0.716083
[SoC Proxy] curtailment forecast: 71.61%
[TSA]: Applying hierarchical clustering method, with medoidRepresentation representation.
[TSA] successfully applied. Results saved to SoC_proxy_TSA/data/cluster_maps/9fba1a38d36e8c05461c.csv.
[TSA] cluster completed in 1.05
[Calliope] Validating and Configuring Calliope model: 9fba1a38d36e8c05461c
[Calliope] Building Calliope model: 9fba1a38d36e8c05461c
[Calliope] Solving Calliope model: 9fba1a38d36e8c05461c
[Calliope] Solution saved to: SoC_proxy_TSA/data/calliope_models/9fba1a38d36e8c05461c.nc
[SoC Proxy] Tuner: c*=0.758320 lost=0.000e+00 | margin=4.000% -> curtailment=0.727987
[SoC Proxy] ⚠ Warning: SoC Proxy severely non-cyclical (end-start = 1.090e+04)
[SoC Proxy] curtailment forecast: 72.80%
 ------------------------------------------------------- 
 ----- K-Medoid, reps=45, SocDelta, W_proxy=0.5  -----
 -----      404d022232ef0649778a      ----- 
 ------------------------------------------------------- 
[Model] Parameter json saved to SoC_proxy_TSA/data/parameters/404d022232ef0649778a.json
[TSA] Extracting features dataframe for 404d022232ef0649778a
[SoC Proxy] Tuner: c*=0.745920 lost=0.000e+00 | margin=4.000% -> curtailment=0.716083
[SoC Proxy] curtailment forecast: 71.61%
[TSA]: Applying hierarchical clustering method, with medoidRepresentation representation.
[TSA] successfully applied. Results saved to SoC_proxy_TSA/data/cluster_maps/404d022232ef0649778a.csv.
[TSA] cluster completed in 1.05
[Calliope] Validating and Configuring Calliope model: 404d022232ef0649778a
[Calliope] Building Calliope model: 404d022232ef0649778a
[Calliope] Solving Calliope model: 404d022232ef0649778a
[Calliope] Solution saved to: SoC_proxy_TSA/data/calliope_models/404d022232ef0649778a.nc
[SoC Proxy] Tuner: c*=0.756110 lost=0.000e+00 | margin=4.000% -> curtailment=0.725866
[SoC Proxy] ⚠ Warning: SoC Proxy severely non-cyclical (end-start = 1.020e+04)
[SoC Proxy] curtailment forecast: 72.59%
 ------------------------------------------------------- 
 ----- K-Medoid, reps=45, SocDelta, W_proxy=0.75  -----
 -----      42d196e1598101e2f28f      ----- 
 ------------------------------------------------------- 
[Model] Parameter json saved to SoC_proxy_TSA/data/parameters/42d196e1598101e2f28f.json
[TSA] Extracting features dataframe for 42d196e1598101e2f28f
[SoC Proxy] Tuner: c*=0.745920 lost=0.000e+00 | margin=4.000% -> curtailment=0.716083
[SoC Proxy] curtailment forecast: 71.61%
[TSA]: Applying hierarchical clustering method, with medoidRepresentation representation.
[TSA] successfully applied. Results saved to SoC_proxy_TSA/data/cluster_maps/42d196e1598101e2f28f.csv.
[TSA] cluster completed in 1.06
[Calliope] Validating and Configuring Calliope model: 42d196e1598101e2f28f
[Calliope] Building Calliope model: 42d196e1598101e2f28f
[Calliope] Solving Calliope model: 42d196e1598101e2f28f
[Calliope] Solution saved to: SoC_proxy_TSA/data/calliope_models/42d196e1598101e2f28f.nc
[SoC Proxy] Tuner: c*=0.760055 lost=0.000e+00 | margin=4.000% -> curtailment=0.729653
[SoC Proxy] curtailment forecast: 72.97%
 ------------------------------------------------------- 
 ----- K-Medoid, reps=45, SocDelta, W_proxy=1  -----
 -----      88cef451d7fb663c830a      ----- 
 ------------------------------------------------------- 
[Model] Parameter json saved to SoC_proxy_TSA/data/parameters/88cef451d7fb663c830a.json
[TSA] Extracting features dataframe for 88cef451d7fb663c830a
[SoC Proxy] Tuner: c*=0.745920 lost=0.000e+00 | margin=4.000% -> curtailment=0.716083
[SoC Proxy] curtailment forecast: 71.61%
[TSA]: Applying hierarchical clustering method, with medoidRepresentation representation.
weight of "solar" set to the minmal tolerable weighting
weight of "onshore_wind" set to the minmal tolerable weighting
weight of "offshore_wind" set to the minmal tolerable weighting
weight of "demand_power" set to the minmal tolerable weighting
[TSA] successfully applied. Results saved to SoC_proxy_TSA/data/cluster_maps/88cef451d7fb663c830a.csv.
[TSA] cluster completed in 1.04
[Calliope] Validating and Configuring Calliope model: 88cef451d7fb663c830a
[Calliope] Building Calliope model: 88cef451d7fb663c830a
[Calliope] Solving Calliope model: 88cef451d7fb663c830a
[Calliope] Solution saved to: SoC_proxy_TSA/data/calliope_models/88cef451d7fb663c830a.nc
[SoC Proxy] Tuner: c*=0.751802 lost=0.000e+00 | margin=4.000% -> curtailment=0.721730
[SoC Proxy] curtailment forecast: 72.17%
 ------------------------------------------------------- 
  
[Dispatch] running scenario Sensitivity_W_reps60
   
 ------------------------------------------------------- 
 ------------------------------------------------------- 
 ----- K-Medoid, reps=60, W_proxy=0.0  -----
 -----      771372ac1a1f187d4add      ----- 
 ------------------------------------------------------- 
[Model] Parameter json saved to SoC_proxy_TSA/data/parameters/771372ac1a1f187d4add.json
[TSA] Extracting features dataframe for 771372ac1a1f187d4add
[TSA]: Applying hierarchical clustering method, with medoidRepresentation representation.
[TSA] successfully applied. Results saved to SoC_proxy_TSA/data/cluster_maps/771372ac1a1f187d4add.csv.
[TSA] cluster completed in 0.76
[Calliope] Validating and Configuring Calliope model: 771372ac1a1f187d4add
[Calliope] Building Calliope model: 771372ac1a1f187d4add
[Calliope] Solving Calliope model: 771372ac1a1f187d4add
[Calliope] Solution saved to: SoC_proxy_TSA/data/calliope_models/771372ac1a1f187d4add.nc
 ------------------------------------------------------- 
 ----- K-Medoid, reps=60, SocDelta, W_proxy=0.25  -----
 -----      70e261b7dcac52773a60      ----- 
 ------------------------------------------------------- 
[Model] Parameter json saved to SoC_proxy_TSA/data/parameters/70e261b7dcac52773a60.json
[TSA] Extracting features dataframe for 70e261b7dcac52773a60
[SoC Proxy] Tuner: c*=0.745920 lost=0.000e+00 | margin=4.000% -> curtailment=0.716083
[SoC Proxy] curtailment forecast: 71.61%
[TSA]: Applying hierarchical clustering method, with medoidRepresentation representation.
[TSA] successfully applied. Results saved to SoC_proxy_TSA/data/cluster_maps/70e261b7dcac52773a60.csv.
[TSA] cluster completed in 1.09
[Calliope] Validating and Configuring Calliope model: 70e261b7dcac52773a60
[Calliope] Building Calliope model: 70e261b7dcac52773a60
[Calliope] Solving Calliope model: 70e261b7dcac52773a60
[Calliope] Solution saved to: SoC_proxy_TSA/data/calliope_models/70e261b7dcac52773a60.nc
[SoC Proxy] Tuner: c*=0.759074 lost=0.000e+00 | margin=4.000% -> curtailment=0.728711
[SoC Proxy] ⚠ Warning: SoC Proxy severely non-cyclical (end-start = 1.005e+04)
[SoC Proxy] curtailment forecast: 72.87%
 ------------------------------------------------------- 
 ----- K-Medoid, reps=60, SocDelta, W_proxy=0.5  -----
 -----      57c8a187c821a8caaa9c      ----- 
 ------------------------------------------------------- 
[Model] Parameter json saved to SoC_proxy_TSA/data/parameters/57c8a187c821a8caaa9c.json
[TSA] Extracting features dataframe for 57c8a187c821a8caaa9c
[SoC Proxy] Tuner: c*=0.745920 lost=0.000e+00 | margin=4.000% -> curtailment=0.716083
[SoC Proxy] curtailment forecast: 71.61%
[TSA]: Applying hierarchical clustering method, with medoidRepresentation representation.
[TSA] successfully applied. Results saved to SoC_proxy_TSA/data/cluster_maps/57c8a187c821a8caaa9c.csv.
[TSA] cluster completed in 1.05
[Calliope] Validating and Configuring Calliope model: 57c8a187c821a8caaa9c
[Calliope] Building Calliope model: 57c8a187c821a8caaa9c
[Calliope] Solving Calliope model: 57c8a187c821a8caaa9c
[Calliope] Solution saved to: SoC_proxy_TSA/data/calliope_models/57c8a187c821a8caaa9c.nc
[SoC Proxy] Tuner: c*=0.755456 lost=0.000e+00 | margin=4.000% -> curtailment=0.725238
[SoC Proxy] ⚠ Warning: SoC Proxy severely non-cyclical (end-start = 1.097e+04)
[SoC Proxy] curtailment forecast: 72.52%
 ------------------------------------------------------- 
 ----- K-Medoid, reps=60, SocDelta, W_proxy=0.75  -----
 -----      6d1d0468816dad17e3c9      ----- 
 ------------------------------------------------------- 
[Model] Parameter json saved to SoC_proxy_TSA/data/parameters/6d1d0468816dad17e3c9.json
[TSA] Extracting features dataframe for 6d1d0468816dad17e3c9
[SoC Proxy] Tuner: c*=0.745920 lost=0.000e+00 | margin=4.000% -> curtailment=0.716083
[SoC Proxy] curtailment forecast: 71.61%
[TSA]: Applying hierarchical clustering method, with medoidRepresentation representation.
[TSA] successfully applied. Results saved to SoC_proxy_TSA/data/cluster_maps/6d1d0468816dad17e3c9.csv.
[TSA] cluster completed in 1.06
[Calliope] Validating and Configuring Calliope model: 6d1d0468816dad17e3c9
[Calliope] Building Calliope model: 6d1d0468816dad17e3c9
[Calliope] Solving Calliope model: 6d1d0468816dad17e3c9
[Calliope] Solution saved to: SoC_proxy_TSA/data/calliope_models/6d1d0468816dad17e3c9.nc
[SoC Proxy] Tuner: c*=0.755254 lost=0.000e+00 | margin=4.000% -> curtailment=0.725044
[SoC Proxy] curtailment forecast: 72.50%
 ------------------------------------------------------- 
 ----- K-Medoid, reps=60, SocDelta, W_proxy=1  -----
 -----      ee6d6634023d0aac532e      ----- 
 ------------------------------------------------------- 
[Model] Parameter json saved to SoC_proxy_TSA/data/parameters/ee6d6634023d0aac532e.json
[TSA] Extracting features dataframe for ee6d6634023d0aac532e
[SoC Proxy] Tuner: c*=0.745920 lost=0.000e+00 | margin=4.000% -> curtailment=0.716083
[SoC Proxy] curtailment forecast: 71.61%
[TSA]: Applying hierarchical clustering method, with medoidRepresentation representation.
weight of "solar" set to the minmal tolerable weighting
weight of "onshore_wind" set to the minmal tolerable weighting
weight of "offshore_wind" set to the minmal tolerable weighting
weight of "demand_power" set to the minmal tolerable weighting
[TSA] successfully applied. Results saved to SoC_proxy_TSA/data/cluster_maps/ee6d6634023d0aac532e.csv.
[TSA] cluster completed in 1.03
[Calliope] Validating and Configuring Calliope model: ee6d6634023d0aac532e
[Calliope] Building Calliope model: ee6d6634023d0aac532e
[Calliope] Solving Calliope model: ee6d6634023d0aac532e
[Calliope] Solution saved to: SoC_proxy_TSA/data/calliope_models/ee6d6634023d0aac532e.nc
[SoC Proxy] Tuner: c*=0.744066 lost=0.000e+00 | margin=4.000% -> curtailment=0.714303
[SoC Proxy] curtailment forecast: 71.43%
 ------------------------------------------------------- 
  
[Dispatch] running scenario Sensitivity_W_reps90
   
 ------------------------------------------------------- 
 ------------------------------------------------------- 
 ----- K-Medoid, reps=90, W_proxy=0.0  -----
 -----      11f98b07ec80215958cf      ----- 
 ------------------------------------------------------- 
[Model] Parameter json saved to SoC_proxy_TSA/data/parameters/11f98b07ec80215958cf.json
[TSA] Extracting features dataframe for 11f98b07ec80215958cf
[TSA]: Applying hierarchical clustering method, with medoidRepresentation representation.
[TSA] successfully applied. Results saved to SoC_proxy_TSA/data/cluster_maps/11f98b07ec80215958cf.csv.
[TSA] cluster completed in 0.77
[Calliope] Validating and Configuring Calliope model: 11f98b07ec80215958cf
[Calliope] Building Calliope model: 11f98b07ec80215958cf
[Calliope] Solving Calliope model: 11f98b07ec80215958cf
[Calliope] Solution saved to: SoC_proxy_TSA/data/calliope_models/11f98b07ec80215958cf.nc
 ------------------------------------------------------- 
 ----- K-Medoid, reps=90, SocDelta, W_proxy=0.25  -----
 -----      6a562d97321852c795eb      ----- 
 ------------------------------------------------------- 
[Model] Parameter json saved to SoC_proxy_TSA/data/parameters/6a562d97321852c795eb.json
[TSA] Extracting features dataframe for 6a562d97321852c795eb
[SoC Proxy] Tuner: c*=0.745920 lost=0.000e+00 | margin=4.000% -> curtailment=0.716083
[SoC Proxy] curtailment forecast: 71.61%
[TSA]: Applying hierarchical clustering method, with medoidRepresentation representation.
[TSA] successfully applied. Results saved to SoC_proxy_TSA/data/cluster_maps/6a562d97321852c795eb.csv.
[TSA] cluster completed in 1.08
[Calliope] Validating and Configuring Calliope model: 6a562d97321852c795eb
[Calliope] Building Calliope model: 6a562d97321852c795eb
[Calliope] Solving Calliope model: 6a562d97321852c795eb
[Calliope] Solution saved to: SoC_proxy_TSA/data/calliope_models/6a562d97321852c795eb.nc
[SoC Proxy] Tuner: c*=0.752642 lost=0.000e+00 | margin=4.000% -> curtailment=0.722537
[SoC Proxy] ⚠ Warning: SoC Proxy severely non-cyclical (end-start = 1.043e+04)
[SoC Proxy] curtailment forecast: 72.25%
 ------------------------------------------------------- 
 ----- K-Medoid, reps=90, SocDelta, W_proxy=0.5  -----
 -----      cdf233e156e934c2568b      ----- 
 ------------------------------------------------------- 
[Model] Parameter json saved to SoC_proxy_TSA/data/parameters/cdf233e156e934c2568b.json
[TSA] Extracting features dataframe for cdf233e156e934c2568b
[SoC Proxy] Tuner: c*=0.745920 lost=0.000e+00 | margin=4.000% -> curtailment=0.716083
[SoC Proxy] curtailment forecast: 71.61%
[TSA]: Applying hierarchical clustering method, with medoidRepresentation representation.
[TSA] successfully applied. Results saved to SoC_proxy_TSA/data/cluster_maps/cdf233e156e934c2568b.csv.
[TSA] cluster completed in 1.05
[Calliope] Validating and Configuring Calliope model: cdf233e156e934c2568b
[Calliope] Building Calliope model: cdf233e156e934c2568b
[Calliope] Solving Calliope model: cdf233e156e934c2568b
[Calliope] Solution saved to: SoC_proxy_TSA/data/calliope_models/cdf233e156e934c2568b.nc
[SoC Proxy] Tuner: c*=0.752805 lost=0.000e+00 | margin=4.000% -> curtailment=0.722693
[SoC Proxy] curtailment forecast: 72.27%
 ------------------------------------------------------- 
 ----- K-Medoid, reps=90, SocDelta, W_proxy=0.75  -----
 -----      1bbaf197b15161d56748      ----- 
 ------------------------------------------------------- 
[Model] Parameter json saved to SoC_proxy_TSA/data/parameters/1bbaf197b15161d56748.json
[TSA] Extracting features dataframe for 1bbaf197b15161d56748
[SoC Proxy] Tuner: c*=0.745920 lost=0.000e+00 | margin=4.000% -> curtailment=0.716083
[SoC Proxy] curtailment forecast: 71.61%
[TSA]: Applying hierarchical clustering method, with medoidRepresentation representation.
[TSA] successfully applied. Results saved to SoC_proxy_TSA/data/cluster_maps/1bbaf197b15161d56748.csv.
[TSA] cluster completed in 1.06
[Calliope] Validating and Configuring Calliope model: 1bbaf197b15161d56748
[Calliope] Building Calliope model: 1bbaf197b15161d56748
[Calliope] Solving Calliope model: 1bbaf197b15161d56748
[Calliope] Solution saved to: SoC_proxy_TSA/data/calliope_models/1bbaf197b15161d56748.nc
[SoC Proxy] Tuner: c*=0.753557 lost=0.000e+00 | margin=4.000% -> curtailment=0.723415
[SoC Proxy] curtailment forecast: 72.34%
 ------------------------------------------------------- 
 ----- K-Medoid, reps=90, SocDelta, W_proxy=1  -----
 -----      17ea1c40f8922cab2527      ----- 
 ------------------------------------------------------- 
[Model] Parameter json saved to SoC_proxy_TSA/data/parameters/17ea1c40f8922cab2527.json
[TSA] Extracting features dataframe for 17ea1c40f8922cab2527
[SoC Proxy] Tuner: c*=0.745920 lost=0.000e+00 | margin=4.000% -> curtailment=0.716083
[SoC Proxy] curtailment forecast: 71.61%
[TSA]: Applying hierarchical clustering method, with medoidRepresentation representation.
weight of "solar" set to the minmal tolerable weighting
weight of "onshore_wind" set to the minmal tolerable weighting
weight of "offshore_wind" set to the minmal tolerable weighting
weight of "demand_power" set to the minmal tolerable weighting
[TSA] successfully applied. Results saved to SoC_proxy_TSA/data/cluster_maps/17ea1c40f8922cab2527.csv.
[TSA] cluster completed in 1.06
[Calliope] Validating and Configuring Calliope model: 17ea1c40f8922cab2527
[Calliope] Building Calliope model: 17ea1c40f8922cab2527
[Calliope] Solving Calliope model: 17ea1c40f8922cab2527
[Calliope] Solution saved to: SoC_proxy_TSA/data/calliope_models/17ea1c40f8922cab2527.nc
[SoC Proxy] Tuner: c*=0.745604 lost=0.000e+00 | margin=4.000% -> curtailment=0.715780
[SoC Proxy] curtailment forecast: 71.58%
 ------------------------------------------------------- 
  
[Dispatch] running scenario Sensitivity_W_reps45
   
 ------------------------------------------------------- 
 ------------------------------------------------------- 
 ----- K-Medoid, reps=45, W_proxy=0.0  -----
 -----      6bd0ceee8fa4d7586e7a      ----- 
 ------------------------------------------------------- 
[Model] Parameter json saved to SoC_proxy_TSA/data/parameters/6bd0ceee8fa4d7586e7a.json
[TSA] Extracting features dataframe for 6bd0ceee8fa4d7586e7a
[TSA]: Applying hierarchical clustering method, with medoidRepresentation representation.
[TSA] successfully applied. Results saved to SoC_proxy_TSA/data/cluster_maps/6bd0ceee8fa4d7586e7a.csv.
[TSA] cluster completed in 0.72
[Calliope] Validating and Configuring Calliope model: 6bd0ceee8fa4d7586e7a
[Calliope] Building Calliope model: 6bd0ceee8fa4d7586e7a
[Calliope] Solving Calliope model: 6bd0ceee8fa4d7586e7a
[Calliope] Solution saved to: SoC_proxy_TSA/data/calliope_models/6bd0ceee8fa4d7586e7a.nc
 ------------------------------------------------------- 
 ----- K-Medoid, reps=45, SocDelta, W_proxy=0.25  -----
 -----      8ef29229c80931218434      ----- 
 ------------------------------------------------------- 
[Model] Parameter json saved to SoC_proxy_TSA/data/parameters/8ef29229c80931218434.json
[TSA] Extracting features dataframe for 8ef29229c80931218434
[SoC Proxy] Tuner: c*=0.750372 lost=0.000e+00 | margin=4.000% -> curtailment=0.720357
[SoC Proxy] curtailment forecast: 72.04%
[TSA]: Applying hierarchical clustering method, with medoidRepresentation representation.
[TSA] successfully applied. Results saved to SoC_proxy_TSA/data/cluster_maps/8ef29229c80931218434.csv.
[TSA] cluster completed in 1.07
[Calliope] Validating and Configuring Calliope model: 8ef29229c80931218434
[Calliope] Building Calliope model: 8ef29229c80931218434
[Calliope] Solving Calliope model: 8ef29229c80931218434
[Calliope] Solution saved to: SoC_proxy_TSA/data/calliope_models/8ef29229c80931218434.nc
[SoC Proxy] Tuner: c*=0.757116 lost=0.000e+00 | margin=4.000% -> curtailment=0.726831
[SoC Proxy] curtailment forecast: 72.68%
 ------------------------------------------------------- 
 ----- K-Medoid, reps=45, SocDelta, W_proxy=0.5  -----
 -----      7cc3273d62d4948daf10      ----- 
 ------------------------------------------------------- 
[Model] Parameter json saved to SoC_proxy_TSA/data/parameters/7cc3273d62d4948daf10.json
[TSA] Extracting features dataframe for 7cc3273d62d4948daf10
[SoC Proxy] Tuner: c*=0.750372 lost=0.000e+00 | margin=4.000% -> curtailment=0.720357
[SoC Proxy] curtailment forecast: 72.04%
[TSA]: Applying hierarchical clustering method, with medoidRepresentation representation.
[TSA] successfully applied. Results saved to SoC_proxy_TSA/data/cluster_maps/7cc3273d62d4948daf10.csv.
[TSA] cluster completed in 1.08
[Calliope] Validating and Configuring Calliope model: 7cc3273d62d4948daf10
[Calliope] Building Calliope model: 7cc3273d62d4948daf10
[Calliope] Solving Calliope model: 7cc3273d62d4948daf10
[Calliope] Solution saved to: SoC_proxy_TSA/data/calliope_models/7cc3273d62d4948daf10.nc
[SoC Proxy] Tuner: c*=0.758939 lost=0.000e+00 | margin=4.000% -> curtailment=0.728581
[SoC Proxy] curtailment forecast: 72.86%
 ------------------------------------------------------- 
 ----- K-Medoid, reps=45, SocDelta, W_proxy=0.75  -----
 -----      3f5564c4d7f7503fc94c      ----- 
 ------------------------------------------------------- 
[Model] Parameter json saved to SoC_proxy_TSA/data/parameters/3f5564c4d7f7503fc94c.json
[TSA] Extracting features dataframe for 3f5564c4d7f7503fc94c
[SoC Proxy] Tuner: c*=0.750372 lost=0.000e+00 | margin=4.000% -> curtailment=0.720357
[SoC Proxy] curtailment forecast: 72.04%
[TSA]: Applying hierarchical clustering method, with medoidRepresentation representation.
[TSA] successfully applied. Results saved to SoC_proxy_TSA/data/cluster_maps/3f5564c4d7f7503fc94c.csv.
[TSA] cluster completed in 1.05
[Calliope] Validating and Configuring Calliope model: 3f5564c4d7f7503fc94c
[Calliope] Building Calliope model: 3f5564c4d7f7503fc94c
[Calliope] Solving Calliope model: 3f5564c4d7f7503fc94c
[Calliope] Solution saved to: SoC_proxy_TSA/data/calliope_models/3f5564c4d7f7503fc94c.nc
[SoC Proxy] Tuner: c*=0.759107 lost=0.000e+00 | margin=4.000% -> curtailment=0.728742
[SoC Proxy] curtailment forecast: 72.87%
 ------------------------------------------------------- 
 ----- K-Medoid, reps=45, SocDelta, W_proxy=1  -----
 -----      eac874f2016f030fb00f      ----- 
 ------------------------------------------------------- 
[Model] Parameter json saved to SoC_proxy_TSA/data/parameters/eac874f2016f030fb00f.json
[TSA] Extracting features dataframe for eac874f2016f030fb00f
[SoC Proxy] Tuner: c*=0.750372 lost=0.000e+00 | margin=4.000% -> curtailment=0.720357
[SoC Proxy] curtailment forecast: 72.04%
[TSA]: Applying hierarchical clustering method, with medoidRepresentation representation.
weight of "solar" set to the minmal tolerable weighting
weight of "onshore_wind" set to the minmal tolerable weighting
weight of "offshore_wind" set to the minmal tolerable weighting
weight of "demand_power" set to the minmal tolerable weighting
[TSA] successfully applied. Results saved to SoC_proxy_TSA/data/cluster_maps/eac874f2016f030fb00f.csv.
[TSA] cluster completed in 1.07
[Calliope] Validating and Configuring Calliope model: eac874f2016f030fb00f
[Calliope] Building Calliope model: eac874f2016f030fb00f
[Calliope] Solving Calliope model: eac874f2016f030fb00f
[Calliope] Solution saved to: SoC_proxy_TSA/data/calliope_models/eac874f2016f030fb00f.nc
[SoC Proxy] Tuner: c*=0.750635 lost=0.000e+00 | margin=4.000% -> curtailment=0.720609
[SoC Proxy] curtailment forecast: 72.06%
 ------------------------------------------------------- 
  
[Dispatch] running scenario Sensitivity_W_reps60
   
 ------------------------------------------------------- 
 ------------------------------------------------------- 
 ----- K-Medoid, reps=60, W_proxy=0.0  -----
 -----      19c50d2a883beac6f94f      ----- 
 ------------------------------------------------------- 
[Model] Parameter json saved to SoC_proxy_TSA/data/parameters/19c50d2a883beac6f94f.json
[TSA] Extracting features dataframe for 19c50d2a883beac6f94f
[TSA]: Applying hierarchical clustering method, with medoidRepresentation representation.
[TSA] successfully applied. Results saved to SoC_proxy_TSA/data/cluster_maps/19c50d2a883beac6f94f.csv.
[TSA] cluster completed in 0.74
[Calliope] Validating and Configuring Calliope model: 19c50d2a883beac6f94f
[Calliope] Building Calliope model: 19c50d2a883beac6f94f
[Calliope] Solving Calliope model: 19c50d2a883beac6f94f
[Calliope] Solution saved to: SoC_proxy_TSA/data/calliope_models/19c50d2a883beac6f94f.nc
 ------------------------------------------------------- 
 ----- K-Medoid, reps=60, SocDelta, W_proxy=0.25  -----
 -----      9268dbfcf11913b741f0      ----- 
 ------------------------------------------------------- 
[Model] Parameter json saved to SoC_proxy_TSA/data/parameters/9268dbfcf11913b741f0.json
[TSA] Extracting features dataframe for 9268dbfcf11913b741f0
[SoC Proxy] Tuner: c*=0.750372 lost=0.000e+00 | margin=4.000% -> curtailment=0.720357
[SoC Proxy] curtailment forecast: 72.04%
[TSA]: Applying hierarchical clustering method, with medoidRepresentation representation.
[TSA] successfully applied. Results saved to SoC_proxy_TSA/data/cluster_maps/9268dbfcf11913b741f0.csv.
[TSA] cluster completed in 1.05
[Calliope] Validating and Configuring Calliope model: 9268dbfcf11913b741f0
[Calliope] Building Calliope model: 9268dbfcf11913b741f0
[Calliope] Solving Calliope model: 9268dbfcf11913b741f0
[Calliope] Solution saved to: SoC_proxy_TSA/data/calliope_models/9268dbfcf11913b741f0.nc
[SoC Proxy] Tuner: c*=0.756808 lost=0.000e+00 | margin=4.000% -> curtailment=0.726535
[SoC Proxy] curtailment forecast: 72.65%
 ------------------------------------------------------- 
 ----- K-Medoid, reps=60, SocDelta, W_proxy=0.5  -----
 -----      77488fa688bd37d6f08b      ----- 
 ------------------------------------------------------- 
[Model] Parameter json saved to SoC_proxy_TSA/data/parameters/77488fa688bd37d6f08b.json
[TSA] Extracting features dataframe for 77488fa688bd37d6f08b
[SoC Proxy] Tuner: c*=0.750372 lost=0.000e+00 | margin=4.000% -> curtailment=0.720357
[SoC Proxy] curtailment forecast: 72.04%
[TSA]: Applying hierarchical clustering method, with medoidRepresentation representation.
[TSA] successfully applied. Results saved to SoC_proxy_TSA/data/cluster_maps/77488fa688bd37d6f08b.csv.
[TSA] cluster completed in 1.07
[Calliope] Validating and Configuring Calliope model: 77488fa688bd37d6f08b
[Calliope] Building Calliope model: 77488fa688bd37d6f08b
[Calliope] Solving Calliope model: 77488fa688bd37d6f08b
[Calliope] Solution saved to: SoC_proxy_TSA/data/calliope_models/77488fa688bd37d6f08b.nc
[SoC Proxy] Tuner: c*=0.758800 lost=0.000e+00 | margin=4.000% -> curtailment=0.728448
[SoC Proxy] curtailment forecast: 72.84%
 ------------------------------------------------------- 
 ----- K-Medoid, reps=60, SocDelta, W_proxy=0.75  -----
 -----      9e263593ee02c239fae2      ----- 
 ------------------------------------------------------- 
[Model] Parameter json saved to SoC_proxy_TSA/data/parameters/9e263593ee02c239fae2.json
[TSA] Extracting features dataframe for 9e263593ee02c239fae2
[SoC Proxy] Tuner: c*=0.750372 lost=0.000e+00 | margin=4.000% -> curtailment=0.720357
[SoC Proxy] curtailment forecast: 72.04%
[TSA]: Applying hierarchical clustering method, with medoidRepresentation representation.
[TSA] successfully applied. Results saved to SoC_proxy_TSA/data/cluster_maps/9e263593ee02c239fae2.csv.
[TSA] cluster completed in 1.08
[Calliope] Validating and Configuring Calliope model: 9e263593ee02c239fae2
[Calliope] Building Calliope model: 9e263593ee02c239fae2
[Calliope] Solving Calliope model: 9e263593ee02c239fae2
[Calliope] Solution saved to: SoC_proxy_TSA/data/calliope_models/9e263593ee02c239fae2.nc
[SoC Proxy] Tuner: c*=0.757656 lost=0.000e+00 | margin=4.000% -> curtailment=0.727349
[SoC Proxy] curtailment forecast: 72.73%
 ------------------------------------------------------- 
 ----- K-Medoid, reps=60, SocDelta, W_proxy=1  -----
 -----      258c56d6119dd3480a3e      ----- 
 ------------------------------------------------------- 
[Model] Parameter json saved to SoC_proxy_TSA/data/parameters/258c56d6119dd3480a3e.json
[TSA] Extracting features dataframe for 258c56d6119dd3480a3e
[SoC Proxy] Tuner: c*=0.750372 lost=0.000e+00 | margin=4.000% -> curtailment=0.720357
[SoC Proxy] curtailment forecast: 72.04%
[TSA]: Applying hierarchical clustering method, with medoidRepresentation representation.
weight of "solar" set to the minmal tolerable weighting
weight of "onshore_wind" set to the minmal tolerable weighting
weight of "offshore_wind" set to the minmal tolerable weighting
weight of "demand_power" set to the minmal tolerable weighting
[TSA] successfully applied. Results saved to SoC_proxy_TSA/data/cluster_maps/258c56d6119dd3480a3e.csv.
[TSA] cluster completed in 1.09
[Calliope] Validating and Configuring Calliope model: 258c56d6119dd3480a3e
[Calliope] Building Calliope model: 258c56d6119dd3480a3e
[Calliope] Solving Calliope model: 258c56d6119dd3480a3e
[Calliope] Solution saved to: SoC_proxy_TSA/data/calliope_models/258c56d6119dd3480a3e.nc
[SoC Proxy] Tuner: c*=0.748985 lost=0.000e+00 | margin=4.000% -> curtailment=0.719025
[SoC Proxy] curtailment forecast: 71.90%
 ------------------------------------------------------- 
  
[Dispatch] running scenario Sensitivity_W_reps90
   
 ------------------------------------------------------- 
 ------------------------------------------------------- 
 ----- K-Medoid, reps=90, W_proxy=0.0  -----
 -----      d6b917d3c5d6f45f1a5e      ----- 
 ------------------------------------------------------- 
[Model] Parameter json saved to SoC_proxy_TSA/data/parameters/d6b917d3c5d6f45f1a5e.json
[TSA] Extracting features dataframe for d6b917d3c5d6f45f1a5e
[TSA]: Applying hierarchical clustering method, with medoidRepresentation representation.
[TSA] successfully applied. Results saved to SoC_proxy_TSA/data/cluster_maps/d6b917d3c5d6f45f1a5e.csv.
[TSA] cluster completed in 0.74
[Calliope] Validating and Configuring Calliope model: d6b917d3c5d6f45f1a5e
[Calliope] Building Calliope model: d6b917d3c5d6f45f1a5e
[Calliope] Solving Calliope model: d6b917d3c5d6f45f1a5e
[Calliope] Solution saved to: SoC_proxy_TSA/data/calliope_models/d6b917d3c5d6f45f1a5e.nc
 ------------------------------------------------------- 
 ----- K-Medoid, reps=90, SocDelta, W_proxy=0.25  -----
 -----      46b8b136afe5a08aee7b      ----- 
 ------------------------------------------------------- 
[Model] Parameter json saved to SoC_proxy_TSA/data/parameters/46b8b136afe5a08aee7b.json
[TSA] Extracting features dataframe for 46b8b136afe5a08aee7b
[SoC Proxy] Tuner: c*=0.750372 lost=0.000e+00 | margin=4.000% -> curtailment=0.720357
[SoC Proxy] curtailment forecast: 72.04%
[TSA]: Applying hierarchical clustering method, with medoidRepresentation representation.
[TSA] successfully applied. Results saved to SoC_proxy_TSA/data/cluster_maps/46b8b136afe5a08aee7b.csv.
[TSA] cluster completed in 1.05
[Calliope] Validating and Configuring Calliope model: 46b8b136afe5a08aee7b
[Calliope] Building Calliope model: 46b8b136afe5a08aee7b
[Calliope] Solving Calliope model: 46b8b136afe5a08aee7b
[Calliope] Solution saved to: SoC_proxy_TSA/data/calliope_models/46b8b136afe5a08aee7b.nc
[SoC Proxy] Tuner: c*=0.753402 lost=0.000e+00 | margin=4.000% -> curtailment=0.723266
[SoC Proxy] curtailment forecast: 72.33%
 ------------------------------------------------------- 
 ----- K-Medoid, reps=90, SocDelta, W_proxy=0.5  -----
 -----      4c68017e9a49e2544448      ----- 
 ------------------------------------------------------- 
[Model] Parameter json saved to SoC_proxy_TSA/data/parameters/4c68017e9a49e2544448.json
[TSA] Extracting features dataframe for 4c68017e9a49e2544448
[SoC Proxy] Tuner: c*=0.750372 lost=0.000e+00 | margin=4.000% -> curtailment=0.720357
[SoC Proxy] curtailment forecast: 72.04%
[TSA]: Applying hierarchical clustering method, with medoidRepresentation representation.
[TSA] successfully applied. Results saved to SoC_proxy_TSA/data/cluster_maps/4c68017e9a49e2544448.csv.
[TSA] cluster completed in 1.08
[Calliope] Validating and Configuring Calliope model: 4c68017e9a49e2544448
[Calliope] Building Calliope model: 4c68017e9a49e2544448
[Calliope] Solving Calliope model: 4c68017e9a49e2544448
[Calliope] Solution saved to: SoC_proxy_TSA/data/calliope_models/4c68017e9a49e2544448.nc
[SoC Proxy] Tuner: c*=0.758349 lost=0.000e+00 | margin=4.000% -> curtailment=0.728015
[SoC Proxy] curtailment forecast: 72.80%
 ------------------------------------------------------- 
 ----- K-Medoid, reps=90, SocDelta, W_proxy=0.75  -----
 -----      1d1d11729ee83f224ab6      ----- 
 ------------------------------------------------------- 
[Model] Parameter json saved to SoC_proxy_TSA/data/parameters/1d1d11729ee83f224ab6.json
[TSA] Extracting features dataframe for 1d1d11729ee83f224ab6
[SoC Proxy] Tuner: c*=0.750372 lost=0.000e+00 | margin=4.000% -> curtailment=0.720357
[SoC Proxy] curtailment forecast: 72.04%
[TSA]: Applying hierarchical clustering method, with medoidRepresentation representation.
[TSA] successfully applied. Results saved to SoC_proxy_TSA/data/cluster_maps/1d1d11729ee83f224ab6.csv.
[TSA] cluster completed in 1.18
[Calliope] Validating and Configuring Calliope model: 1d1d11729ee83f224ab6
[Calliope] Building Calliope model: 1d1d11729ee83f224ab6
[Calliope] Solving Calliope model: 1d1d11729ee83f224ab6
[Calliope] Solution saved to: SoC_proxy_TSA/data/calliope_models/1d1d11729ee83f224ab6.nc
[SoC Proxy] Tuner: c*=0.752470 lost=0.000e+00 | margin=4.000% -> curtailment=0.722371
[SoC Proxy] curtailment forecast: 72.24%
 ------------------------------------------------------- 
 ----- K-Medoid, reps=90, SocDelta, W_proxy=1  -----
 -----      ef67f10108c0c4c90af8      ----- 
 ------------------------------------------------------- 
[Model] Parameter json saved to SoC_proxy_TSA/data/parameters/ef67f10108c0c4c90af8.json
[TSA] Extracting features dataframe for ef67f10108c0c4c90af8
[SoC Proxy] Tuner: c*=0.750372 lost=0.000e+00 | margin=4.000% -> curtailment=0.720357
[SoC Proxy] curtailment forecast: 72.04%
[TSA]: Applying hierarchical clustering method, with medoidRepresentation representation.
weight of "solar" set to the minmal tolerable weighting
weight of "onshore_wind" set to the minmal tolerable weighting
weight of "offshore_wind" set to the minmal tolerable weighting
weight of "demand_power" set to the minmal tolerable weighting
[TSA] successfully applied. Results saved to SoC_proxy_TSA/data/cluster_maps/ef67f10108c0c4c90af8.csv.
[TSA] cluster completed in 1.14
[Calliope] Validating and Configuring Calliope model: ef67f10108c0c4c90af8
[Calliope] Building Calliope model: ef67f10108c0c4c90af8
[Calliope] Solving Calliope model: ef67f10108c0c4c90af8
[Calliope] Solution saved to: SoC_proxy_TSA/data/calliope_models/ef67f10108c0c4c90af8.nc
[SoC Proxy] Tuner: c*=0.742567 lost=0.000e+00 | margin=4.000% -> curtailment=0.712865
[SoC Proxy] curtailment forecast: 71.29%
 ------------------------------------------------------- 
  
[Dispatch] running scenario Sensitivity_W_reps45
   
 ------------------------------------------------------- 
 ------------------------------------------------------- 
 ----- K-Medoid, reps=45, W_proxy=0.0  -----
 -----      161ee0fd2a30ef4fe941      ----- 
 ------------------------------------------------------- 
[Model] Parameter json saved to SoC_proxy_TSA/data/parameters/161ee0fd2a30ef4fe941.json
[TSA] Extracting features dataframe for 161ee0fd2a30ef4fe941
[TSA]: Applying hierarchical clustering method, with medoidRepresentation representation.
[TSA] successfully applied. Results saved to SoC_proxy_TSA/data/cluster_maps/161ee0fd2a30ef4fe941.csv.
[TSA] cluster completed in 0.74
[Calliope] Validating and Configuring Calliope model: 161ee0fd2a30ef4fe941
[Calliope] Building Calliope model: 161ee0fd2a30ef4fe941
[Calliope] Solving Calliope model: 161ee0fd2a30ef4fe941
[Calliope] Solution saved to: SoC_proxy_TSA/data/calliope_models/161ee0fd2a30ef4fe941.nc
 ------------------------------------------------------- 
 ----- K-Medoid, reps=45, SocDelta, W_proxy=0.25  -----
 -----      f5ef707194956b4c8552      ----- 
 ------------------------------------------------------- 
[Model] Parameter json saved to SoC_proxy_TSA/data/parameters/f5ef707194956b4c8552.json
[TSA] Extracting features dataframe for f5ef707194956b4c8552
[SoC Proxy] Tuner: c*=0.752652 lost=0.000e+00 | margin=4.000% -> curtailment=0.722546
[SoC Proxy] curtailment forecast: 72.25%
[TSA]: Applying hierarchical clustering method, with medoidRepresentation representation.
[TSA] successfully applied. Results saved to SoC_proxy_TSA/data/cluster_maps/f5ef707194956b4c8552.csv.
[TSA] cluster completed in 1.10
[Calliope] Validating and Configuring Calliope model: f5ef707194956b4c8552
[Calliope] Building Calliope model: f5ef707194956b4c8552
[Calliope] Solving Calliope model: f5ef707194956b4c8552
[Calliope] Solution saved to: SoC_proxy_TSA/data/calliope_models/f5ef707194956b4c8552.nc
[SoC Proxy] Tuner: c*=0.762283 lost=0.000e+00 | margin=4.000% -> curtailment=0.731792
[SoC Proxy] curtailment forecast: 73.18%
 ------------------------------------------------------- 
 ----- K-Medoid, reps=45, SocDelta, W_proxy=0.5  -----
 -----      87d4c729800797d7fd6e      ----- 
 ------------------------------------------------------- 
[Model] Parameter json saved to SoC_proxy_TSA/data/parameters/87d4c729800797d7fd6e.json
[TSA] Extracting features dataframe for 87d4c729800797d7fd6e
[SoC Proxy] Tuner: c*=0.752652 lost=0.000e+00 | margin=4.000% -> curtailment=0.722546
[SoC Proxy] curtailment forecast: 72.25%
[TSA]: Applying hierarchical clustering method, with medoidRepresentation representation.
[TSA] successfully applied. Results saved to SoC_proxy_TSA/data/cluster_maps/87d4c729800797d7fd6e.csv.
[TSA] cluster completed in 1.06
[Calliope] Validating and Configuring Calliope model: 87d4c729800797d7fd6e
[Calliope] Building Calliope model: 87d4c729800797d7fd6e
[Calliope] Solving Calliope model: 87d4c729800797d7fd6e
[Calliope] Solution saved to: SoC_proxy_TSA/data/calliope_models/87d4c729800797d7fd6e.nc
[SoC Proxy] Tuner: c*=0.760069 lost=0.000e+00 | margin=4.000% -> curtailment=0.729666
[SoC Proxy] curtailment forecast: 72.97%
 ------------------------------------------------------- 
 ----- K-Medoid, reps=45, SocDelta, W_proxy=0.75  -----
 -----      80e8d10b9d13276f0bc6      ----- 
 ------------------------------------------------------- 
[Model] Parameter json saved to SoC_proxy_TSA/data/parameters/80e8d10b9d13276f0bc6.json
[TSA] Extracting features dataframe for 80e8d10b9d13276f0bc6
[SoC Proxy] Tuner: c*=0.752652 lost=0.000e+00 | margin=4.000% -> curtailment=0.722546
[SoC Proxy] curtailment forecast: 72.25%
[TSA]: Applying hierarchical clustering method, with medoidRepresentation representation.
[TSA] successfully applied. Results saved to SoC_proxy_TSA/data/cluster_maps/80e8d10b9d13276f0bc6.csv.
[TSA] cluster completed in 1.46
[Calliope] Validating and Configuring Calliope model: 80e8d10b9d13276f0bc6
[Calliope] Building Calliope model: 80e8d10b9d13276f0bc6
[Calliope] Solving Calliope model: 80e8d10b9d13276f0bc6
[Calliope] Solution saved to: SoC_proxy_TSA/data/calliope_models/80e8d10b9d13276f0bc6.nc
[SoC Proxy] Tuner: c*=0.758994 lost=0.000e+00 | margin=4.000% -> curtailment=0.728634
[SoC Proxy] curtailment forecast: 72.86%
 ------------------------------------------------------- 
 ----- K-Medoid, reps=45, SocDelta, W_proxy=1  -----
 -----      193faa7c749eb5de4093      ----- 
 ------------------------------------------------------- 
[Model] Parameter json saved to SoC_proxy_TSA/data/parameters/193faa7c749eb5de4093.json
[TSA] Extracting features dataframe for 193faa7c749eb5de4093
[SoC Proxy] Tuner: c*=0.752652 lost=0.000e+00 | margin=4.000% -> curtailment=0.722546
[SoC Proxy] curtailment forecast: 72.25%
[TSA]: Applying hierarchical clustering method, with medoidRepresentation representation.
weight of "solar" set to the minmal tolerable weighting
weight of "onshore_wind" set to the minmal tolerable weighting
weight of "offshore_wind" set to the minmal tolerable weighting
weight of "demand_power" set to the minmal tolerable weighting
[TSA] successfully applied. Results saved to SoC_proxy_TSA/data/cluster_maps/193faa7c749eb5de4093.csv.
[TSA] cluster completed in 1.04
[Calliope] Validating and Configuring Calliope model: 193faa7c749eb5de4093
[Calliope] Building Calliope model: 193faa7c749eb5de4093
[Calliope] Solving Calliope model: 193faa7c749eb5de4093
[Calliope] Solution saved to: SoC_proxy_TSA/data/calliope_models/193faa7c749eb5de4093.nc
[SoC Proxy] Tuner: c*=0.753583 lost=0.000e+00 | margin=4.000% -> curtailment=0.723440
[SoC Proxy] curtailment forecast: 72.34%
 ------------------------------------------------------- 
  
[Dispatch] running scenario Sensitivity_W_reps60
   
 ------------------------------------------------------- 
 ------------------------------------------------------- 
 ----- K-Medoid, reps=60, W_proxy=0.0  -----
 -----      9bf9c7bce04807196b47      ----- 
 ------------------------------------------------------- 
[Model] Parameter json saved to SoC_proxy_TSA/data/parameters/9bf9c7bce04807196b47.json
[TSA] Extracting features dataframe for 9bf9c7bce04807196b47
[TSA]: Applying hierarchical clustering method, with medoidRepresentation representation.
[TSA] successfully applied. Results saved to SoC_proxy_TSA/data/cluster_maps/9bf9c7bce04807196b47.csv.
[TSA] cluster completed in 0.77
[Calliope] Validating and Configuring Calliope model: 9bf9c7bce04807196b47
[Calliope] Building Calliope model: 9bf9c7bce04807196b47
[Calliope] Solving Calliope model: 9bf9c7bce04807196b47
[Calliope] Solution saved to: SoC_proxy_TSA/data/calliope_models/9bf9c7bce04807196b47.nc
 ------------------------------------------------------- 
 ----- K-Medoid, reps=60, SocDelta, W_proxy=0.25  -----
 -----      9dd10ee22354b98f8d9c      ----- 
 ------------------------------------------------------- 
[Model] Parameter json saved to SoC_proxy_TSA/data/parameters/9dd10ee22354b98f8d9c.json
[TSA] Extracting features dataframe for 9dd10ee22354b98f8d9c
[SoC Proxy] Tuner: c*=0.752652 lost=0.000e+00 | margin=4.000% -> curtailment=0.722546
[SoC Proxy] curtailment forecast: 72.25%
[TSA]: Applying hierarchical clustering method, with medoidRepresentation representation.
[TSA] successfully applied. Results saved to SoC_proxy_TSA/data/cluster_maps/9dd10ee22354b98f8d9c.csv.
[TSA] cluster completed in 1.05
[Calliope] Validating and Configuring Calliope model: 9dd10ee22354b98f8d9c
[Calliope] Building Calliope model: 9dd10ee22354b98f8d9c
[Calliope] Solving Calliope model: 9dd10ee22354b98f8d9c
[Calliope] Solution saved to: SoC_proxy_TSA/data/calliope_models/9dd10ee22354b98f8d9c.nc
[SoC Proxy] Tuner: c*=0.765076 lost=0.000e+00 | margin=4.000% -> curtailment=0.734473
[SoC Proxy] curtailment forecast: 73.45%
 ------------------------------------------------------- 
 ----- K-Medoid, reps=60, SocDelta, W_proxy=0.5  -----
 -----      3c86e0471a5beee6eb5e      ----- 
 ------------------------------------------------------- 
[Model] Parameter json saved to SoC_proxy_TSA/data/parameters/3c86e0471a5beee6eb5e.json
[TSA] Extracting features dataframe for 3c86e0471a5beee6eb5e
[SoC Proxy] Tuner: c*=0.752652 lost=0.000e+00 | margin=4.000% -> curtailment=0.722546
[SoC Proxy] curtailment forecast: 72.25%
[TSA]: Applying hierarchical clustering method, with medoidRepresentation representation.
[TSA] successfully applied. Results saved to SoC_proxy_TSA/data/cluster_maps/3c86e0471a5beee6eb5e.csv.
[TSA] cluster completed in 1.08
[Calliope] Validating and Configuring Calliope model: 3c86e0471a5beee6eb5e
[Calliope] Building Calliope model: 3c86e0471a5beee6eb5e
[Calliope] Solving Calliope model: 3c86e0471a5beee6eb5e
[Calliope] Solution saved to: SoC_proxy_TSA/data/calliope_models/3c86e0471a5beee6eb5e.nc
[SoC Proxy] Tuner: c*=0.757091 lost=0.000e+00 | margin=4.000% -> curtailment=0.726808
[SoC Proxy] curtailment forecast: 72.68%
 ------------------------------------------------------- 
 ----- K-Medoid, reps=60, SocDelta, W_proxy=0.75  -----
 -----      35e6ad092e189cdd601f      ----- 
 ------------------------------------------------------- 
[Model] Parameter json saved to SoC_proxy_TSA/data/parameters/35e6ad092e189cdd601f.json
[TSA] Extracting features dataframe for 35e6ad092e189cdd601f
[SoC Proxy] Tuner: c*=0.752652 lost=0.000e+00 | margin=4.000% -> curtailment=0.722546
[SoC Proxy] curtailment forecast: 72.25%
[TSA]: Applying hierarchical clustering method, with medoidRepresentation representation.
[TSA] successfully applied. Results saved to SoC_proxy_TSA/data/cluster_maps/35e6ad092e189cdd601f.csv.
[TSA] cluster completed in 1.08
[Calliope] Validating and Configuring Calliope model: 35e6ad092e189cdd601f
[Calliope] Building Calliope model: 35e6ad092e189cdd601f
[Calliope] Solving Calliope model: 35e6ad092e189cdd601f
[Calliope] Solution saved to: SoC_proxy_TSA/data/calliope_models/35e6ad092e189cdd601f.nc
[SoC Proxy] Tuner: c*=0.763883 lost=0.000e+00 | margin=4.000% -> curtailment=0.733328
[SoC Proxy] curtailment forecast: 73.33%
 ------------------------------------------------------- 
 ----- K-Medoid, reps=60, SocDelta, W_proxy=1  -----
 -----      efbca3e2bb8c287f8bde      ----- 
 ------------------------------------------------------- 
[Model] Parameter json saved to SoC_proxy_TSA/data/parameters/efbca3e2bb8c287f8bde.json
[TSA] Extracting features dataframe for efbca3e2bb8c287f8bde
[SoC Proxy] Tuner: c*=0.752652 lost=0.000e+00 | margin=4.000% -> curtailment=0.722546
[SoC Proxy] curtailment forecast: 72.25%
[TSA]: Applying hierarchical clustering method, with medoidRepresentation representation.
weight of "solar" set to the minmal tolerable weighting
weight of "onshore_wind" set to the minmal tolerable weighting
weight of "offshore_wind" set to the minmal tolerable weighting
weight of "demand_power" set to the minmal tolerable weighting
[TSA] successfully applied. Results saved to SoC_proxy_TSA/data/cluster_maps/efbca3e2bb8c287f8bde.csv.
[TSA] cluster completed in 1.03
[Calliope] Validating and Configuring Calliope model: efbca3e2bb8c287f8bde
[Calliope] Building Calliope model: efbca3e2bb8c287f8bde
[Calliope] Solving Calliope model: efbca3e2bb8c287f8bde
[Calliope] Solution saved to: SoC_proxy_TSA/data/calliope_models/efbca3e2bb8c287f8bde.nc
[SoC Proxy] Tuner: c*=0.752102 lost=0.000e+00 | margin=4.000% -> curtailment=0.722018
[SoC Proxy] curtailment forecast: 72.20%
 ------------------------------------------------------- 
  
[Dispatch] running scenario Sensitivity_W_reps90
   
 ------------------------------------------------------- 
 ------------------------------------------------------- 
 ----- K-Medoid, reps=90, W_proxy=0.0  -----
 -----      bd8c262306018b9e6919      ----- 
 ------------------------------------------------------- 
[Model] Parameter json saved to SoC_proxy_TSA/data/parameters/bd8c262306018b9e6919.json
[TSA] Extracting features dataframe for bd8c262306018b9e6919
[TSA]: Applying hierarchical clustering method, with medoidRepresentation representation.
[TSA] successfully applied. Results saved to SoC_proxy_TSA/data/cluster_maps/bd8c262306018b9e6919.csv.
[TSA] cluster completed in 0.77
[Calliope] Validating and Configuring Calliope model: bd8c262306018b9e6919
[Calliope] Building Calliope model: bd8c262306018b9e6919
[Calliope] Solving Calliope model: bd8c262306018b9e6919
[Calliope] Solution saved to: SoC_proxy_TSA/data/calliope_models/bd8c262306018b9e6919.nc
 ------------------------------------------------------- 
 ----- K-Medoid, reps=90, SocDelta, W_proxy=0.25  -----
 -----      ecb871213f70fd6ecfb9      ----- 
 ------------------------------------------------------- 
[Model] Parameter json saved to SoC_proxy_TSA/data/parameters/ecb871213f70fd6ecfb9.json
[TSA] Extracting features dataframe for ecb871213f70fd6ecfb9
[SoC Proxy] Tuner: c*=0.752652 lost=0.000e+00 | margin=4.000% -> curtailment=0.722546
[SoC Proxy] curtailment forecast: 72.25%
[TSA]: Applying hierarchical clustering method, with medoidRepresentation representation.
[TSA] successfully applied. Results saved to SoC_proxy_TSA/data/cluster_maps/ecb871213f70fd6ecfb9.csv.
[TSA] cluster completed in 1.10
[Calliope] Validating and Configuring Calliope model: ecb871213f70fd6ecfb9
[Calliope] Building Calliope model: ecb871213f70fd6ecfb9
[Calliope] Solving Calliope model: ecb871213f70fd6ecfb9
[Calliope] Solution saved to: SoC_proxy_TSA/data/calliope_models/ecb871213f70fd6ecfb9.nc
[SoC Proxy] Tuner: c*=0.760250 lost=0.000e+00 | margin=4.000% -> curtailment=0.729840
[SoC Proxy] curtailment forecast: 72.98%
 ------------------------------------------------------- 
 ----- K-Medoid, reps=90, SocDelta, W_proxy=0.5  -----
 -----      30e75f6ca42bdffe38ec      ----- 
 ------------------------------------------------------- 
[Model] Parameter json saved to SoC_proxy_TSA/data/parameters/30e75f6ca42bdffe38ec.json
[TSA] Extracting features dataframe for 30e75f6ca42bdffe38ec
[SoC Proxy] Tuner: c*=0.752652 lost=0.000e+00 | margin=4.000% -> curtailment=0.722546
[SoC Proxy] curtailment forecast: 72.25%
[TSA]: Applying hierarchical clustering method, with medoidRepresentation representation.
[TSA] successfully applied. Results saved to SoC_proxy_TSA/data/cluster_maps/30e75f6ca42bdffe38ec.csv.
[TSA] cluster completed in 1.08
[Calliope] Validating and Configuring Calliope model: 30e75f6ca42bdffe38ec
[Calliope] Building Calliope model: 30e75f6ca42bdffe38ec
[Calliope] Solving Calliope model: 30e75f6ca42bdffe38ec
[Calliope] Solution saved to: SoC_proxy_TSA/data/calliope_models/30e75f6ca42bdffe38ec.nc
[SoC Proxy] Tuner: c*=0.761216 lost=0.000e+00 | margin=4.000% -> curtailment=0.730767
[SoC Proxy] curtailment forecast: 73.08%
 ------------------------------------------------------- 
 ----- K-Medoid, reps=90, SocDelta, W_proxy=0.75  -----
 -----      c1efcfee23a8075b6aa3      ----- 
 ------------------------------------------------------- 
[Model] Parameter json saved to SoC_proxy_TSA/data/parameters/c1efcfee23a8075b6aa3.json
[TSA] Extracting features dataframe for c1efcfee23a8075b6aa3
[SoC Proxy] Tuner: c*=0.752652 lost=0.000e+00 | margin=4.000% -> curtailment=0.722546
[SoC Proxy] curtailment forecast: 72.25%
[TSA]: Applying hierarchical clustering method, with medoidRepresentation representation.
[TSA] successfully applied. Results saved to SoC_proxy_TSA/data/cluster_maps/c1efcfee23a8075b6aa3.csv.
[TSA] cluster completed in 1.10
[Calliope] Validating and Configuring Calliope model: c1efcfee23a8075b6aa3
[Calliope] Building Calliope model: c1efcfee23a8075b6aa3
[Calliope] Solving Calliope model: c1efcfee23a8075b6aa3
[Calliope] Solution saved to: SoC_proxy_TSA/data/calliope_models/c1efcfee23a8075b6aa3.nc
[SoC Proxy] Tuner: c*=0.761137 lost=0.000e+00 | margin=4.000% -> curtailment=0.730691
[SoC Proxy] curtailment forecast: 73.07%
 ------------------------------------------------------- 
 ----- K-Medoid, reps=90, SocDelta, W_proxy=1  -----
 -----      c11b876478fce16254ca      ----- 
 ------------------------------------------------------- 
[Model] Parameter json saved to SoC_proxy_TSA/data/parameters/c11b876478fce16254ca.json
[TSA] Extracting features dataframe for c11b876478fce16254ca
[SoC Proxy] Tuner: c*=0.752652 lost=0.000e+00 | margin=4.000% -> curtailment=0.722546
[SoC Proxy] curtailment forecast: 72.25%
[TSA]: Applying hierarchical clustering method, with medoidRepresentation representation.
weight of "solar" set to the minmal tolerable weighting
weight of "onshore_wind" set to the minmal tolerable weighting
weight of "offshore_wind" set to the minmal tolerable weighting
weight of "demand_power" set to the minmal tolerable weighting
[TSA] successfully applied. Results saved to SoC_proxy_TSA/data/cluster_maps/c11b876478fce16254ca.csv.
[TSA] cluster completed in 1.06
[Calliope] Validating and Configuring Calliope model: c11b876478fce16254ca
[Calliope] Building Calliope model: c11b876478fce16254ca
[Calliope] Solving Calliope model: c11b876478fce16254ca
[Calliope] Solution saved to: SoC_proxy_TSA/data/calliope_models/c11b876478fce16254ca.nc
[SoC Proxy] Tuner: c*=0.756048 lost=0.000e+00 | margin=4.000% -> curtailment=0.725806
[SoC Proxy] curtailment forecast: 72.58%
 ------------------------------------------------------- 
  
[Dispatch] running scenario Sensitivity_W_reps45
   
 ------------------------------------------------------- 
 ------------------------------------------------------- 
 ----- K-Medoid, reps=45, W_proxy=0.0  -----
 -----      696e0e01a0b4ab26b08d      ----- 
 ------------------------------------------------------- 
[Model] Parameter json saved to SoC_proxy_TSA/data/parameters/696e0e01a0b4ab26b08d.json
[TSA] Extracting features dataframe for 696e0e01a0b4ab26b08d
[TSA]: Applying hierarchical clustering method, with medoidRepresentation representation.
[TSA] successfully applied. Results saved to SoC_proxy_TSA/data/cluster_maps/696e0e01a0b4ab26b08d.csv.
[TSA] cluster completed in 0.73
[Calliope] Validating and Configuring Calliope model: 696e0e01a0b4ab26b08d
[Calliope] Building Calliope model: 696e0e01a0b4ab26b08d
[Calliope] Solving Calliope model: 696e0e01a0b4ab26b08d
[Calliope] Solution saved to: SoC_proxy_TSA/data/calliope_models/696e0e01a0b4ab26b08d.nc
 ------------------------------------------------------- 
 ----- K-Medoid, reps=45, SocDelta, W_proxy=0.25  -----
 -----      dbeeb31693d09b08f73c      ----- 
 ------------------------------------------------------- 
[Model] Parameter json saved to SoC_proxy_TSA/data/parameters/dbeeb31693d09b08f73c.json
[TSA] Extracting features dataframe for dbeeb31693d09b08f73c
[SoC Proxy] Tuner: c*=0.741227 lost=0.000e+00 | margin=4.000% -> curtailment=0.711578
[SoC Proxy] ⚠ Warning: SoC Proxy severely non-cyclical (end-start = 1.118e+04)
[SoC Proxy] curtailment forecast: 71.16%
[TSA]: Applying hierarchical clustering method, with medoidRepresentation representation.
[TSA] successfully applied. Results saved to SoC_proxy_TSA/data/cluster_maps/dbeeb31693d09b08f73c.csv.
[TSA] cluster completed in 1.07
[Calliope] Validating and Configuring Calliope model: dbeeb31693d09b08f73c
[Calliope] Building Calliope model: dbeeb31693d09b08f73c
[Calliope] Solving Calliope model: dbeeb31693d09b08f73c
[Calliope] Solution saved to: SoC_proxy_TSA/data/calliope_models/dbeeb31693d09b08f73c.nc
[SoC Proxy] Tuner: c*=0.750656 lost=0.000e+00 | margin=4.000% -> curtailment=0.720630
[SoC Proxy] curtailment forecast: 72.06%
 ------------------------------------------------------- 
 ----- K-Medoid, reps=45, SocDelta, W_proxy=0.5  -----
 -----      6999e65e99ae44956668      ----- 
 ------------------------------------------------------- 
[Model] Parameter json saved to SoC_proxy_TSA/data/parameters/6999e65e99ae44956668.json
[TSA] Extracting features dataframe for 6999e65e99ae44956668
[SoC Proxy] Tuner: c*=0.741227 lost=0.000e+00 | margin=4.000% -> curtailment=0.711578
[SoC Proxy] ⚠ Warning: SoC Proxy severely non-cyclical (end-start = 1.118e+04)
[SoC Proxy] curtailment forecast: 71.16%
[TSA]: Applying hierarchical clustering method, with medoidRepresentation representation.
[TSA] successfully applied. Results saved to SoC_proxy_TSA/data/cluster_maps/6999e65e99ae44956668.csv.
[TSA] cluster completed in 1.04
[Calliope] Validating and Configuring Calliope model: 6999e65e99ae44956668
[Calliope] Building Calliope model: 6999e65e99ae44956668
[Calliope] Solving Calliope model: 6999e65e99ae44956668
[Calliope] Solution saved to: SoC_proxy_TSA/data/calliope_models/6999e65e99ae44956668.nc
[SoC Proxy] Tuner: c*=0.749822 lost=0.000e+00 | margin=4.000% -> curtailment=0.719829
[SoC Proxy] ⚠ Warning: SoC Proxy severely non-cyclical (end-start = 1.239e+04)
[SoC Proxy] curtailment forecast: 71.98%
 ------------------------------------------------------- 
 ----- K-Medoid, reps=45, SocDelta, W_proxy=0.75  -----
 -----      529d7ecf94c46f226d0f      ----- 
 ------------------------------------------------------- 
[Model] Parameter json saved to SoC_proxy_TSA/data/parameters/529d7ecf94c46f226d0f.json
[TSA] Extracting features dataframe for 529d7ecf94c46f226d0f
[SoC Proxy] Tuner: c*=0.741227 lost=0.000e+00 | margin=4.000% -> curtailment=0.711578
[SoC Proxy] ⚠ Warning: SoC Proxy severely non-cyclical (end-start = 1.118e+04)
[SoC Proxy] curtailment forecast: 71.16%
[TSA]: Applying hierarchical clustering method, with medoidRepresentation representation.
[TSA] successfully applied. Results saved to SoC_proxy_TSA/data/cluster_maps/529d7ecf94c46f226d0f.csv.
[TSA] cluster completed in 1.10
[Calliope] Validating and Configuring Calliope model: 529d7ecf94c46f226d0f
[Calliope] Building Calliope model: 529d7ecf94c46f226d0f
[Calliope] Solving Calliope model: 529d7ecf94c46f226d0f
[Calliope] Solution saved to: SoC_proxy_TSA/data/calliope_models/529d7ecf94c46f226d0f.nc
[SoC Proxy] Tuner: c*=0.752448 lost=0.000e+00 | margin=4.000% -> curtailment=0.722350
[SoC Proxy] ⚠ Warning: SoC Proxy severely non-cyclical (end-start = 1.090e+04)
[SoC Proxy] curtailment forecast: 72.24%
 ------------------------------------------------------- 
 ----- K-Medoid, reps=45, SocDelta, W_proxy=1  -----
 -----      2ecd2e739391307e98b5      ----- 
 ------------------------------------------------------- 
[Model] Parameter json saved to SoC_proxy_TSA/data/parameters/2ecd2e739391307e98b5.json
[TSA] Extracting features dataframe for 2ecd2e739391307e98b5
[SoC Proxy] Tuner: c*=0.741227 lost=0.000e+00 | margin=4.000% -> curtailment=0.711578
[SoC Proxy] ⚠ Warning: SoC Proxy severely non-cyclical (end-start = 1.118e+04)
[SoC Proxy] curtailment forecast: 71.16%
[TSA]: Applying hierarchical clustering method, with medoidRepresentation representation.
weight of "solar" set to the minmal tolerable weighting
weight of "onshore_wind" set to the minmal tolerable weighting
weight of "offshore_wind" set to the minmal tolerable weighting
weight of "demand_power" set to the minmal tolerable weighting
[TSA] successfully applied. Results saved to SoC_proxy_TSA/data/cluster_maps/2ecd2e739391307e98b5.csv.
[TSA] cluster completed in 1.07
[Calliope] Validating and Configuring Calliope model: 2ecd2e739391307e98b5
[Calliope] Building Calliope model: 2ecd2e739391307e98b5
[Calliope] Solving Calliope model: 2ecd2e739391307e98b5
[Calliope] Solution saved to: SoC_proxy_TSA/data/calliope_models/2ecd2e739391307e98b5.nc
[SoC Proxy] Tuner: c*=0.753256 lost=0.000e+00 | margin=4.000% -> curtailment=0.723125
[SoC Proxy] ⚠ Warning: SoC Proxy severely non-cyclical (end-start = 1.009e+04)
[SoC Proxy] curtailment forecast: 72.31%
 ------------------------------------------------------- 
  
[Dispatch] running scenario Sensitivity_W_reps60
   
 ------------------------------------------------------- 
 ------------------------------------------------------- 
 ----- K-Medoid, reps=60, W_proxy=0.0  -----
 -----      9c5bec3b8aa13604684a      ----- 
 ------------------------------------------------------- 
[Model] Parameter json saved to SoC_proxy_TSA/data/parameters/9c5bec3b8aa13604684a.json
[TSA] Extracting features dataframe for 9c5bec3b8aa13604684a
[TSA]: Applying hierarchical clustering method, with medoidRepresentation representation.
[TSA] successfully applied. Results saved to SoC_proxy_TSA/data/cluster_maps/9c5bec3b8aa13604684a.csv.
[TSA] cluster completed in 0.77
[Calliope] Validating and Configuring Calliope model: 9c5bec3b8aa13604684a
[Calliope] Building Calliope model: 9c5bec3b8aa13604684a
[Calliope] Solving Calliope model: 9c5bec3b8aa13604684a
[Calliope] Solution saved to: SoC_proxy_TSA/data/calliope_models/9c5bec3b8aa13604684a.nc
 ------------------------------------------------------- 
 ----- K-Medoid, reps=60, SocDelta, W_proxy=0.25  -----
 -----      6e3e64e5fed58820eda8      ----- 
 ------------------------------------------------------- 
[Model] Parameter json saved to SoC_proxy_TSA/data/parameters/6e3e64e5fed58820eda8.json
[TSA] Extracting features dataframe for 6e3e64e5fed58820eda8
[SoC Proxy] Tuner: c*=0.741227 lost=0.000e+00 | margin=4.000% -> curtailment=0.711578
[SoC Proxy] ⚠ Warning: SoC Proxy severely non-cyclical (end-start = 1.118e+04)
[SoC Proxy] curtailment forecast: 71.16%
[TSA]: Applying hierarchical clustering method, with medoidRepresentation representation.
[TSA] successfully applied. Results saved to SoC_proxy_TSA/data/cluster_maps/6e3e64e5fed58820eda8.csv.
[TSA] cluster completed in 1.04
[Calliope] Validating and Configuring Calliope model: 6e3e64e5fed58820eda8
[Calliope] Building Calliope model: 6e3e64e5fed58820eda8
[Calliope] Solving Calliope model: 6e3e64e5fed58820eda8
[Calliope] Solution saved to: SoC_proxy_TSA/data/calliope_models/6e3e64e5fed58820eda8.nc
[SoC Proxy] Tuner: c*=0.750385 lost=0.000e+00 | margin=4.000% -> curtailment=0.720369
[SoC Proxy] curtailment forecast: 72.04%
 ------------------------------------------------------- 
 ----- K-Medoid, reps=60, SocDelta, W_proxy=0.5  -----
 -----      8c577f4ce14ea4b9ca58      ----- 
 ------------------------------------------------------- 
[Model] Parameter json saved to SoC_proxy_TSA/data/parameters/8c577f4ce14ea4b9ca58.json
[TSA] Extracting features dataframe for 8c577f4ce14ea4b9ca58
[SoC Proxy] Tuner: c*=0.741227 lost=0.000e+00 | margin=4.000% -> curtailment=0.711578
[SoC Proxy] ⚠ Warning: SoC Proxy severely non-cyclical (end-start = 1.118e+04)
[SoC Proxy] curtailment forecast: 71.16%
[TSA]: Applying hierarchical clustering method, with medoidRepresentation representation.
[TSA] successfully applied. Results saved to SoC_proxy_TSA/data/cluster_maps/8c577f4ce14ea4b9ca58.csv.
[TSA] cluster completed in 1.04
[Calliope] Validating and Configuring Calliope model: 8c577f4ce14ea4b9ca58
[Calliope] Building Calliope model: 8c577f4ce14ea4b9ca58
[Calliope] Solving Calliope model: 8c577f4ce14ea4b9ca58
[Calliope] Solution saved to: SoC_proxy_TSA/data/calliope_models/8c577f4ce14ea4b9ca58.nc
[SoC Proxy] Tuner: c*=0.752101 lost=0.000e+00 | margin=4.000% -> curtailment=0.722017
[SoC Proxy] ⚠ Warning: SoC Proxy severely non-cyclical (end-start = 1.152e+04)
[SoC Proxy] curtailment forecast: 72.20%
 ------------------------------------------------------- 
 ----- K-Medoid, reps=60, SocDelta, W_proxy=0.75  -----
 -----      6a0ae594b8ee993aa703      ----- 
 ------------------------------------------------------- 
[Model] Parameter json saved to SoC_proxy_TSA/data/parameters/6a0ae594b8ee993aa703.json
[TSA] Extracting features dataframe for 6a0ae594b8ee993aa703
[SoC Proxy] Tuner: c*=0.741227 lost=0.000e+00 | margin=4.000% -> curtailment=0.711578
[SoC Proxy] ⚠ Warning: SoC Proxy severely non-cyclical (end-start = 1.118e+04)
[SoC Proxy] curtailment forecast: 71.16%
[TSA]: Applying hierarchical clustering method, with medoidRepresentation representation.
[TSA] successfully applied. Results saved to SoC_proxy_TSA/data/cluster_maps/6a0ae594b8ee993aa703.csv.
[TSA] cluster completed in 1.06
[Calliope] Validating and Configuring Calliope model: 6a0ae594b8ee993aa703
[Calliope] Building Calliope model: 6a0ae594b8ee993aa703
[Calliope] Solving Calliope model: 6a0ae594b8ee993aa703
[Calliope] Solution saved to: SoC_proxy_TSA/data/calliope_models/6a0ae594b8ee993aa703.nc
[SoC Proxy] Tuner: c*=0.752369 lost=0.000e+00 | margin=4.000% -> curtailment=0.722274
[SoC Proxy] ⚠ Warning: SoC Proxy severely non-cyclical (end-start = 1.047e+04)
[SoC Proxy] curtailment forecast: 72.23%
 ------------------------------------------------------- 
 ----- K-Medoid, reps=60, SocDelta, W_proxy=1  -----
 -----      185e2438c87aba6277ee      ----- 
 ------------------------------------------------------- 
[Model] Parameter json saved to SoC_proxy_TSA/data/parameters/185e2438c87aba6277ee.json
[TSA] Extracting features dataframe for 185e2438c87aba6277ee
[SoC Proxy] Tuner: c*=0.741227 lost=0.000e+00 | margin=4.000% -> curtailment=0.711578
[SoC Proxy] ⚠ Warning: SoC Proxy severely non-cyclical (end-start = 1.118e+04)
[SoC Proxy] curtailment forecast: 71.16%
[TSA]: Applying hierarchical clustering method, with medoidRepresentation representation.
weight of "solar" set to the minmal tolerable weighting
weight of "onshore_wind" set to the minmal tolerable weighting
weight of "offshore_wind" set to the minmal tolerable weighting
weight of "demand_power" set to the minmal tolerable weighting
[TSA] successfully applied. Results saved to SoC_proxy_TSA/data/cluster_maps/185e2438c87aba6277ee.csv.
[TSA] cluster completed in 1.12
[Calliope] Validating and Configuring Calliope model: 185e2438c87aba6277ee
[Calliope] Building Calliope model: 185e2438c87aba6277ee
[Calliope] Solving Calliope model: 185e2438c87aba6277ee
[Calliope] Solution saved to: SoC_proxy_TSA/data/calliope_models/185e2438c87aba6277ee.nc
[SoC Proxy] Tuner: c*=0.744105 lost=0.000e+00 | margin=4.000% -> curtailment=0.714341
[SoC Proxy] ⚠ Warning: SoC Proxy severely non-cyclical (end-start = 1.002e+04)
[SoC Proxy] curtailment forecast: 71.43%
 ------------------------------------------------------- 
  
[Dispatch] running scenario Sensitivity_W_reps90
   
 ------------------------------------------------------- 
 ------------------------------------------------------- 
 ----- K-Medoid, reps=90, W_proxy=0.0  -----
 -----      9f135d6657d86400ab93      ----- 
 ------------------------------------------------------- 
[Model] Parameter json saved to SoC_proxy_TSA/data/parameters/9f135d6657d86400ab93.json
[TSA] Extracting features dataframe for 9f135d6657d86400ab93
[TSA]: Applying hierarchical clustering method, with medoidRepresentation representation.
[TSA] successfully applied. Results saved to SoC_proxy_TSA/data/cluster_maps/9f135d6657d86400ab93.csv.
[TSA] cluster completed in 0.75
[Calliope] Validating and Configuring Calliope model: 9f135d6657d86400ab93
[Calliope] Building Calliope model: 9f135d6657d86400ab93
[Calliope] Solving Calliope model: 9f135d6657d86400ab93
[Calliope] Solution saved to: SoC_proxy_TSA/data/calliope_models/9f135d6657d86400ab93.nc
 ------------------------------------------------------- 
 ----- K-Medoid, reps=90, SocDelta, W_proxy=0.25  -----
 -----      7bbd3f836564c8093bc3      ----- 
 ------------------------------------------------------- 
[Model] Parameter json saved to SoC_proxy_TSA/data/parameters/7bbd3f836564c8093bc3.json
[TSA] Extracting features dataframe for 7bbd3f836564c8093bc3
[SoC Proxy] Tuner: c*=0.741227 lost=0.000e+00 | margin=4.000% -> curtailment=0.711578
[SoC Proxy] ⚠ Warning: SoC Proxy severely non-cyclical (end-start = 1.118e+04)
[SoC Proxy] curtailment forecast: 71.16%
[TSA]: Applying hierarchical clustering method, with medoidRepresentation representation.
[TSA] successfully applied. Results saved to SoC_proxy_TSA/data/cluster_maps/7bbd3f836564c8093bc3.csv.
[TSA] cluster completed in 1.05
[Calliope] Validating and Configuring Calliope model: 7bbd3f836564c8093bc3
[Calliope] Building Calliope model: 7bbd3f836564c8093bc3
[Calliope] Solving Calliope model: 7bbd3f836564c8093bc3
[Calliope] Solution saved to: SoC_proxy_TSA/data/calliope_models/7bbd3f836564c8093bc3.nc
[SoC Proxy] Tuner: c*=0.747092 lost=0.000e+00 | margin=4.000% -> curtailment=0.717208
[SoC Proxy] curtailment forecast: 71.72%
 ------------------------------------------------------- 
 ----- K-Medoid, reps=90, SocDelta, W_proxy=0.5  -----
 -----      5c6529dbb5bcfeaace98      ----- 
 ------------------------------------------------------- 
[Model] Parameter json saved to SoC_proxy_TSA/data/parameters/5c6529dbb5bcfeaace98.json
[TSA] Extracting features dataframe for 5c6529dbb5bcfeaace98
[SoC Proxy] Tuner: c*=0.741227 lost=0.000e+00 | margin=4.000% -> curtailment=0.711578
[SoC Proxy] ⚠ Warning: SoC Proxy severely non-cyclical (end-start = 1.118e+04)
[SoC Proxy] curtailment forecast: 71.16%
[TSA]: Applying hierarchical clustering method, with medoidRepresentation representation.
[TSA] successfully applied. Results saved to SoC_proxy_TSA/data/cluster_maps/5c6529dbb5bcfeaace98.csv.
[TSA] cluster completed in 1.05
[Calliope] Validating and Configuring Calliope model: 5c6529dbb5bcfeaace98
[Calliope] Building Calliope model: 5c6529dbb5bcfeaace98
[Calliope] Solving Calliope model: 5c6529dbb5bcfeaace98
[Calliope] Solution saved to: SoC_proxy_TSA/data/calliope_models/5c6529dbb5bcfeaace98.nc
[SoC Proxy] Tuner: c*=0.750817 lost=0.000e+00 | margin=4.000% -> curtailment=0.720784
[SoC Proxy] ⚠ Warning: SoC Proxy severely non-cyclical (end-start = 1.195e+04)
[SoC Proxy] curtailment forecast: 72.08%
 ------------------------------------------------------- 
 ----- K-Medoid, reps=90, SocDelta, W_proxy=0.75  -----
 -----      a17d2b4acf28628ce0ab      ----- 
 ------------------------------------------------------- 
[Model] Parameter json saved to SoC_proxy_TSA/data/parameters/a17d2b4acf28628ce0ab.json
[TSA] Extracting features dataframe for a17d2b4acf28628ce0ab
[SoC Proxy] Tuner: c*=0.741227 lost=0.000e+00 | margin=4.000% -> curtailment=0.711578
[SoC Proxy] ⚠ Warning: SoC Proxy severely non-cyclical (end-start = 1.118e+04)
[SoC Proxy] curtailment forecast: 71.16%
[TSA]: Applying hierarchical clustering method, with medoidRepresentation representation.
[TSA] successfully applied. Results saved to SoC_proxy_TSA/data/cluster_maps/a17d2b4acf28628ce0ab.csv.
[TSA] cluster completed in 1.07
[Calliope] Validating and Configuring Calliope model: a17d2b4acf28628ce0ab
[Calliope] Building Calliope model: a17d2b4acf28628ce0ab
[Calliope] Solving Calliope model: a17d2b4acf28628ce0ab
[Calliope] Solution saved to: SoC_proxy_TSA/data/calliope_models/a17d2b4acf28628ce0ab.nc
[SoC Proxy] Tuner: c*=0.747879 lost=0.000e+00 | margin=4.000% -> curtailment=0.717964
[SoC Proxy] curtailment forecast: 71.80%
 ------------------------------------------------------- 
 ----- K-Medoid, reps=90, SocDelta, W_proxy=1  -----
 -----      24162f8712ef381f2e15      ----- 
 ------------------------------------------------------- 
[Model] Parameter json saved to SoC_proxy_TSA/data/parameters/24162f8712ef381f2e15.json
[TSA] Extracting features dataframe for 24162f8712ef381f2e15
[SoC Proxy] Tuner: c*=0.741227 lost=0.000e+00 | margin=4.000% -> curtailment=0.711578
[SoC Proxy] ⚠ Warning: SoC Proxy severely non-cyclical (end-start = 1.118e+04)
[SoC Proxy] curtailment forecast: 71.16%
[TSA]: Applying hierarchical clustering method, with medoidRepresentation representation.
weight of "solar" set to the minmal tolerable weighting
weight of "onshore_wind" set to the minmal tolerable weighting
weight of "offshore_wind" set to the minmal tolerable weighting
weight of "demand_power" set to the minmal tolerable weighting
[TSA] successfully applied. Results saved to SoC_proxy_TSA/data/cluster_maps/24162f8712ef381f2e15.csv.
[TSA] cluster completed in 1.04
[Calliope] Validating and Configuring Calliope model: 24162f8712ef381f2e15
[Calliope] Building Calliope model: 24162f8712ef381f2e15
[Calliope] Solving Calliope model: 24162f8712ef381f2e15
[Calliope] Solution saved to: SoC_proxy_TSA/data/calliope_models/24162f8712ef381f2e15.nc
[SoC Proxy] Tuner: c*=0.743918 lost=0.000e+00 | margin=4.000% -> curtailment=0.714161
[SoC Proxy] curtailment forecast: 71.42%
 ------------------------------------------------------- 
  
[Dispatch] running scenario Sensitivity_W_reps45
   
 ------------------------------------------------------- 
 ------------------------------------------------------- 
 ----- K-Medoid, reps=45, W_proxy=0.0  -----
 -----      42dfbfee9c5bc9d7b07c      ----- 
 ------------------------------------------------------- 
[Model] Parameter json saved to SoC_proxy_TSA/data/parameters/42dfbfee9c5bc9d7b07c.json
[TSA] Extracting features dataframe for 42dfbfee9c5bc9d7b07c
[TSA]: Applying hierarchical clustering method, with medoidRepresentation representation.
[TSA] successfully applied. Results saved to SoC_proxy_TSA/data/cluster_maps/42dfbfee9c5bc9d7b07c.csv.
[TSA] cluster completed in 0.74
[Calliope] Validating and Configuring Calliope model: 42dfbfee9c5bc9d7b07c
[Calliope] Building Calliope model: 42dfbfee9c5bc9d7b07c
[Calliope] Solving Calliope model: 42dfbfee9c5bc9d7b07c
[Calliope] Solution saved to: SoC_proxy_TSA/data/calliope_models/42dfbfee9c5bc9d7b07c.nc
 ------------------------------------------------------- 
 ----- K-Medoid, reps=45, SocDelta, W_proxy=0.25  -----
 -----      65cb723481497f6cbb51      ----- 
 ------------------------------------------------------- 
[Model] Parameter json saved to SoC_proxy_TSA/data/parameters/65cb723481497f6cbb51.json
[TSA] Extracting features dataframe for 65cb723481497f6cbb51
[SoC Proxy] Tuner: c*=0.738050 lost=0.000e+00 | margin=4.000% -> curtailment=0.708528
[SoC Proxy] curtailment forecast: 70.85%
[TSA]: Applying hierarchical clustering method, with medoidRepresentation representation.
[TSA] successfully applied. Results saved to SoC_proxy_TSA/data/cluster_maps/65cb723481497f6cbb51.csv.
[TSA] cluster completed in 1.04
[Calliope] Validating and Configuring Calliope model: 65cb723481497f6cbb51
[Calliope] Building Calliope model: 65cb723481497f6cbb51
[Calliope] Solving Calliope model: 65cb723481497f6cbb51
[Calliope] Solution saved to: SoC_proxy_TSA/data/calliope_models/65cb723481497f6cbb51.nc
[SoC Proxy] Tuner: c*=0.744001 lost=0.000e+00 | margin=4.000% -> curtailment=0.714241
[SoC Proxy] curtailment forecast: 71.42%
 ------------------------------------------------------- 
 ----- K-Medoid, reps=45, SocDelta, W_proxy=0.5  -----
 -----      df7fa2be488652a5e926      ----- 
 ------------------------------------------------------- 
[Model] Parameter json saved to SoC_proxy_TSA/data/parameters/df7fa2be488652a5e926.json
[TSA] Extracting features dataframe for df7fa2be488652a5e926
[SoC Proxy] Tuner: c*=0.738050 lost=0.000e+00 | margin=4.000% -> curtailment=0.708528
[SoC Proxy] curtailment forecast: 70.85%
[TSA]: Applying hierarchical clustering method, with medoidRepresentation representation.
[TSA] successfully applied. Results saved to SoC_proxy_TSA/data/cluster_maps/df7fa2be488652a5e926.csv.
[TSA] cluster completed in 1.13
[Calliope] Validating and Configuring Calliope model: df7fa2be488652a5e926
[Calliope] Building Calliope model: df7fa2be488652a5e926
[Calliope] Solving Calliope model: df7fa2be488652a5e926
[Calliope] Solution saved to: SoC_proxy_TSA/data/calliope_models/df7fa2be488652a5e926.nc
[SoC Proxy] Tuner: c*=0.739972 lost=0.000e+00 | margin=4.000% -> curtailment=0.710374
[SoC Proxy] curtailment forecast: 71.04%
 ------------------------------------------------------- 
 ----- K-Medoid, reps=45, SocDelta, W_proxy=0.75  -----
 -----      49d2ddf5356ffdeb507f      ----- 
 ------------------------------------------------------- 
[Model] Parameter json saved to SoC_proxy_TSA/data/parameters/49d2ddf5356ffdeb507f.json
[TSA] Extracting features dataframe for 49d2ddf5356ffdeb507f
[SoC Proxy] Tuner: c*=0.738050 lost=0.000e+00 | margin=4.000% -> curtailment=0.708528
[SoC Proxy] curtailment forecast: 70.85%
[TSA]: Applying hierarchical clustering method, with medoidRepresentation representation.
[TSA] successfully applied. Results saved to SoC_proxy_TSA/data/cluster_maps/49d2ddf5356ffdeb507f.csv.
[TSA] cluster completed in 1.10
[Calliope] Validating and Configuring Calliope model: 49d2ddf5356ffdeb507f
[Calliope] Building Calliope model: 49d2ddf5356ffdeb507f
[Calliope] Solving Calliope model: 49d2ddf5356ffdeb507f
[Calliope] Solution saved to: SoC_proxy_TSA/data/calliope_models/49d2ddf5356ffdeb507f.nc
[SoC Proxy] Tuner: c*=0.742407 lost=0.000e+00 | margin=4.000% -> curtailment=0.712711
[SoC Proxy] curtailment forecast: 71.27%
 ------------------------------------------------------- 
 ----- K-Medoid, reps=45, SocDelta, W_proxy=1  -----
 -----      cb7ae4b6a8cb5557c07c      ----- 
 ------------------------------------------------------- 
[Model] Parameter json saved to SoC_proxy_TSA/data/parameters/cb7ae4b6a8cb5557c07c.json
[TSA] Extracting features dataframe for cb7ae4b6a8cb5557c07c
[SoC Proxy] Tuner: c*=0.738050 lost=0.000e+00 | margin=4.000% -> curtailment=0.708528
[SoC Proxy] curtailment forecast: 70.85%
[TSA]: Applying hierarchical clustering method, with medoidRepresentation representation.
weight of "solar" set to the minmal tolerable weighting
weight of "onshore_wind" set to the minmal tolerable weighting
weight of "offshore_wind" set to the minmal tolerable weighting
weight of "demand_power" set to the minmal tolerable weighting
[TSA] successfully applied. Results saved to SoC_proxy_TSA/data/cluster_maps/cb7ae4b6a8cb5557c07c.csv.
[TSA] cluster completed in 1.07
[Calliope] Validating and Configuring Calliope model: cb7ae4b6a8cb5557c07c
[Calliope] Building Calliope model: cb7ae4b6a8cb5557c07c
[Calliope] Solving Calliope model: cb7ae4b6a8cb5557c07c
[Calliope] Solution saved to: SoC_proxy_TSA/data/calliope_models/cb7ae4b6a8cb5557c07c.nc
[SoC Proxy] Tuner: c*=0.732710 lost=0.000e+00 | margin=4.000% -> curtailment=0.703401
[SoC Proxy] curtailment forecast: 70.34%
 ------------------------------------------------------- 
  
[Dispatch] running scenario Sensitivity_W_reps60
   
 ------------------------------------------------------- 
 ------------------------------------------------------- 
 ----- K-Medoid, reps=60, W_proxy=0.0  -----
 -----      45276567368f9a7d9dcb      ----- 
 ------------------------------------------------------- 
[Model] Parameter json saved to SoC_proxy_TSA/data/parameters/45276567368f9a7d9dcb.json
[TSA] Extracting features dataframe for 45276567368f9a7d9dcb
[TSA]: Applying hierarchical clustering method, with medoidRepresentation representation.
[TSA] successfully applied. Results saved to SoC_proxy_TSA/data/cluster_maps/45276567368f9a7d9dcb.csv.
[TSA] cluster completed in 0.77
[Calliope] Validating and Configuring Calliope model: 45276567368f9a7d9dcb
[Calliope] Building Calliope model: 45276567368f9a7d9dcb
[Calliope] Solving Calliope model: 45276567368f9a7d9dcb
[Calliope] Solution saved to: SoC_proxy_TSA/data/calliope_models/45276567368f9a7d9dcb.nc
 ------------------------------------------------------- 
 ----- K-Medoid, reps=60, SocDelta, W_proxy=0.25  -----
 -----      200924705ed9656351f3      ----- 
 ------------------------------------------------------- 
[Model] Parameter json saved to SoC_proxy_TSA/data/parameters/200924705ed9656351f3.json
[TSA] Extracting features dataframe for 200924705ed9656351f3
[SoC Proxy] Tuner: c*=0.738050 lost=0.000e+00 | margin=4.000% -> curtailment=0.708528
[SoC Proxy] curtailment forecast: 70.85%
[TSA]: Applying hierarchical clustering method, with medoidRepresentation representation.
[TSA] successfully applied. Results saved to SoC_proxy_TSA/data/cluster_maps/200924705ed9656351f3.csv.
[TSA] cluster completed in 1.04
[Calliope] Validating and Configuring Calliope model: 200924705ed9656351f3
[Calliope] Building Calliope model: 200924705ed9656351f3
[Calliope] Solving Calliope model: 200924705ed9656351f3
[Calliope] Solution saved to: SoC_proxy_TSA/data/calliope_models/200924705ed9656351f3.nc
[SoC Proxy] Tuner: c*=0.739499 lost=0.000e+00 | margin=4.000% -> curtailment=0.709919
[SoC Proxy] curtailment forecast: 70.99%
 ------------------------------------------------------- 
 ----- K-Medoid, reps=60, SocDelta, W_proxy=0.5  -----
 -----      294b47e260fb78564602      ----- 
 ------------------------------------------------------- 
[Model] Parameter json saved to SoC_proxy_TSA/data/parameters/294b47e260fb78564602.json
[TSA] Extracting features dataframe for 294b47e260fb78564602
[SoC Proxy] Tuner: c*=0.738050 lost=0.000e+00 | margin=4.000% -> curtailment=0.708528
[SoC Proxy] curtailment forecast: 70.85%
[TSA]: Applying hierarchical clustering method, with medoidRepresentation representation.
[TSA] successfully applied. Results saved to SoC_proxy_TSA/data/cluster_maps/294b47e260fb78564602.csv.
[TSA] cluster completed in 1.10
[Calliope] Validating and Configuring Calliope model: 294b47e260fb78564602
[Calliope] Building Calliope model: 294b47e260fb78564602
[Calliope] Solving Calliope model: 294b47e260fb78564602
[Calliope] Solution saved to: SoC_proxy_TSA/data/calliope_models/294b47e260fb78564602.nc
[SoC Proxy] Tuner: c*=0.742877 lost=0.000e+00 | margin=4.000% -> curtailment=0.713162
[SoC Proxy] curtailment forecast: 71.32%
 ------------------------------------------------------- 
 ----- K-Medoid, reps=60, SocDelta, W_proxy=0.75  -----
 -----      afae8520fddef6cd992d      ----- 
 ------------------------------------------------------- 
[Model] Parameter json saved to SoC_proxy_TSA/data/parameters/afae8520fddef6cd992d.json
[TSA] Extracting features dataframe for afae8520fddef6cd992d
[SoC Proxy] Tuner: c*=0.738050 lost=0.000e+00 | margin=4.000% -> curtailment=0.708528
[SoC Proxy] curtailment forecast: 70.85%
[TSA]: Applying hierarchical clustering method, with medoidRepresentation representation.
[TSA] successfully applied. Results saved to SoC_proxy_TSA/data/cluster_maps/afae8520fddef6cd992d.csv.
[TSA] cluster completed in 1.12
[Calliope] Validating and Configuring Calliope model: afae8520fddef6cd992d
[Calliope] Building Calliope model: afae8520fddef6cd992d
[Calliope] Solving Calliope model: afae8520fddef6cd992d
[Calliope] Solution saved to: SoC_proxy_TSA/data/calliope_models/afae8520fddef6cd992d.nc
[SoC Proxy] Tuner: c*=0.742118 lost=0.000e+00 | margin=4.000% -> curtailment=0.712433
[SoC Proxy] curtailment forecast: 71.24%
 ------------------------------------------------------- 
 ----- K-Medoid, reps=60, SocDelta, W_proxy=1  -----
 -----      aa0353d3483cee69553d      ----- 
 ------------------------------------------------------- 
[Model] Parameter json saved to SoC_proxy_TSA/data/parameters/aa0353d3483cee69553d.json
[TSA] Extracting features dataframe for aa0353d3483cee69553d
[SoC Proxy] Tuner: c*=0.738050 lost=0.000e+00 | margin=4.000% -> curtailment=0.708528
[SoC Proxy] curtailment forecast: 70.85%
[TSA]: Applying hierarchical clustering method, with medoidRepresentation representation.
weight of "solar" set to the minmal tolerable weighting
weight of "onshore_wind" set to the minmal tolerable weighting
weight of "offshore_wind" set to the minmal tolerable weighting
weight of "demand_power" set to the minmal tolerable weighting
[TSA] successfully applied. Results saved to SoC_proxy_TSA/data/cluster_maps/aa0353d3483cee69553d.csv.
[TSA] cluster completed in 1.03
[Calliope] Validating and Configuring Calliope model: aa0353d3483cee69553d
[Calliope] Building Calliope model: aa0353d3483cee69553d
[Calliope] Solving Calliope model: aa0353d3483cee69553d
[Calliope] Solution saved to: SoC_proxy_TSA/data/calliope_models/aa0353d3483cee69553d.nc
[SoC Proxy] Tuner: c*=0.741636 lost=0.000e+00 | margin=4.000% -> curtailment=0.711971
[SoC Proxy] curtailment forecast: 71.20%
 ------------------------------------------------------- 
  
[Dispatch] running scenario Sensitivity_W_reps90
   
 ------------------------------------------------------- 
 ------------------------------------------------------- 
 ----- K-Medoid, reps=90, W_proxy=0.0  -----
 -----      797489e7ce0f1640fa2d      ----- 
 ------------------------------------------------------- 
[Model] Parameter json saved to SoC_proxy_TSA/data/parameters/797489e7ce0f1640fa2d.json
[TSA] Extracting features dataframe for 797489e7ce0f1640fa2d
[TSA]: Applying hierarchical clustering method, with medoidRepresentation representation.
[TSA] successfully applied. Results saved to SoC_proxy_TSA/data/cluster_maps/797489e7ce0f1640fa2d.csv.
[TSA] cluster completed in 0.76
[Calliope] Validating and Configuring Calliope model: 797489e7ce0f1640fa2d
[Calliope] Building Calliope model: 797489e7ce0f1640fa2d
[Calliope] Solving Calliope model: 797489e7ce0f1640fa2d
[Calliope] Solution saved to: SoC_proxy_TSA/data/calliope_models/797489e7ce0f1640fa2d.nc
 ------------------------------------------------------- 
 ----- K-Medoid, reps=90, SocDelta, W_proxy=0.25  -----
 -----      c73a5142eab80f4fe395      ----- 
 ------------------------------------------------------- 
[Model] Parameter json saved to SoC_proxy_TSA/data/parameters/c73a5142eab80f4fe395.json
[TSA] Extracting features dataframe for c73a5142eab80f4fe395
[SoC Proxy] Tuner: c*=0.738050 lost=0.000e+00 | margin=4.000% -> curtailment=0.708528
[SoC Proxy] curtailment forecast: 70.85%
[TSA]: Applying hierarchical clustering method, with medoidRepresentation representation.
[TSA] successfully applied. Results saved to SoC_proxy_TSA/data/cluster_maps/c73a5142eab80f4fe395.csv.
[TSA] cluster completed in 1.08
[Calliope] Validating and Configuring Calliope model: c73a5142eab80f4fe395
[Calliope] Building Calliope model: c73a5142eab80f4fe395
[Calliope] Solving Calliope model: c73a5142eab80f4fe395
[Calliope] Solution saved to: SoC_proxy_TSA/data/calliope_models/c73a5142eab80f4fe395.nc
[SoC Proxy] Tuner: c*=0.740170 lost=0.000e+00 | margin=4.000% -> curtailment=0.710563
[SoC Proxy] curtailment forecast: 71.06%
 ------------------------------------------------------- 
 ----- K-Medoid, reps=90, SocDelta, W_proxy=0.5  -----
 -----      fa26ae36c46b867063c0      ----- 
 ------------------------------------------------------- 
[Model] Parameter json saved to SoC_proxy_TSA/data/parameters/fa26ae36c46b867063c0.json
[TSA] Extracting features dataframe for fa26ae36c46b867063c0
[SoC Proxy] Tuner: c*=0.738050 lost=0.000e+00 | margin=4.000% -> curtailment=0.708528
[SoC Proxy] curtailment forecast: 70.85%
[TSA]: Applying hierarchical clustering method, with medoidRepresentation representation.
[TSA] successfully applied. Results saved to SoC_proxy_TSA/data/cluster_maps/fa26ae36c46b867063c0.csv.
[TSA] cluster completed in 1.09
[Calliope] Validating and Configuring Calliope model: fa26ae36c46b867063c0
[Calliope] Building Calliope model: fa26ae36c46b867063c0
[Calliope] Solving Calliope model: fa26ae36c46b867063c0
[Calliope] Solution saved to: SoC_proxy_TSA/data/calliope_models/fa26ae36c46b867063c0.nc
[SoC Proxy] Tuner: c*=0.742139 lost=0.000e+00 | margin=4.000% -> curtailment=0.712453
[SoC Proxy] curtailment forecast: 71.25%
 ------------------------------------------------------- 
 ----- K-Medoid, reps=90, SocDelta, W_proxy=0.75  -----
 -----      795c4abf35182f1c7056      ----- 
 ------------------------------------------------------- 
[Model] Parameter json saved to SoC_proxy_TSA/data/parameters/795c4abf35182f1c7056.json
[TSA] Extracting features dataframe for 795c4abf35182f1c7056
[SoC Proxy] Tuner: c*=0.738050 lost=0.000e+00 | margin=4.000% -> curtailment=0.708528
[SoC Proxy] curtailment forecast: 70.85%
[TSA]: Applying hierarchical clustering method, with medoidRepresentation representation.
[TSA] successfully applied. Results saved to SoC_proxy_TSA/data/cluster_maps/795c4abf35182f1c7056.csv.
[TSA] cluster completed in 1.09
[Calliope] Validating and Configuring Calliope model: 795c4abf35182f1c7056
[Calliope] Building Calliope model: 795c4abf35182f1c7056
[Calliope] Solving Calliope model: 795c4abf35182f1c7056
[Calliope] Solution saved to: SoC_proxy_TSA/data/calliope_models/795c4abf35182f1c7056.nc
[SoC Proxy] Tuner: c*=0.743042 lost=0.000e+00 | margin=4.000% -> curtailment=0.713320
[SoC Proxy] curtailment forecast: 71.33%
 ------------------------------------------------------- 
 ----- K-Medoid, reps=90, SocDelta, W_proxy=1  -----
 -----      d6df5d91ea58f2598633      ----- 
 ------------------------------------------------------- 
[Model] Parameter json saved to SoC_proxy_TSA/data/parameters/d6df5d91ea58f2598633.json
[TSA] Extracting features dataframe for d6df5d91ea58f2598633
[SoC Proxy] Tuner: c*=0.738050 lost=0.000e+00 | margin=4.000% -> curtailment=0.708528
[SoC Proxy] curtailment forecast: 70.85%
[TSA]: Applying hierarchical clustering method, with medoidRepresentation representation.
weight of "solar" set to the minmal tolerable weighting
weight of "onshore_wind" set to the minmal tolerable weighting
weight of "offshore_wind" set to the minmal tolerable weighting
weight of "demand_power" set to the minmal tolerable weighting
[TSA] successfully applied. Results saved to SoC_proxy_TSA/data/cluster_maps/d6df5d91ea58f2598633.csv.
[TSA] cluster completed in 1.05
[Calliope] Validating and Configuring Calliope model: d6df5d91ea58f2598633
[Calliope] Building Calliope model: d6df5d91ea58f2598633
[Calliope] Solving Calliope model: d6df5d91ea58f2598633
[Calliope] Solution saved to: SoC_proxy_TSA/data/calliope_models/d6df5d91ea58f2598633.nc
[SoC Proxy] Tuner: c*=0.747056 lost=0.000e+00 | margin=4.000% -> curtailment=0.717174
[SoC Proxy] curtailment forecast: 71.72%
 ------------------------------------------------------- 
  
[Dispatch] running scenario Sensitivity_W_reps45
   
 ------------------------------------------------------- 
 ------------------------------------------------------- 
 ----- K-Medoid, reps=45, W_proxy=0.0  -----
 -----      fa172a28f52c33ed1203      ----- 
 ------------------------------------------------------- 
[Model] Parameter json saved to SoC_proxy_TSA/data/parameters/fa172a28f52c33ed1203.json
[TSA] Extracting features dataframe for fa172a28f52c33ed1203
[TSA]: Applying hierarchical clustering method, with medoidRepresentation representation.
[TSA] successfully applied. Results saved to SoC_proxy_TSA/data/cluster_maps/fa172a28f52c33ed1203.csv.
[TSA] cluster completed in 0.72
[Calliope] Validating and Configuring Calliope model: fa172a28f52c33ed1203
[Calliope] Building Calliope model: fa172a28f52c33ed1203
[Calliope] Solving Calliope model: fa172a28f52c33ed1203
[Calliope] Solution saved to: SoC_proxy_TSA/data/calliope_models/fa172a28f52c33ed1203.nc
 ------------------------------------------------------- 
 ----- K-Medoid, reps=45, SocDelta, W_proxy=0.25  -----
 -----      eb587be18db0acf6e6e5      ----- 
 ------------------------------------------------------- 
[Model] Parameter json saved to SoC_proxy_TSA/data/parameters/eb587be18db0acf6e6e5.json
[TSA] Extracting features dataframe for eb587be18db0acf6e6e5
[SoC Proxy] Tuner: c*=0.743984 lost=0.000e+00 | margin=4.000% -> curtailment=0.714224
[SoC Proxy] curtailment forecast: 71.42%
[TSA]: Applying hierarchical clustering method, with medoidRepresentation representation.
[TSA] successfully applied. Results saved to SoC_proxy_TSA/data/cluster_maps/eb587be18db0acf6e6e5.csv.
[TSA] cluster completed in 1.08
[Calliope] Validating and Configuring Calliope model: eb587be18db0acf6e6e5
[Calliope] Building Calliope model: eb587be18db0acf6e6e5
[Calliope] Solving Calliope model: eb587be18db0acf6e6e5
[Calliope] Solution saved to: SoC_proxy_TSA/data/calliope_models/eb587be18db0acf6e6e5.nc
[SoC Proxy] Tuner: c*=0.750528 lost=0.000e+00 | margin=4.000% -> curtailment=0.720507
[SoC Proxy] curtailment forecast: 72.05%
 ------------------------------------------------------- 
 ----- K-Medoid, reps=45, SocDelta, W_proxy=0.5  -----
 -----      4be62e8b4b9978a64726      ----- 
 ------------------------------------------------------- 
[Model] Parameter json saved to SoC_proxy_TSA/data/parameters/4be62e8b4b9978a64726.json
[TSA] Extracting features dataframe for 4be62e8b4b9978a64726
[SoC Proxy] Tuner: c*=0.743984 lost=0.000e+00 | margin=4.000% -> curtailment=0.714224
[SoC Proxy] curtailment forecast: 71.42%
[TSA]: Applying hierarchical clustering method, with medoidRepresentation representation.
[TSA] successfully applied. Results saved to SoC_proxy_TSA/data/cluster_maps/4be62e8b4b9978a64726.csv.
[TSA] cluster completed in 1.07
[Calliope] Validating and Configuring Calliope model: 4be62e8b4b9978a64726
[Calliope] Building Calliope model: 4be62e8b4b9978a64726
[Calliope] Solving Calliope model: 4be62e8b4b9978a64726
[Calliope] Solution saved to: SoC_proxy_TSA/data/calliope_models/4be62e8b4b9978a64726.nc
[SoC Proxy] Tuner: c*=0.745037 lost=0.000e+00 | margin=4.000% -> curtailment=0.715236
[SoC Proxy] curtailment forecast: 71.52%
 ------------------------------------------------------- 
 ----- K-Medoid, reps=45, SocDelta, W_proxy=0.75  -----
 -----      f50c920d6af30882bf47      ----- 
 ------------------------------------------------------- 
[Model] Parameter json saved to SoC_proxy_TSA/data/parameters/f50c920d6af30882bf47.json
[TSA] Extracting features dataframe for f50c920d6af30882bf47
[SoC Proxy] Tuner: c*=0.743984 lost=0.000e+00 | margin=4.000% -> curtailment=0.714224
[SoC Proxy] curtailment forecast: 71.42%
[TSA]: Applying hierarchical clustering method, with medoidRepresentation representation.
[TSA] successfully applied. Results saved to SoC_proxy_TSA/data/cluster_maps/f50c920d6af30882bf47.csv.
[TSA] cluster completed in 1.08
[Calliope] Validating and Configuring Calliope model: f50c920d6af30882bf47
[Calliope] Building Calliope model: f50c920d6af30882bf47
[Calliope] Solving Calliope model: f50c920d6af30882bf47
[Calliope] Solution saved to: SoC_proxy_TSA/data/calliope_models/f50c920d6af30882bf47.nc
[SoC Proxy] Tuner: c*=0.756808 lost=0.000e+00 | margin=4.000% -> curtailment=0.726536
[SoC Proxy] curtailment forecast: 72.65%
 ------------------------------------------------------- 
 ----- K-Medoid, reps=45, SocDelta, W_proxy=1  -----
 -----      2ca8f9248543668cc90a      ----- 
 ------------------------------------------------------- 
[Model] Parameter json saved to SoC_proxy_TSA/data/parameters/2ca8f9248543668cc90a.json
[TSA] Extracting features dataframe for 2ca8f9248543668cc90a
[SoC Proxy] Tuner: c*=0.743984 lost=0.000e+00 | margin=4.000% -> curtailment=0.714224
[SoC Proxy] curtailment forecast: 71.42%
[TSA]: Applying hierarchical clustering method, with medoidRepresentation representation.
weight of "solar" set to the minmal tolerable weighting
weight of "onshore_wind" set to the minmal tolerable weighting
weight of "offshore_wind" set to the minmal tolerable weighting
weight of "demand_power" set to the minmal tolerable weighting
[TSA] successfully applied. Results saved to SoC_proxy_TSA/data/cluster_maps/2ca8f9248543668cc90a.csv.
[TSA] cluster completed in 1.05
[Calliope] Validating and Configuring Calliope model: 2ca8f9248543668cc90a
[Calliope] Building Calliope model: 2ca8f9248543668cc90a
[Calliope] Solving Calliope model: 2ca8f9248543668cc90a
[Calliope] Solution saved to: SoC_proxy_TSA/data/calliope_models/2ca8f9248543668cc90a.nc
[SoC Proxy] Tuner: c*=0.734088 lost=0.000e+00 | margin=4.000% -> curtailment=0.704724
[SoC Proxy] curtailment forecast: 70.47%
 ------------------------------------------------------- 
  
[Dispatch] running scenario Sensitivity_W_reps60
   
 ------------------------------------------------------- 
 ------------------------------------------------------- 
 ----- K-Medoid, reps=60, W_proxy=0.0  -----
 -----      4151775cf763a6492278      ----- 
 ------------------------------------------------------- 
[Model] Parameter json saved to SoC_proxy_TSA/data/parameters/4151775cf763a6492278.json
[TSA] Extracting features dataframe for 4151775cf763a6492278
[TSA]: Applying hierarchical clustering method, with medoidRepresentation representation.
[TSA] successfully applied. Results saved to SoC_proxy_TSA/data/cluster_maps/4151775cf763a6492278.csv.
[TSA] cluster completed in 0.77
[Calliope] Validating and Configuring Calliope model: 4151775cf763a6492278
[Calliope] Building Calliope model: 4151775cf763a6492278
[Calliope] Solving Calliope model: 4151775cf763a6492278
[Calliope] Solution saved to: SoC_proxy_TSA/data/calliope_models/4151775cf763a6492278.nc
 ------------------------------------------------------- 
 ----- K-Medoid, reps=60, SocDelta, W_proxy=0.25  -----
 -----      9781b95137b7897d9c21      ----- 
 ------------------------------------------------------- 
[Model] Parameter json saved to SoC_proxy_TSA/data/parameters/9781b95137b7897d9c21.json
[TSA] Extracting features dataframe for 9781b95137b7897d9c21
[SoC Proxy] Tuner: c*=0.743984 lost=0.000e+00 | margin=4.000% -> curtailment=0.714224
[SoC Proxy] curtailment forecast: 71.42%
[TSA]: Applying hierarchical clustering method, with medoidRepresentation representation.
[TSA] successfully applied. Results saved to SoC_proxy_TSA/data/cluster_maps/9781b95137b7897d9c21.csv.
[TSA] cluster completed in 1.09
[Calliope] Validating and Configuring Calliope model: 9781b95137b7897d9c21
[Calliope] Building Calliope model: 9781b95137b7897d9c21
[Calliope] Solving Calliope model: 9781b95137b7897d9c21
[Calliope] Solution saved to: SoC_proxy_TSA/data/calliope_models/9781b95137b7897d9c21.nc
[SoC Proxy] Tuner: c*=0.749498 lost=0.000e+00 | margin=4.000% -> curtailment=0.719518
[SoC Proxy] curtailment forecast: 71.95%
 ------------------------------------------------------- 
 ----- K-Medoid, reps=60, SocDelta, W_proxy=0.5  -----
 -----      5b26bee76c7fcb4637ba      ----- 
 ------------------------------------------------------- 
[Model] Parameter json saved to SoC_proxy_TSA/data/parameters/5b26bee76c7fcb4637ba.json
[TSA] Extracting features dataframe for 5b26bee76c7fcb4637ba
[SoC Proxy] Tuner: c*=0.743984 lost=0.000e+00 | margin=4.000% -> curtailment=0.714224
[SoC Proxy] curtailment forecast: 71.42%
[TSA]: Applying hierarchical clustering method, with medoidRepresentation representation.
[TSA] successfully applied. Results saved to SoC_proxy_TSA/data/cluster_maps/5b26bee76c7fcb4637ba.csv.
[TSA] cluster completed in 1.07
[Calliope] Validating and Configuring Calliope model: 5b26bee76c7fcb4637ba
[Calliope] Building Calliope model: 5b26bee76c7fcb4637ba
[Calliope] Solving Calliope model: 5b26bee76c7fcb4637ba
[Calliope] Solution saved to: SoC_proxy_TSA/data/calliope_models/5b26bee76c7fcb4637ba.nc
[SoC Proxy] Tuner: c*=0.745237 lost=0.000e+00 | margin=4.000% -> curtailment=0.715427
[SoC Proxy] curtailment forecast: 71.54%
 ------------------------------------------------------- 
 ----- K-Medoid, reps=60, SocDelta, W_proxy=0.75  -----
 -----      faf9bc777dfdd8b716e9      ----- 
 ------------------------------------------------------- 
[Model] Parameter json saved to SoC_proxy_TSA/data/parameters/faf9bc777dfdd8b716e9.json
[TSA] Extracting features dataframe for faf9bc777dfdd8b716e9
[SoC Proxy] Tuner: c*=0.743984 lost=0.000e+00 | margin=4.000% -> curtailment=0.714224
[SoC Proxy] curtailment forecast: 71.42%
[TSA]: Applying hierarchical clustering method, with medoidRepresentation representation.
[TSA] successfully applied. Results saved to SoC_proxy_TSA/data/cluster_maps/faf9bc777dfdd8b716e9.csv.
[TSA] cluster completed in 1.07
[Calliope] Validating and Configuring Calliope model: faf9bc777dfdd8b716e9
[Calliope] Building Calliope model: faf9bc777dfdd8b716e9
[Calliope] Solving Calliope model: faf9bc777dfdd8b716e9
[Calliope] Solution saved to: SoC_proxy_TSA/data/calliope_models/faf9bc777dfdd8b716e9.nc
[SoC Proxy] Tuner: c*=0.749695 lost=0.000e+00 | margin=4.000% -> curtailment=0.719707
[SoC Proxy] curtailment forecast: 71.97%
 ------------------------------------------------------- 
 ----- K-Medoid, reps=60, SocDelta, W_proxy=1  -----
 -----      8be1b942b3fcd5668909      ----- 
 ------------------------------------------------------- 
[Model] Parameter json saved to SoC_proxy_TSA/data/parameters/8be1b942b3fcd5668909.json
[TSA] Extracting features dataframe for 8be1b942b3fcd5668909
[SoC Proxy] Tuner: c*=0.743984 lost=0.000e+00 | margin=4.000% -> curtailment=0.714224
[SoC Proxy] curtailment forecast: 71.42%
[TSA]: Applying hierarchical clustering method, with medoidRepresentation representation.
weight of "solar" set to the minmal tolerable weighting
weight of "onshore_wind" set to the minmal tolerable weighting
weight of "offshore_wind" set to the minmal tolerable weighting
weight of "demand_power" set to the minmal tolerable weighting
[TSA] successfully applied. Results saved to SoC_proxy_TSA/data/cluster_maps/8be1b942b3fcd5668909.csv.
[TSA] cluster completed in 1.08
[Calliope] Validating and Configuring Calliope model: 8be1b942b3fcd5668909
[Calliope] Building Calliope model: 8be1b942b3fcd5668909
[Calliope] Solving Calliope model: 8be1b942b3fcd5668909
[Calliope] Solution saved to: SoC_proxy_TSA/data/calliope_models/8be1b942b3fcd5668909.nc
[SoC Proxy] Tuner: c*=0.730944 lost=0.000e+00 | margin=4.000% -> curtailment=0.701707
[SoC Proxy] curtailment forecast: 70.17%
 ------------------------------------------------------- 
  
[Dispatch] running scenario Sensitivity_W_reps90
   
 ------------------------------------------------------- 
 ------------------------------------------------------- 
 ----- K-Medoid, reps=90, W_proxy=0.0  -----
 -----      626213805f015d71a85a      ----- 
 ------------------------------------------------------- 
[Model] Parameter json saved to SoC_proxy_TSA/data/parameters/626213805f015d71a85a.json
[TSA] Extracting features dataframe for 626213805f015d71a85a
[TSA]: Applying hierarchical clustering method, with medoidRepresentation representation.
[TSA] successfully applied. Results saved to SoC_proxy_TSA/data/cluster_maps/626213805f015d71a85a.csv.
[TSA] cluster completed in 0.77
[Calliope] Validating and Configuring Calliope model: 626213805f015d71a85a
[Calliope] Building Calliope model: 626213805f015d71a85a
[Calliope] Solving Calliope model: 626213805f015d71a85a
[Calliope] Solution saved to: SoC_proxy_TSA/data/calliope_models/626213805f015d71a85a.nc
 ------------------------------------------------------- 
 ----- K-Medoid, reps=90, SocDelta, W_proxy=0.25  -----
 -----      6734bb772ff9e4e66757      ----- 
 ------------------------------------------------------- 
[Model] Parameter json saved to SoC_proxy_TSA/data/parameters/6734bb772ff9e4e66757.json
[TSA] Extracting features dataframe for 6734bb772ff9e4e66757
[SoC Proxy] Tuner: c*=0.743984 lost=0.000e+00 | margin=4.000% -> curtailment=0.714224
[SoC Proxy] curtailment forecast: 71.42%
[TSA]: Applying hierarchical clustering method, with medoidRepresentation representation.
[TSA] successfully applied. Results saved to SoC_proxy_TSA/data/cluster_maps/6734bb772ff9e4e66757.csv.
[TSA] cluster completed in 1.10
[Calliope] Validating and Configuring Calliope model: 6734bb772ff9e4e66757
[Calliope] Building Calliope model: 6734bb772ff9e4e66757
[Calliope] Solving Calliope model: 6734bb772ff9e4e66757
[Calliope] Solution saved to: SoC_proxy_TSA/data/calliope_models/6734bb772ff9e4e66757.nc
[SoC Proxy] Tuner: c*=0.748748 lost=0.000e+00 | margin=4.000% -> curtailment=0.718799
[SoC Proxy] ⚠ Warning: SoC Proxy severely non-cyclical (end-start = -1.082e+04)
[SoC Proxy] curtailment forecast: 71.88%
 ------------------------------------------------------- 
 ----- K-Medoid, reps=90, SocDelta, W_proxy=0.5  -----
 -----      24980befc416628d7e00      ----- 
 ------------------------------------------------------- 
[Model] Parameter json saved to SoC_proxy_TSA/data/parameters/24980befc416628d7e00.json
[TSA] Extracting features dataframe for 24980befc416628d7e00
[SoC Proxy] Tuner: c*=0.743984 lost=0.000e+00 | margin=4.000% -> curtailment=0.714224
[SoC Proxy] curtailment forecast: 71.42%
[TSA]: Applying hierarchical clustering method, with medoidRepresentation representation.
[TSA] successfully applied. Results saved to SoC_proxy_TSA/data/cluster_maps/24980befc416628d7e00.csv.
[TSA] cluster completed in 1.06
[Calliope] Validating and Configuring Calliope model: 24980befc416628d7e00
[Calliope] Building Calliope model: 24980befc416628d7e00
[Calliope] Solving Calliope model: 24980befc416628d7e00
[Calliope] Solution saved to: SoC_proxy_TSA/data/calliope_models/24980befc416628d7e00.nc
[SoC Proxy] Tuner: c*=0.746634 lost=0.000e+00 | margin=4.000% -> curtailment=0.716769
[SoC Proxy] curtailment forecast: 71.68%
 ------------------------------------------------------- 
 ----- K-Medoid, reps=90, SocDelta, W_proxy=0.75  -----
 -----      84a47dbcb80376c4738f      ----- 
 ------------------------------------------------------- 
[Model] Parameter json saved to SoC_proxy_TSA/data/parameters/84a47dbcb80376c4738f.json
[TSA] Extracting features dataframe for 84a47dbcb80376c4738f
[SoC Proxy] Tuner: c*=0.743984 lost=0.000e+00 | margin=4.000% -> curtailment=0.714224
[SoC Proxy] curtailment forecast: 71.42%
[TSA]: Applying hierarchical clustering method, with medoidRepresentation representation.
[TSA] successfully applied. Results saved to SoC_proxy_TSA/data/cluster_maps/84a47dbcb80376c4738f.csv.
[TSA] cluster completed in 1.04
[Calliope] Validating and Configuring Calliope model: 84a47dbcb80376c4738f
[Calliope] Building Calliope model: 84a47dbcb80376c4738f
[Calliope] Solving Calliope model: 84a47dbcb80376c4738f
[Calliope] Solution saved to: SoC_proxy_TSA/data/calliope_models/84a47dbcb80376c4738f.nc
[SoC Proxy] Tuner: c*=0.747589 lost=0.000e+00 | margin=4.000% -> curtailment=0.717686
[SoC Proxy] curtailment forecast: 71.77%
 ------------------------------------------------------- 
 ----- K-Medoid, reps=90, SocDelta, W_proxy=1  -----
 -----      47cb46942fbddebe037c      ----- 
 ------------------------------------------------------- 
[Model] Parameter json saved to SoC_proxy_TSA/data/parameters/47cb46942fbddebe037c.json
[TSA] Extracting features dataframe for 47cb46942fbddebe037c
[SoC Proxy] Tuner: c*=0.743984 lost=0.000e+00 | margin=4.000% -> curtailment=0.714224
[SoC Proxy] curtailment forecast: 71.42%
[TSA]: Applying hierarchical clustering method, with medoidRepresentation representation.
weight of "solar" set to the minmal tolerable weighting
weight of "onshore_wind" set to the minmal tolerable weighting
weight of "offshore_wind" set to the minmal tolerable weighting
weight of "demand_power" set to the minmal tolerable weighting
[TSA] successfully applied. Results saved to SoC_proxy_TSA/data/cluster_maps/47cb46942fbddebe037c.csv.
[TSA] cluster completed in 1.09
[Calliope] Validating and Configuring Calliope model: 47cb46942fbddebe037c
[Calliope] Building Calliope model: 47cb46942fbddebe037c
[Calliope] Solving Calliope model: 47cb46942fbddebe037c
[Calliope] Solution saved to: SoC_proxy_TSA/data/calliope_models/47cb46942fbddebe037c.nc
[SoC Proxy] Tuner: c*=0.738368 lost=0.000e+00 | margin=4.000% -> curtailment=0.708834
[SoC Proxy] curtailment forecast: 70.88%
 ------------------------------------------------------- 
  
[Dispatch] running scenario Sensitivity_W_reps45
   
 ------------------------------------------------------- 
 ------------------------------------------------------- 
 ----- K-Medoid, reps=45, W_proxy=0.0  -----
 -----      4aaf304c780f7d36a7cb      ----- 
 ------------------------------------------------------- 
[Model] Parameter json saved to SoC_proxy_TSA/data/parameters/4aaf304c780f7d36a7cb.json
[TSA] Extracting features dataframe for 4aaf304c780f7d36a7cb
[TSA]: Applying hierarchical clustering method, with medoidRepresentation representation.
[TSA] successfully applied. Results saved to SoC_proxy_TSA/data/cluster_maps/4aaf304c780f7d36a7cb.csv.
[TSA] cluster completed in 0.74
[Calliope] Validating and Configuring Calliope model: 4aaf304c780f7d36a7cb
[Calliope] Building Calliope model: 4aaf304c780f7d36a7cb
[Calliope] Solving Calliope model: 4aaf304c780f7d36a7cb
[Calliope] Solution saved to: SoC_proxy_TSA/data/calliope_models/4aaf304c780f7d36a7cb.nc
 ------------------------------------------------------- 
 ----- K-Medoid, reps=45, SocDelta, W_proxy=0.25  -----
 -----      70cc6738d7783a398cee      ----- 
 ------------------------------------------------------- 
[Model] Parameter json saved to SoC_proxy_TSA/data/parameters/70cc6738d7783a398cee.json
[TSA] Extracting features dataframe for 70cc6738d7783a398cee
[SoC Proxy] Tuner: c*=0.742635 lost=0.000e+00 | margin=4.000% -> curtailment=0.712930
[SoC Proxy] curtailment forecast: 71.29%
[TSA]: Applying hierarchical clustering method, with medoidRepresentation representation.
[TSA] successfully applied. Results saved to SoC_proxy_TSA/data/cluster_maps/70cc6738d7783a398cee.csv.
[TSA] cluster completed in 1.05
[Calliope] Validating and Configuring Calliope model: 70cc6738d7783a398cee
[Calliope] Building Calliope model: 70cc6738d7783a398cee
[Calliope] Solving Calliope model: 70cc6738d7783a398cee
[Calliope] Solution saved to: SoC_proxy_TSA/data/calliope_models/70cc6738d7783a398cee.nc
[SoC Proxy] Tuner: c*=0.745470 lost=0.000e+00 | margin=4.000% -> curtailment=0.715652
[SoC Proxy] curtailment forecast: 71.57%
 ------------------------------------------------------- 
 ----- K-Medoid, reps=45, SocDelta, W_proxy=0.5  -----
 -----      114930ce21eccbda703d      ----- 
 ------------------------------------------------------- 
[Model] Parameter json saved to SoC_proxy_TSA/data/parameters/114930ce21eccbda703d.json
[TSA] Extracting features dataframe for 114930ce21eccbda703d
[SoC Proxy] Tuner: c*=0.742635 lost=0.000e+00 | margin=4.000% -> curtailment=0.712930
[SoC Proxy] curtailment forecast: 71.29%
[TSA]: Applying hierarchical clustering method, with medoidRepresentation representation.
[TSA] successfully applied. Results saved to SoC_proxy_TSA/data/cluster_maps/114930ce21eccbda703d.csv.
[TSA] cluster completed in 1.10
[Calliope] Validating and Configuring Calliope model: 114930ce21eccbda703d
[Calliope] Building Calliope model: 114930ce21eccbda703d
[Calliope] Solving Calliope model: 114930ce21eccbda703d
[Calliope] Solution saved to: SoC_proxy_TSA/data/calliope_models/114930ce21eccbda703d.nc
[SoC Proxy] Tuner: c*=0.745536 lost=0.000e+00 | margin=4.000% -> curtailment=0.715715
[SoC Proxy] curtailment forecast: 71.57%
 ------------------------------------------------------- 
 ----- K-Medoid, reps=45, SocDelta, W_proxy=0.75  -----
 -----      2ff8e6074f113ed54f93      ----- 
 ------------------------------------------------------- 
[Model] Parameter json saved to SoC_proxy_TSA/data/parameters/2ff8e6074f113ed54f93.json
[TSA] Extracting features dataframe for 2ff8e6074f113ed54f93
[SoC Proxy] Tuner: c*=0.742635 lost=0.000e+00 | margin=4.000% -> curtailment=0.712930
[SoC Proxy] curtailment forecast: 71.29%
[TSA]: Applying hierarchical clustering method, with medoidRepresentation representation.
[TSA] successfully applied. Results saved to SoC_proxy_TSA/data/cluster_maps/2ff8e6074f113ed54f93.csv.
[TSA] cluster completed in 1.08
[Calliope] Validating and Configuring Calliope model: 2ff8e6074f113ed54f93
[Calliope] Building Calliope model: 2ff8e6074f113ed54f93
[Calliope] Solving Calliope model: 2ff8e6074f113ed54f93
[Calliope] Solution saved to: SoC_proxy_TSA/data/calliope_models/2ff8e6074f113ed54f93.nc
[SoC Proxy] Tuner: c*=0.743257 lost=0.000e+00 | margin=4.000% -> curtailment=0.713526
[SoC Proxy] curtailment forecast: 71.35%
 ------------------------------------------------------- 
 ----- K-Medoid, reps=45, SocDelta, W_proxy=1  -----
 -----      09ee3cec3b5011be5ef6      ----- 
 ------------------------------------------------------- 
[Model] Parameter json saved to SoC_proxy_TSA/data/parameters/09ee3cec3b5011be5ef6.json
[TSA] Extracting features dataframe for 09ee3cec3b5011be5ef6
[SoC Proxy] Tuner: c*=0.742635 lost=0.000e+00 | margin=4.000% -> curtailment=0.712930
[SoC Proxy] curtailment forecast: 71.29%
[TSA]: Applying hierarchical clustering method, with medoidRepresentation representation.
weight of "solar" set to the minmal tolerable weighting
weight of "onshore_wind" set to the minmal tolerable weighting
weight of "offshore_wind" set to the minmal tolerable weighting
weight of "demand_power" set to the minmal tolerable weighting
[TSA] successfully applied. Results saved to SoC_proxy_TSA/data/cluster_maps/09ee3cec3b5011be5ef6.csv.
[TSA] cluster completed in 1.14
[Calliope] Validating and Configuring Calliope model: 09ee3cec3b5011be5ef6
[Calliope] Building Calliope model: 09ee3cec3b5011be5ef6
[Calliope] Solving Calliope model: 09ee3cec3b5011be5ef6
[Calliope] Solution saved to: SoC_proxy_TSA/data/calliope_models/09ee3cec3b5011be5ef6.nc
[SoC Proxy] Tuner: c*=0.738975 lost=0.000e+00 | margin=4.000% -> curtailment=0.709416
[SoC Proxy] curtailment forecast: 70.94%
 ------------------------------------------------------- 
  
[Dispatch] running scenario Sensitivity_W_reps60
   
 ------------------------------------------------------- 
 ------------------------------------------------------- 
 ----- K-Medoid, reps=60, W_proxy=0.0  -----
 -----      5172c250622509176094      ----- 
 ------------------------------------------------------- 
[Model] Parameter json saved to SoC_proxy_TSA/data/parameters/5172c250622509176094.json
[TSA] Extracting features dataframe for 5172c250622509176094
[TSA]: Applying hierarchical clustering method, with medoidRepresentation representation.
[TSA] successfully applied. Results saved to SoC_proxy_TSA/data/cluster_maps/5172c250622509176094.csv.
[TSA] cluster completed in 0.76
[Calliope] Validating and Configuring Calliope model: 5172c250622509176094
[Calliope] Building Calliope model: 5172c250622509176094
[Calliope] Solving Calliope model: 5172c250622509176094
[Calliope] Solution saved to: SoC_proxy_TSA/data/calliope_models/5172c250622509176094.nc
 ------------------------------------------------------- 
 ----- K-Medoid, reps=60, SocDelta, W_proxy=0.25  -----
 -----      4b59798dc8283a3bb33f      ----- 
 ------------------------------------------------------- 
[Model] Parameter json saved to SoC_proxy_TSA/data/parameters/4b59798dc8283a3bb33f.json
[TSA] Extracting features dataframe for 4b59798dc8283a3bb33f
[SoC Proxy] Tuner: c*=0.742635 lost=0.000e+00 | margin=4.000% -> curtailment=0.712930
[SoC Proxy] curtailment forecast: 71.29%
[TSA]: Applying hierarchical clustering method, with medoidRepresentation representation.
[TSA] successfully applied. Results saved to SoC_proxy_TSA/data/cluster_maps/4b59798dc8283a3bb33f.csv.
[TSA] cluster completed in 1.08
[Calliope] Validating and Configuring Calliope model: 4b59798dc8283a3bb33f
[Calliope] Building Calliope model: 4b59798dc8283a3bb33f
[Calliope] Solving Calliope model: 4b59798dc8283a3bb33f
[Calliope] Solution saved to: SoC_proxy_TSA/data/calliope_models/4b59798dc8283a3bb33f.nc
[SoC Proxy] Tuner: c*=0.751049 lost=0.000e+00 | margin=4.000% -> curtailment=0.721007
[SoC Proxy] curtailment forecast: 72.10%
 ------------------------------------------------------- 
 ----- K-Medoid, reps=60, SocDelta, W_proxy=0.5  -----
 -----      d6e5bc7d6aadec441585      ----- 
 ------------------------------------------------------- 
[Model] Parameter json saved to SoC_proxy_TSA/data/parameters/d6e5bc7d6aadec441585.json
[TSA] Extracting features dataframe for d6e5bc7d6aadec441585
[SoC Proxy] Tuner: c*=0.742635 lost=0.000e+00 | margin=4.000% -> curtailment=0.712930
[SoC Proxy] curtailment forecast: 71.29%
[TSA]: Applying hierarchical clustering method, with medoidRepresentation representation.
[TSA] successfully applied. Results saved to SoC_proxy_TSA/data/cluster_maps/d6e5bc7d6aadec441585.csv.
[TSA] cluster completed in 1.10
[Calliope] Validating and Configuring Calliope model: d6e5bc7d6aadec441585
[Calliope] Building Calliope model: d6e5bc7d6aadec441585
[Calliope] Solving Calliope model: d6e5bc7d6aadec441585
[Calliope] Solution saved to: SoC_proxy_TSA/data/calliope_models/d6e5bc7d6aadec441585.nc
[SoC Proxy] Tuner: c*=0.745545 lost=0.000e+00 | margin=4.000% -> curtailment=0.715723
[SoC Proxy] curtailment forecast: 71.57%
 ------------------------------------------------------- 
 ----- K-Medoid, reps=60, SocDelta, W_proxy=0.75  -----
 -----      11d8632a27ed6093cf1c      ----- 
 ------------------------------------------------------- 
[Model] Parameter json saved to SoC_proxy_TSA/data/parameters/11d8632a27ed6093cf1c.json
[TSA] Extracting features dataframe for 11d8632a27ed6093cf1c
[SoC Proxy] Tuner: c*=0.742635 lost=0.000e+00 | margin=4.000% -> curtailment=0.712930
[SoC Proxy] curtailment forecast: 71.29%
[TSA]: Applying hierarchical clustering method, with medoidRepresentation representation.
[TSA] successfully applied. Results saved to SoC_proxy_TSA/data/cluster_maps/11d8632a27ed6093cf1c.csv.
[TSA] cluster completed in 1.09
[Calliope] Validating and Configuring Calliope model: 11d8632a27ed6093cf1c
[Calliope] Building Calliope model: 11d8632a27ed6093cf1c
[Calliope] Solving Calliope model: 11d8632a27ed6093cf1c
[Calliope] Solution saved to: SoC_proxy_TSA/data/calliope_models/11d8632a27ed6093cf1c.nc
[SoC Proxy] Tuner: c*=0.744206 lost=0.000e+00 | margin=4.000% -> curtailment=0.714437
[SoC Proxy] curtailment forecast: 71.44%
 ------------------------------------------------------- 
 ----- K-Medoid, reps=60, SocDelta, W_proxy=1  -----
 -----      12f715d49e291ac92b4e      ----- 
 ------------------------------------------------------- 
[Model] Parameter json saved to SoC_proxy_TSA/data/parameters/12f715d49e291ac92b4e.json
[TSA] Extracting features dataframe for 12f715d49e291ac92b4e
[SoC Proxy] Tuner: c*=0.742635 lost=0.000e+00 | margin=4.000% -> curtailment=0.712930
[SoC Proxy] curtailment forecast: 71.29%
[TSA]: Applying hierarchical clustering method, with medoidRepresentation representation.
weight of "solar" set to the minmal tolerable weighting
weight of "onshore_wind" set to the minmal tolerable weighting
weight of "offshore_wind" set to the minmal tolerable weighting
weight of "demand_power" set to the minmal tolerable weighting
[TSA] successfully applied. Results saved to SoC_proxy_TSA/data/cluster_maps/12f715d49e291ac92b4e.csv.
[TSA] cluster completed in 1.17
[Calliope] Validating and Configuring Calliope model: 12f715d49e291ac92b4e
[Calliope] Building Calliope model: 12f715d49e291ac92b4e
[Calliope] Solving Calliope model: 12f715d49e291ac92b4e
[Calliope] Solution saved to: SoC_proxy_TSA/data/calliope_models/12f715d49e291ac92b4e.nc
[SoC Proxy] Tuner: c*=0.731777 lost=0.000e+00 | margin=4.000% -> curtailment=0.702506
[SoC Proxy] curtailment forecast: 70.25%
 ------------------------------------------------------- 
  
[Dispatch] running scenario Sensitivity_W_reps90
   
 ------------------------------------------------------- 
 ------------------------------------------------------- 
 ----- K-Medoid, reps=90, W_proxy=0.0  -----
 -----      ac5d5a93fa28a329a1c2      ----- 
 ------------------------------------------------------- 
[Model] Parameter json saved to SoC_proxy_TSA/data/parameters/ac5d5a93fa28a329a1c2.json
[TSA] Extracting features dataframe for ac5d5a93fa28a329a1c2
[TSA]: Applying hierarchical clustering method, with medoidRepresentation representation.
[TSA] successfully applied. Results saved to SoC_proxy_TSA/data/cluster_maps/ac5d5a93fa28a329a1c2.csv.
[TSA] cluster completed in 0.77
[Calliope] Validating and Configuring Calliope model: ac5d5a93fa28a329a1c2
[Calliope] Building Calliope model: ac5d5a93fa28a329a1c2
[Calliope] Solving Calliope model: ac5d5a93fa28a329a1c2
[Calliope] Solution saved to: SoC_proxy_TSA/data/calliope_models/ac5d5a93fa28a329a1c2.nc
 ------------------------------------------------------- 
 ----- K-Medoid, reps=90, SocDelta, W_proxy=0.25  -----
 -----      3f60aea72d67938acfce      ----- 
 ------------------------------------------------------- 
[Model] Parameter json saved to SoC_proxy_TSA/data/parameters/3f60aea72d67938acfce.json
[TSA] Extracting features dataframe for 3f60aea72d67938acfce
[SoC Proxy] Tuner: c*=0.742635 lost=0.000e+00 | margin=4.000% -> curtailment=0.712930
[SoC Proxy] curtailment forecast: 71.29%
[TSA]: Applying hierarchical clustering method, with medoidRepresentation representation.
[TSA] successfully applied. Results saved to SoC_proxy_TSA/data/cluster_maps/3f60aea72d67938acfce.csv.
[TSA] cluster completed in 1.08
[Calliope] Validating and Configuring Calliope model: 3f60aea72d67938acfce
[Calliope] Building Calliope model: 3f60aea72d67938acfce
[Calliope] Solving Calliope model: 3f60aea72d67938acfce
[Calliope] Solution saved to: SoC_proxy_TSA/data/calliope_models/3f60aea72d67938acfce.nc
[SoC Proxy] Tuner: c*=0.749475 lost=0.000e+00 | margin=4.000% -> curtailment=0.719496
[SoC Proxy] curtailment forecast: 71.95%
 ------------------------------------------------------- 
 ----- K-Medoid, reps=90, SocDelta, W_proxy=0.5  -----
 -----      b58ac2141b1d4cadc124      ----- 
 ------------------------------------------------------- 
[Model] Parameter json saved to SoC_proxy_TSA/data/parameters/b58ac2141b1d4cadc124.json
[TSA] Extracting features dataframe for b58ac2141b1d4cadc124
[SoC Proxy] Tuner: c*=0.742635 lost=0.000e+00 | margin=4.000% -> curtailment=0.712930
[SoC Proxy] curtailment forecast: 71.29%
[TSA]: Applying hierarchical clustering method, with medoidRepresentation representation.
[TSA] successfully applied. Results saved to SoC_proxy_TSA/data/cluster_maps/b58ac2141b1d4cadc124.csv.
[TSA] cluster completed in 1.07
[Calliope] Validating and Configuring Calliope model: b58ac2141b1d4cadc124
[Calliope] Building Calliope model: b58ac2141b1d4cadc124
[Calliope] Solving Calliope model: b58ac2141b1d4cadc124
[Calliope] Solution saved to: SoC_proxy_TSA/data/calliope_models/b58ac2141b1d4cadc124.nc
[SoC Proxy] Tuner: c*=0.742370 lost=0.000e+00 | margin=4.000% -> curtailment=0.712675
[SoC Proxy] curtailment forecast: 71.27%
 ------------------------------------------------------- 
 ----- K-Medoid, reps=90, SocDelta, W_proxy=0.75  -----
 -----      c13162d707d69800681d      ----- 
 ------------------------------------------------------- 
[Model] Parameter json saved to SoC_proxy_TSA/data/parameters/c13162d707d69800681d.json
[TSA] Extracting features dataframe for c13162d707d69800681d
[SoC Proxy] Tuner: c*=0.742635 lost=0.000e+00 | margin=4.000% -> curtailment=0.712930
[SoC Proxy] curtailment forecast: 71.29%
[TSA]: Applying hierarchical clustering method, with medoidRepresentation representation.
[TSA] successfully applied. Results saved to SoC_proxy_TSA/data/cluster_maps/c13162d707d69800681d.csv.
[TSA] cluster completed in 1.09
[Calliope] Validating and Configuring Calliope model: c13162d707d69800681d
[Calliope] Building Calliope model: c13162d707d69800681d
[Calliope] Solving Calliope model: c13162d707d69800681d
[Calliope] Solution saved to: SoC_proxy_TSA/data/calliope_models/c13162d707d69800681d.nc
[SoC Proxy] Tuner: c*=0.741313 lost=0.000e+00 | margin=4.000% -> curtailment=0.711660
[SoC Proxy] curtailment forecast: 71.17%
 ------------------------------------------------------- 
 ----- K-Medoid, reps=90, SocDelta, W_proxy=1  -----
 -----      150ce10c154907983f05      ----- 
 ------------------------------------------------------- 
[Model] Parameter json saved to SoC_proxy_TSA/data/parameters/150ce10c154907983f05.json
[TSA] Extracting features dataframe for 150ce10c154907983f05
[SoC Proxy] Tuner: c*=0.742635 lost=0.000e+00 | margin=4.000% -> curtailment=0.712930
[SoC Proxy] curtailment forecast: 71.29%
[TSA]: Applying hierarchical clustering method, with medoidRepresentation representation.
weight of "solar" set to the minmal tolerable weighting
weight of "onshore_wind" set to the minmal tolerable weighting
weight of "offshore_wind" set to the minmal tolerable weighting
weight of "demand_power" set to the minmal tolerable weighting
[TSA] successfully applied. Results saved to SoC_proxy_TSA/data/cluster_maps/150ce10c154907983f05.csv.
[TSA] cluster completed in 1.12
[Calliope] Validating and Configuring Calliope model: 150ce10c154907983f05
[Calliope] Building Calliope model: 150ce10c154907983f05
[Calliope] Solving Calliope model: 150ce10c154907983f05
[Calliope] Solution saved to: SoC_proxy_TSA/data/calliope_models/150ce10c154907983f05.nc
[SoC Proxy] Tuner: c*=0.740075 lost=0.000e+00 | margin=4.000% -> curtailment=0.710472
[SoC Proxy] curtailment forecast: 71.05%
 ------------------------------------------------------- 
  
[Dispatch] running scenario Sensitivity_W_reps45
   
 ------------------------------------------------------- 
 ------------------------------------------------------- 
 ----- K-Medoid, reps=45, W_proxy=0.0  -----
 -----      6bfa3075b978923dd961      ----- 
 ------------------------------------------------------- 
[Model] Parameter json saved to SoC_proxy_TSA/data/parameters/6bfa3075b978923dd961.json
[TSA] Extracting features dataframe for 6bfa3075b978923dd961
[TSA]: Applying hierarchical clustering method, with medoidRepresentation representation.
[TSA] successfully applied. Results saved to SoC_proxy_TSA/data/cluster_maps/6bfa3075b978923dd961.csv.
[TSA] cluster completed in 0.73
[Calliope] Validating and Configuring Calliope model: 6bfa3075b978923dd961
[Calliope] Building Calliope model: 6bfa3075b978923dd961
[Calliope] Solving Calliope model: 6bfa3075b978923dd961
[Calliope] Solution saved to: SoC_proxy_TSA/data/calliope_models/6bfa3075b978923dd961.nc
 ------------------------------------------------------- 
 ----- K-Medoid, reps=45, SocDelta, W_proxy=0.25  -----
 -----      d3c1aef16acd31cb865d      ----- 
 ------------------------------------------------------- 
[Model] Parameter json saved to SoC_proxy_TSA/data/parameters/d3c1aef16acd31cb865d.json
[TSA] Extracting features dataframe for d3c1aef16acd31cb865d
[SoC Proxy] Tuner: c*=0.741583 lost=0.000e+00 | margin=4.000% -> curtailment=0.711919
[SoC Proxy] curtailment forecast: 71.19%
[TSA]: Applying hierarchical clustering method, with medoidRepresentation representation.
[TSA] successfully applied. Results saved to SoC_proxy_TSA/data/cluster_maps/d3c1aef16acd31cb865d.csv.
[TSA] cluster completed in 1.07
[Calliope] Validating and Configuring Calliope model: d3c1aef16acd31cb865d
[Calliope] Building Calliope model: d3c1aef16acd31cb865d
[Calliope] Solving Calliope model: d3c1aef16acd31cb865d
[Calliope] Solution saved to: SoC_proxy_TSA/data/calliope_models/d3c1aef16acd31cb865d.nc
[SoC Proxy] Tuner: c*=0.743621 lost=0.000e+00 | margin=4.000% -> curtailment=0.713876
[SoC Proxy] curtailment forecast: 71.39%
 ------------------------------------------------------- 
 ----- K-Medoid, reps=45, SocDelta, W_proxy=0.5  -----
 -----      d750cd96249e72cb2a20      ----- 
 ------------------------------------------------------- 
[Model] Parameter json saved to SoC_proxy_TSA/data/parameters/d750cd96249e72cb2a20.json
[TSA] Extracting features dataframe for d750cd96249e72cb2a20
[SoC Proxy] Tuner: c*=0.741583 lost=0.000e+00 | margin=4.000% -> curtailment=0.711919
[SoC Proxy] curtailment forecast: 71.19%
[TSA]: Applying hierarchical clustering method, with medoidRepresentation representation.
[TSA] successfully applied. Results saved to SoC_proxy_TSA/data/cluster_maps/d750cd96249e72cb2a20.csv.
[TSA] cluster completed in 1.03
[Calliope] Validating and Configuring Calliope model: d750cd96249e72cb2a20
[Calliope] Building Calliope model: d750cd96249e72cb2a20
[Calliope] Solving Calliope model: d750cd96249e72cb2a20
[Calliope] Solution saved to: SoC_proxy_TSA/data/calliope_models/d750cd96249e72cb2a20.nc
[SoC Proxy] Tuner: c*=0.742445 lost=0.000e+00 | margin=4.000% -> curtailment=0.712747
[SoC Proxy] curtailment forecast: 71.27%
 ------------------------------------------------------- 
 ----- K-Medoid, reps=45, SocDelta, W_proxy=0.75  -----
 -----      582533e66c0f3964d13e      ----- 
 ------------------------------------------------------- 
[Model] Parameter json saved to SoC_proxy_TSA/data/parameters/582533e66c0f3964d13e.json
[TSA] Extracting features dataframe for 582533e66c0f3964d13e
[SoC Proxy] Tuner: c*=0.741583 lost=0.000e+00 | margin=4.000% -> curtailment=0.711919
[SoC Proxy] curtailment forecast: 71.19%
[TSA]: Applying hierarchical clustering method, with medoidRepresentation representation.
[TSA] successfully applied. Results saved to SoC_proxy_TSA/data/cluster_maps/582533e66c0f3964d13e.csv.
[TSA] cluster completed in 1.08
[Calliope] Validating and Configuring Calliope model: 582533e66c0f3964d13e
[Calliope] Building Calliope model: 582533e66c0f3964d13e
[Calliope] Solving Calliope model: 582533e66c0f3964d13e
[Calliope] Solution saved to: SoC_proxy_TSA/data/calliope_models/582533e66c0f3964d13e.nc
[SoC Proxy] Tuner: c*=0.743572 lost=0.000e+00 | margin=4.000% -> curtailment=0.713829
[SoC Proxy] curtailment forecast: 71.38%
 ------------------------------------------------------- 
 ----- K-Medoid, reps=45, SocDelta, W_proxy=1  -----
 -----      203c4399fd98427b176c      ----- 
 ------------------------------------------------------- 
[Model] Parameter json saved to SoC_proxy_TSA/data/parameters/203c4399fd98427b176c.json
[TSA] Extracting features dataframe for 203c4399fd98427b176c
[SoC Proxy] Tuner: c*=0.741583 lost=0.000e+00 | margin=4.000% -> curtailment=0.711919
[SoC Proxy] curtailment forecast: 71.19%
[TSA]: Applying hierarchical clustering method, with medoidRepresentation representation.
weight of "solar" set to the minmal tolerable weighting
weight of "onshore_wind" set to the minmal tolerable weighting
weight of "offshore_wind" set to the minmal tolerable weighting
weight of "demand_power" set to the minmal tolerable weighting
[TSA] successfully applied. Results saved to SoC_proxy_TSA/data/cluster_maps/203c4399fd98427b176c.csv.
[TSA] cluster completed in 1.06
[Calliope] Validating and Configuring Calliope model: 203c4399fd98427b176c
[Calliope] Building Calliope model: 203c4399fd98427b176c
[Calliope] Solving Calliope model: 203c4399fd98427b176c
[Calliope] Solution saved to: SoC_proxy_TSA/data/calliope_models/203c4399fd98427b176c.nc
[SoC Proxy] Tuner: c*=0.744468 lost=0.000e+00 | margin=4.000% -> curtailment=0.714689
[SoC Proxy] curtailment forecast: 71.47%
 ------------------------------------------------------- 
  
[Dispatch] running scenario Sensitivity_W_reps60
   
 ------------------------------------------------------- 
 ------------------------------------------------------- 
 ----- K-Medoid, reps=60, W_proxy=0.0  -----
 -----      a5929bb21bb076a0f2fe      ----- 
 ------------------------------------------------------- 
[Model] Parameter json saved to SoC_proxy_TSA/data/parameters/a5929bb21bb076a0f2fe.json
[TSA] Extracting features dataframe for a5929bb21bb076a0f2fe
[TSA]: Applying hierarchical clustering method, with medoidRepresentation representation.
[TSA] successfully applied. Results saved to SoC_proxy_TSA/data/cluster_maps/a5929bb21bb076a0f2fe.csv.
[TSA] cluster completed in 0.75
[Calliope] Validating and Configuring Calliope model: a5929bb21bb076a0f2fe
[Calliope] Building Calliope model: a5929bb21bb076a0f2fe
[Calliope] Solving Calliope model: a5929bb21bb076a0f2fe
[Calliope] Solution saved to: SoC_proxy_TSA/data/calliope_models/a5929bb21bb076a0f2fe.nc
 ------------------------------------------------------- 
 ----- K-Medoid, reps=60, SocDelta, W_proxy=0.25  -----
 -----      bc689d4ba4b105082a34      ----- 
 ------------------------------------------------------- 
[Model] Parameter json saved to SoC_proxy_TSA/data/parameters/bc689d4ba4b105082a34.json
[TSA] Extracting features dataframe for bc689d4ba4b105082a34
[SoC Proxy] Tuner: c*=0.741583 lost=0.000e+00 | margin=4.000% -> curtailment=0.711919
[SoC Proxy] curtailment forecast: 71.19%
[TSA]: Applying hierarchical clustering method, with medoidRepresentation representation.
[TSA] successfully applied. Results saved to SoC_proxy_TSA/data/cluster_maps/bc689d4ba4b105082a34.csv.
[TSA] cluster completed in 1.09
[Calliope] Validating and Configuring Calliope model: bc689d4ba4b105082a34
[Calliope] Building Calliope model: bc689d4ba4b105082a34
[Calliope] Solving Calliope model: bc689d4ba4b105082a34
[Calliope] Solution saved to: SoC_proxy_TSA/data/calliope_models/bc689d4ba4b105082a34.nc
[SoC Proxy] Tuner: c*=0.747457 lost=0.000e+00 | margin=4.000% -> curtailment=0.717559
[SoC Proxy] curtailment forecast: 71.76%
 ------------------------------------------------------- 
 ----- K-Medoid, reps=60, SocDelta, W_proxy=0.5  -----
 -----      10142090d025a92b40da      ----- 
 ------------------------------------------------------- 
[Model] Parameter json saved to SoC_proxy_TSA/data/parameters/10142090d025a92b40da.json
[TSA] Extracting features dataframe for 10142090d025a92b40da
[SoC Proxy] Tuner: c*=0.741583 lost=0.000e+00 | margin=4.000% -> curtailment=0.711919
[SoC Proxy] curtailment forecast: 71.19%
[TSA]: Applying hierarchical clustering method, with medoidRepresentation representation.
[TSA] successfully applied. Results saved to SoC_proxy_TSA/data/cluster_maps/10142090d025a92b40da.csv.
[TSA] cluster completed in 1.04
[Calliope] Validating and Configuring Calliope model: 10142090d025a92b40da
[Calliope] Building Calliope model: 10142090d025a92b40da
[Calliope] Solving Calliope model: 10142090d025a92b40da
[Calliope] Solution saved to: SoC_proxy_TSA/data/calliope_models/10142090d025a92b40da.nc
[SoC Proxy] Tuner: c*=0.742587 lost=0.000e+00 | margin=4.000% -> curtailment=0.712883
[SoC Proxy] curtailment forecast: 71.29%
 ------------------------------------------------------- 
 ----- K-Medoid, reps=60, SocDelta, W_proxy=0.75  -----
 -----      deb95422f56acbf803a0      ----- 
 ------------------------------------------------------- 
[Model] Parameter json saved to SoC_proxy_TSA/data/parameters/deb95422f56acbf803a0.json
[TSA] Extracting features dataframe for deb95422f56acbf803a0
[SoC Proxy] Tuner: c*=0.741583 lost=0.000e+00 | margin=4.000% -> curtailment=0.711919
[SoC Proxy] curtailment forecast: 71.19%
[TSA]: Applying hierarchical clustering method, with medoidRepresentation representation.
[TSA] successfully applied. Results saved to SoC_proxy_TSA/data/cluster_maps/deb95422f56acbf803a0.csv.
[TSA] cluster completed in 1.10
[Calliope] Validating and Configuring Calliope model: deb95422f56acbf803a0
[Calliope] Building Calliope model: deb95422f56acbf803a0
[Calliope] Solving Calliope model: deb95422f56acbf803a0
[Calliope] Solution saved to: SoC_proxy_TSA/data/calliope_models/deb95422f56acbf803a0.nc
[SoC Proxy] Tuner: c*=0.746524 lost=0.000e+00 | margin=4.000% -> curtailment=0.716663
[SoC Proxy] curtailment forecast: 71.67%
 ------------------------------------------------------- 
 ----- K-Medoid, reps=60, SocDelta, W_proxy=1  -----
 -----      6e2a33d5c4c7e0641892      ----- 
 ------------------------------------------------------- 
[Model] Parameter json saved to SoC_proxy_TSA/data/parameters/6e2a33d5c4c7e0641892.json
[TSA] Extracting features dataframe for 6e2a33d5c4c7e0641892
[SoC Proxy] Tuner: c*=0.741583 lost=0.000e+00 | margin=4.000% -> curtailment=0.711919
[SoC Proxy] curtailment forecast: 71.19%
[TSA]: Applying hierarchical clustering method, with medoidRepresentation representation.
weight of "solar" set to the minmal tolerable weighting
weight of "onshore_wind" set to the minmal tolerable weighting
weight of "offshore_wind" set to the minmal tolerable weighting
weight of "demand_power" set to the minmal tolerable weighting
[TSA] successfully applied. Results saved to SoC_proxy_TSA/data/cluster_maps/6e2a33d5c4c7e0641892.csv.
[TSA] cluster completed in 1.14
[Calliope] Validating and Configuring Calliope model: 6e2a33d5c4c7e0641892
[Calliope] Building Calliope model: 6e2a33d5c4c7e0641892
[Calliope] Solving Calliope model: 6e2a33d5c4c7e0641892
[Calliope] Solution saved to: SoC_proxy_TSA/data/calliope_models/6e2a33d5c4c7e0641892.nc
[SoC Proxy] Tuner: c*=0.738825 lost=0.000e+00 | margin=4.000% -> curtailment=0.709272
[SoC Proxy] curtailment forecast: 70.93%
 ------------------------------------------------------- 
  
[Dispatch] running scenario Sensitivity_W_reps90
   
 ------------------------------------------------------- 
 ------------------------------------------------------- 
 ----- K-Medoid, reps=90, W_proxy=0.0  -----
 -----      18a8e0a867793c704570      ----- 
 ------------------------------------------------------- 
[Model] Parameter json saved to SoC_proxy_TSA/data/parameters/18a8e0a867793c704570.json
[TSA] Extracting features dataframe for 18a8e0a867793c704570
[TSA]: Applying hierarchical clustering method, with medoidRepresentation representation.
[TSA] successfully applied. Results saved to SoC_proxy_TSA/data/cluster_maps/18a8e0a867793c704570.csv.
[TSA] cluster completed in 0.76
[Calliope] Validating and Configuring Calliope model: 18a8e0a867793c704570
[Calliope] Building Calliope model: 18a8e0a867793c704570
[Calliope] Solving Calliope model: 18a8e0a867793c704570
[Calliope] Solution saved to: SoC_proxy_TSA/data/calliope_models/18a8e0a867793c704570.nc
 ------------------------------------------------------- 
 ----- K-Medoid, reps=90, SocDelta, W_proxy=0.25  -----
 -----      b2e2323d0c6938d2444d      ----- 
 ------------------------------------------------------- 
[Model] Parameter json saved to SoC_proxy_TSA/data/parameters/b2e2323d0c6938d2444d.json
[TSA] Extracting features dataframe for b2e2323d0c6938d2444d
[SoC Proxy] Tuner: c*=0.741583 lost=0.000e+00 | margin=4.000% -> curtailment=0.711919
[SoC Proxy] curtailment forecast: 71.19%
[TSA]: Applying hierarchical clustering method, with medoidRepresentation representation.
[TSA] successfully applied. Results saved to SoC_proxy_TSA/data/cluster_maps/b2e2323d0c6938d2444d.csv.
[TSA] cluster completed in 1.11
[Calliope] Validating and Configuring Calliope model: b2e2323d0c6938d2444d
[Calliope] Building Calliope model: b2e2323d0c6938d2444d
[Calliope] Solving Calliope model: b2e2323d0c6938d2444d
[Calliope] Solution saved to: SoC_proxy_TSA/data/calliope_models/b2e2323d0c6938d2444d.nc
[SoC Proxy] Tuner: c*=0.745281 lost=0.000e+00 | margin=4.000% -> curtailment=0.715470
[SoC Proxy] curtailment forecast: 71.55%
 ------------------------------------------------------- 
 ----- K-Medoid, reps=90, SocDelta, W_proxy=0.5  -----
 -----      311d3cfc669a1db03e3a      ----- 
 ------------------------------------------------------- 
[Model] Parameter json saved to SoC_proxy_TSA/data/parameters/311d3cfc669a1db03e3a.json
[TSA] Extracting features dataframe for 311d3cfc669a1db03e3a
[SoC Proxy] Tuner: c*=0.741583 lost=0.000e+00 | margin=4.000% -> curtailment=0.711919
[SoC Proxy] curtailment forecast: 71.19%
[TSA]: Applying hierarchical clustering method, with medoidRepresentation representation.
[TSA] successfully applied. Results saved to SoC_proxy_TSA/data/cluster_maps/311d3cfc669a1db03e3a.csv.
[TSA] cluster completed in 1.09
[Calliope] Validating and Configuring Calliope model: 311d3cfc669a1db03e3a
[Calliope] Building Calliope model: 311d3cfc669a1db03e3a
[Calliope] Solving Calliope model: 311d3cfc669a1db03e3a
[Calliope] Solution saved to: SoC_proxy_TSA/data/calliope_models/311d3cfc669a1db03e3a.nc
[SoC Proxy] Tuner: c*=0.744705 lost=0.000e+00 | margin=4.000% -> curtailment=0.714917
[SoC Proxy] curtailment forecast: 71.49%
 ------------------------------------------------------- 
 ----- K-Medoid, reps=90, SocDelta, W_proxy=0.75  -----
 -----      ce2a800034fcfabf45f5      ----- 
 ------------------------------------------------------- 
[Model] Parameter json saved to SoC_proxy_TSA/data/parameters/ce2a800034fcfabf45f5.json
[TSA] Extracting features dataframe for ce2a800034fcfabf45f5
[SoC Proxy] Tuner: c*=0.741583 lost=0.000e+00 | margin=4.000% -> curtailment=0.711919
[SoC Proxy] curtailment forecast: 71.19%
[TSA]: Applying hierarchical clustering method, with medoidRepresentation representation.
[TSA] successfully applied. Results saved to SoC_proxy_TSA/data/cluster_maps/ce2a800034fcfabf45f5.csv.
[TSA] cluster completed in 1.11
[Calliope] Validating and Configuring Calliope model: ce2a800034fcfabf45f5
[Calliope] Building Calliope model: ce2a800034fcfabf45f5
[Calliope] Solving Calliope model: ce2a800034fcfabf45f5
[Calliope] Solution saved to: SoC_proxy_TSA/data/calliope_models/ce2a800034fcfabf45f5.nc
[SoC Proxy] Tuner: c*=0.743154 lost=0.000e+00 | margin=4.000% -> curtailment=0.713428
[SoC Proxy] curtailment forecast: 71.34%
 ------------------------------------------------------- 
 ----- K-Medoid, reps=90, SocDelta, W_proxy=1  -----
 -----      b02867c7638c759fe8f2      ----- 
 ------------------------------------------------------- 
[Model] Parameter json saved to SoC_proxy_TSA/data/parameters/b02867c7638c759fe8f2.json
[TSA] Extracting features dataframe for b02867c7638c759fe8f2
[SoC Proxy] Tuner: c*=0.741583 lost=0.000e+00 | margin=4.000% -> curtailment=0.711919
[SoC Proxy] curtailment forecast: 71.19%
[TSA]: Applying hierarchical clustering method, with medoidRepresentation representation.
weight of "solar" set to the minmal tolerable weighting
weight of "onshore_wind" set to the minmal tolerable weighting
weight of "offshore_wind" set to the minmal tolerable weighting
weight of "demand_power" set to the minmal tolerable weighting
[TSA] successfully applied. Results saved to SoC_proxy_TSA/data/cluster_maps/b02867c7638c759fe8f2.csv.
[TSA] cluster completed in 1.19
[Calliope] Validating and Configuring Calliope model: b02867c7638c759fe8f2
[Calliope] Building Calliope model: b02867c7638c759fe8f2
[Calliope] Solving Calliope model: b02867c7638c759fe8f2
[Calliope] Solution saved to: SoC_proxy_TSA/data/calliope_models/b02867c7638c759fe8f2.nc
[SoC Proxy] Tuner: c*=0.735394 lost=0.000e+00 | margin=4.000% -> curtailment=0.705978
[SoC Proxy] curtailment forecast: 70.60%
 ------------------------------------------------------- 
  
[Dispatch] running scenario Sensitivity_W_reps45
   
 ------------------------------------------------------- 
 ------------------------------------------------------- 
 ----- K-Medoid, reps=45, W_proxy=0.0  -----
 -----      35ad4cffc0ebebfe9085      ----- 
 ------------------------------------------------------- 
[Model] Parameter json saved to SoC_proxy_TSA/data/parameters/35ad4cffc0ebebfe9085.json
[TSA] Extracting features dataframe for 35ad4cffc0ebebfe9085
[TSA]: Applying hierarchical clustering method, with medoidRepresentation representation.
[TSA] successfully applied. Results saved to SoC_proxy_TSA/data/cluster_maps/35ad4cffc0ebebfe9085.csv.
[TSA] cluster completed in 0.75
[Calliope] Validating and Configuring Calliope model: 35ad4cffc0ebebfe9085
[Calliope] Building Calliope model: 35ad4cffc0ebebfe9085
[Calliope] Solving Calliope model: 35ad4cffc0ebebfe9085
[Calliope] Solution saved to: SoC_proxy_TSA/data/calliope_models/35ad4cffc0ebebfe9085.nc
 ------------------------------------------------------- 
 ----- K-Medoid, reps=45, SocDelta, W_proxy=0.25  -----
 -----      e4e8159eacd85fe2b5e6      ----- 
 ------------------------------------------------------- 
[Model] Parameter json saved to SoC_proxy_TSA/data/parameters/e4e8159eacd85fe2b5e6.json
[TSA] Extracting features dataframe for e4e8159eacd85fe2b5e6
[SoC Proxy] Tuner: c*=0.746274 lost=0.000e+00 | margin=4.000% -> curtailment=0.716423
[SoC Proxy] curtailment forecast: 71.64%
[TSA]: Applying hierarchical clustering method, with medoidRepresentation representation.
[TSA] successfully applied. Results saved to SoC_proxy_TSA/data/cluster_maps/e4e8159eacd85fe2b5e6.csv.
[TSA] cluster completed in 1.06
[Calliope] Validating and Configuring Calliope model: e4e8159eacd85fe2b5e6
[Calliope] Building Calliope model: e4e8159eacd85fe2b5e6
[Calliope] Solving Calliope model: e4e8159eacd85fe2b5e6
[Calliope] Solution saved to: SoC_proxy_TSA/data/calliope_models/e4e8159eacd85fe2b5e6.nc
[SoC Proxy] Tuner: c*=0.753686 lost=0.000e+00 | margin=4.000% -> curtailment=0.723539
[SoC Proxy] curtailment forecast: 72.35%
 ------------------------------------------------------- 
 ----- K-Medoid, reps=45, SocDelta, W_proxy=0.5  -----
 -----      b8ec8dfc59b38a7f9729      ----- 
 ------------------------------------------------------- 
[Model] Parameter json saved to SoC_proxy_TSA/data/parameters/b8ec8dfc59b38a7f9729.json
[TSA] Extracting features dataframe for b8ec8dfc59b38a7f9729
[SoC Proxy] Tuner: c*=0.746274 lost=0.000e+00 | margin=4.000% -> curtailment=0.716423
[SoC Proxy] curtailment forecast: 71.64%
[TSA]: Applying hierarchical clustering method, with medoidRepresentation representation.
[TSA] successfully applied. Results saved to SoC_proxy_TSA/data/cluster_maps/b8ec8dfc59b38a7f9729.csv.
[TSA] cluster completed in 1.06
[Calliope] Validating and Configuring Calliope model: b8ec8dfc59b38a7f9729
[Calliope] Building Calliope model: b8ec8dfc59b38a7f9729
[Calliope] Solving Calliope model: b8ec8dfc59b38a7f9729
[Calliope] Solution saved to: SoC_proxy_TSA/data/calliope_models/b8ec8dfc59b38a7f9729.nc
[SoC Proxy] Tuner: c*=0.753489 lost=0.000e+00 | margin=4.000% -> curtailment=0.723350
[SoC Proxy] curtailment forecast: 72.33%
 ------------------------------------------------------- 
 ----- K-Medoid, reps=45, SocDelta, W_proxy=0.75  -----
 -----      fda96f839f5e76e7daac      ----- 
 ------------------------------------------------------- 
[Model] Parameter json saved to SoC_proxy_TSA/data/parameters/fda96f839f5e76e7daac.json
[TSA] Extracting features dataframe for fda96f839f5e76e7daac
[SoC Proxy] Tuner: c*=0.746274 lost=0.000e+00 | margin=4.000% -> curtailment=0.716423
[SoC Proxy] curtailment forecast: 71.64%
[TSA]: Applying hierarchical clustering method, with medoidRepresentation representation.
[TSA] successfully applied. Results saved to SoC_proxy_TSA/data/cluster_maps/fda96f839f5e76e7daac.csv.
[TSA] cluster completed in 1.14
[Calliope] Validating and Configuring Calliope model: fda96f839f5e76e7daac
[Calliope] Building Calliope model: fda96f839f5e76e7daac
[Calliope] Solving Calliope model: fda96f839f5e76e7daac
[Calliope] Solution saved to: SoC_proxy_TSA/data/calliope_models/fda96f839f5e76e7daac.nc
[SoC Proxy] Tuner: c*=0.756346 lost=0.000e+00 | margin=4.000% -> curtailment=0.726092
[SoC Proxy] curtailment forecast: 72.61%
 ------------------------------------------------------- 
 ----- K-Medoid, reps=45, SocDelta, W_proxy=1  -----
 -----      5d0bf6472900a06b45f1      ----- 
 ------------------------------------------------------- 
[Model] Parameter json saved to SoC_proxy_TSA/data/parameters/5d0bf6472900a06b45f1.json
[TSA] Extracting features dataframe for 5d0bf6472900a06b45f1
[SoC Proxy] Tuner: c*=0.746274 lost=0.000e+00 | margin=4.000% -> curtailment=0.716423
[SoC Proxy] curtailment forecast: 71.64%
[TSA]: Applying hierarchical clustering method, with medoidRepresentation representation.
weight of "solar" set to the minmal tolerable weighting
weight of "onshore_wind" set to the minmal tolerable weighting
weight of "offshore_wind" set to the minmal tolerable weighting
weight of "demand_power" set to the minmal tolerable weighting
[TSA] successfully applied. Results saved to SoC_proxy_TSA/data/cluster_maps/5d0bf6472900a06b45f1.csv.
[TSA] cluster completed in 1.06
[Calliope] Validating and Configuring Calliope model: 5d0bf6472900a06b45f1
[Calliope] Building Calliope model: 5d0bf6472900a06b45f1
[Calliope] Solving Calliope model: 5d0bf6472900a06b45f1
[Calliope] Solution saved to: SoC_proxy_TSA/data/calliope_models/5d0bf6472900a06b45f1.nc
[SoC Proxy] Tuner: c*=0.750984 lost=0.000e+00 | margin=4.000% -> curtailment=0.720945
[SoC Proxy] curtailment forecast: 72.09%
 ------------------------------------------------------- 
  
[Dispatch] running scenario Sensitivity_W_reps60
   
 ------------------------------------------------------- 
 ------------------------------------------------------- 
 ----- K-Medoid, reps=60, W_proxy=0.0  -----
 -----      9461028afef54eb9cf13      ----- 
 ------------------------------------------------------- 
[Model] Parameter json saved to SoC_proxy_TSA/data/parameters/9461028afef54eb9cf13.json
[TSA] Extracting features dataframe for 9461028afef54eb9cf13
[TSA]: Applying hierarchical clustering method, with medoidRepresentation representation.
[TSA] successfully applied. Results saved to SoC_proxy_TSA/data/cluster_maps/9461028afef54eb9cf13.csv.
[TSA] cluster completed in 0.75
[Calliope] Validating and Configuring Calliope model: 9461028afef54eb9cf13
[Calliope] Building Calliope model: 9461028afef54eb9cf13
[Calliope] Solving Calliope model: 9461028afef54eb9cf13
[Calliope] Solution saved to: SoC_proxy_TSA/data/calliope_models/9461028afef54eb9cf13.nc
 ------------------------------------------------------- 
 ----- K-Medoid, reps=60, SocDelta, W_proxy=0.25  -----
 -----      22baa77780bf485cb368      ----- 
 ------------------------------------------------------- 
[Model] Parameter json saved to SoC_proxy_TSA/data/parameters/22baa77780bf485cb368.json
[TSA] Extracting features dataframe for 22baa77780bf485cb368
[SoC Proxy] Tuner: c*=0.746274 lost=0.000e+00 | margin=4.000% -> curtailment=0.716423
[SoC Proxy] curtailment forecast: 71.64%
[TSA]: Applying hierarchical clustering method, with medoidRepresentation representation.
[TSA] successfully applied. Results saved to SoC_proxy_TSA/data/cluster_maps/22baa77780bf485cb368.csv.
[TSA] cluster completed in 1.05
[Calliope] Validating and Configuring Calliope model: 22baa77780bf485cb368
[Calliope] Building Calliope model: 22baa77780bf485cb368
[Calliope] Solving Calliope model: 22baa77780bf485cb368
[Calliope] Solution saved to: SoC_proxy_TSA/data/calliope_models/22baa77780bf485cb368.nc
[SoC Proxy] Tuner: c*=0.749879 lost=0.000e+00 | margin=4.000% -> curtailment=0.719884
[SoC Proxy] curtailment forecast: 71.99%
 ------------------------------------------------------- 
 ----- K-Medoid, reps=60, SocDelta, W_proxy=0.5  -----
 -----      3245d28a7314f727748f      ----- 
 ------------------------------------------------------- 
[Model] Parameter json saved to SoC_proxy_TSA/data/parameters/3245d28a7314f727748f.json
[TSA] Extracting features dataframe for 3245d28a7314f727748f
[SoC Proxy] Tuner: c*=0.746274 lost=0.000e+00 | margin=4.000% -> curtailment=0.716423
[SoC Proxy] curtailment forecast: 71.64%
[TSA]: Applying hierarchical clustering method, with medoidRepresentation representation.
[TSA] successfully applied. Results saved to SoC_proxy_TSA/data/cluster_maps/3245d28a7314f727748f.csv.
[TSA] cluster completed in 1.04
[Calliope] Validating and Configuring Calliope model: 3245d28a7314f727748f
[Calliope] Building Calliope model: 3245d28a7314f727748f
[Calliope] Solving Calliope model: 3245d28a7314f727748f
[Calliope] Solution saved to: SoC_proxy_TSA/data/calliope_models/3245d28a7314f727748f.nc
[SoC Proxy] Tuner: c*=0.749962 lost=0.000e+00 | margin=4.000% -> curtailment=0.719964
[SoC Proxy] curtailment forecast: 72.00%
 ------------------------------------------------------- 
 ----- K-Medoid, reps=60, SocDelta, W_proxy=0.75  -----
 -----      9cc2ef9cf4fc766b2687      ----- 
 ------------------------------------------------------- 
[Model] Parameter json saved to SoC_proxy_TSA/data/parameters/9cc2ef9cf4fc766b2687.json
[TSA] Extracting features dataframe for 9cc2ef9cf4fc766b2687
[SoC Proxy] Tuner: c*=0.746274 lost=0.000e+00 | margin=4.000% -> curtailment=0.716423
[SoC Proxy] curtailment forecast: 71.64%
[TSA]: Applying hierarchical clustering method, with medoidRepresentation representation.
[TSA] successfully applied. Results saved to SoC_proxy_TSA/data/cluster_maps/9cc2ef9cf4fc766b2687.csv.
[TSA] cluster completed in 1.11
[Calliope] Validating and Configuring Calliope model: 9cc2ef9cf4fc766b2687
[Calliope] Building Calliope model: 9cc2ef9cf4fc766b2687
[Calliope] Solving Calliope model: 9cc2ef9cf4fc766b2687
[Calliope] Solution saved to: SoC_proxy_TSA/data/calliope_models/9cc2ef9cf4fc766b2687.nc
[SoC Proxy] Tuner: c*=0.755007 lost=0.000e+00 | margin=4.000% -> curtailment=0.724807
[SoC Proxy] curtailment forecast: 72.48%
 ------------------------------------------------------- 
 ----- K-Medoid, reps=60, SocDelta, W_proxy=1  -----
 -----      1ea86c1f99d45b865f0a      ----- 
 ------------------------------------------------------- 
[Model] Parameter json saved to SoC_proxy_TSA/data/parameters/1ea86c1f99d45b865f0a.json
[TSA] Extracting features dataframe for 1ea86c1f99d45b865f0a
[SoC Proxy] Tuner: c*=0.746274 lost=0.000e+00 | margin=4.000% -> curtailment=0.716423
[SoC Proxy] curtailment forecast: 71.64%
[TSA]: Applying hierarchical clustering method, with medoidRepresentation representation.
weight of "solar" set to the minmal tolerable weighting
weight of "onshore_wind" set to the minmal tolerable weighting
weight of "offshore_wind" set to the minmal tolerable weighting
weight of "demand_power" set to the minmal tolerable weighting
[TSA] successfully applied. Results saved to SoC_proxy_TSA/data/cluster_maps/1ea86c1f99d45b865f0a.csv.
[TSA] cluster completed in 1.10
[Calliope] Validating and Configuring Calliope model: 1ea86c1f99d45b865f0a
[Calliope] Building Calliope model: 1ea86c1f99d45b865f0a
[Calliope] Solving Calliope model: 1ea86c1f99d45b865f0a
[Calliope] Solution saved to: SoC_proxy_TSA/data/calliope_models/1ea86c1f99d45b865f0a.nc
[SoC Proxy] Tuner: c*=0.746136 lost=0.000e+00 | margin=4.000% -> curtailment=0.716291
[SoC Proxy] curtailment forecast: 71.63%
 ------------------------------------------------------- 
  
[Dispatch] running scenario Sensitivity_W_reps90
   
 ------------------------------------------------------- 
 ------------------------------------------------------- 
 ----- K-Medoid, reps=90, W_proxy=0.0  -----
 -----      6fef9845d9cd9f1971b5      ----- 
 ------------------------------------------------------- 
[Model] Parameter json saved to SoC_proxy_TSA/data/parameters/6fef9845d9cd9f1971b5.json
[TSA] Extracting features dataframe for 6fef9845d9cd9f1971b5
[TSA]: Applying hierarchical clustering method, with medoidRepresentation representation.
[TSA] successfully applied. Results saved to SoC_proxy_TSA/data/cluster_maps/6fef9845d9cd9f1971b5.csv.
[TSA] cluster completed in 0.80
[Calliope] Validating and Configuring Calliope model: 6fef9845d9cd9f1971b5
[Calliope] Building Calliope model: 6fef9845d9cd9f1971b5
[Calliope] Solving Calliope model: 6fef9845d9cd9f1971b5
[Calliope] Solution saved to: SoC_proxy_TSA/data/calliope_models/6fef9845d9cd9f1971b5.nc
 ------------------------------------------------------- 
 ----- K-Medoid, reps=90, SocDelta, W_proxy=0.25  -----
 -----      30b757e87cdc3034dcbf      ----- 
 ------------------------------------------------------- 
[Model] Parameter json saved to SoC_proxy_TSA/data/parameters/30b757e87cdc3034dcbf.json
[TSA] Extracting features dataframe for 30b757e87cdc3034dcbf
[SoC Proxy] Tuner: c*=0.746274 lost=0.000e+00 | margin=4.000% -> curtailment=0.716423
[SoC Proxy] curtailment forecast: 71.64%
[TSA]: Applying hierarchical clustering method, with medoidRepresentation representation.
[TSA] successfully applied. Results saved to SoC_proxy_TSA/data/cluster_maps/30b757e87cdc3034dcbf.csv.
[TSA] cluster completed in 1.13
[Calliope] Validating and Configuring Calliope model: 30b757e87cdc3034dcbf
[Calliope] Building Calliope model: 30b757e87cdc3034dcbf
[Calliope] Solving Calliope model: 30b757e87cdc3034dcbf
[Calliope] Solution saved to: SoC_proxy_TSA/data/calliope_models/30b757e87cdc3034dcbf.nc
[SoC Proxy] Tuner: c*=0.747922 lost=0.000e+00 | margin=4.000% -> curtailment=0.718005
[SoC Proxy] curtailment forecast: 71.80%
 ------------------------------------------------------- 
 ----- K-Medoid, reps=90, SocDelta, W_proxy=0.5  -----
 -----      7bc2b7a472f4aafdf1f0      ----- 
 ------------------------------------------------------- 
[Model] Parameter json saved to SoC_proxy_TSA/data/parameters/7bc2b7a472f4aafdf1f0.json
[TSA] Extracting features dataframe for 7bc2b7a472f4aafdf1f0
[SoC Proxy] Tuner: c*=0.746274 lost=0.000e+00 | margin=4.000% -> curtailment=0.716423
[SoC Proxy] curtailment forecast: 71.64%
[TSA]: Applying hierarchical clustering method, with medoidRepresentation representation.
[TSA] successfully applied. Results saved to SoC_proxy_TSA/data/cluster_maps/7bc2b7a472f4aafdf1f0.csv.
[TSA] cluster completed in 1.09
[Calliope] Validating and Configuring Calliope model: 7bc2b7a472f4aafdf1f0
[Calliope] Building Calliope model: 7bc2b7a472f4aafdf1f0
[Calliope] Solving Calliope model: 7bc2b7a472f4aafdf1f0
[Calliope] Solution saved to: SoC_proxy_TSA/data/calliope_models/7bc2b7a472f4aafdf1f0.nc
[SoC Proxy] Tuner: c*=0.745821 lost=0.000e+00 | margin=4.000% -> curtailment=0.715988
[SoC Proxy] curtailment forecast: 71.60%
 ------------------------------------------------------- 
 ----- K-Medoid, reps=90, SocDelta, W_proxy=0.75  -----
 -----      6ffed12c63618fd04ecf      ----- 
 ------------------------------------------------------- 
[Model] Parameter json saved to SoC_proxy_TSA/data/parameters/6ffed12c63618fd04ecf.json
[TSA] Extracting features dataframe for 6ffed12c63618fd04ecf
[SoC Proxy] Tuner: c*=0.746274 lost=0.000e+00 | margin=4.000% -> curtailment=0.716423
[SoC Proxy] curtailment forecast: 71.64%
[TSA]: Applying hierarchical clustering method, with medoidRepresentation representation.
[TSA] successfully applied. Results saved to SoC_proxy_TSA/data/cluster_maps/6ffed12c63618fd04ecf.csv.
[TSA] cluster completed in 1.13
[Calliope] Validating and Configuring Calliope model: 6ffed12c63618fd04ecf
[Calliope] Building Calliope model: 6ffed12c63618fd04ecf
[Calliope] Solving Calliope model: 6ffed12c63618fd04ecf
[Calliope] Solution saved to: SoC_proxy_TSA/data/calliope_models/6ffed12c63618fd04ecf.nc
[SoC Proxy] Tuner: c*=0.754037 lost=0.000e+00 | margin=4.000% -> curtailment=0.723876
[SoC Proxy] curtailment forecast: 72.39%
 ------------------------------------------------------- 
 ----- K-Medoid, reps=90, SocDelta, W_proxy=1  -----
 -----      d3f85c391e75b577a5d8      ----- 
 ------------------------------------------------------- 
[Model] Parameter json saved to SoC_proxy_TSA/data/parameters/d3f85c391e75b577a5d8.json
[TSA] Extracting features dataframe for d3f85c391e75b577a5d8
[SoC Proxy] Tuner: c*=0.746274 lost=0.000e+00 | margin=4.000% -> curtailment=0.716423
[SoC Proxy] curtailment forecast: 71.64%
[TSA]: Applying hierarchical clustering method, with medoidRepresentation representation.
weight of "solar" set to the minmal tolerable weighting
weight of "onshore_wind" set to the minmal tolerable weighting
weight of "offshore_wind" set to the minmal tolerable weighting
weight of "demand_power" set to the minmal tolerable weighting
[TSA] successfully applied. Results saved to SoC_proxy_TSA/data/cluster_maps/d3f85c391e75b577a5d8.csv.
[TSA] cluster completed in 1.04
[Calliope] Validating and Configuring Calliope model: d3f85c391e75b577a5d8
[Calliope] Building Calliope model: d3f85c391e75b577a5d8
[Calliope] Solving Calliope model: d3f85c391e75b577a5d8
[Calliope] Solution saved to: SoC_proxy_TSA/data/calliope_models/d3f85c391e75b577a5d8.nc
[SoC Proxy] Tuner: c*=0.746390 lost=0.000e+00 | margin=4.000% -> curtailment=0.716534
[SoC Proxy] curtailment forecast: 71.65%
 ------------------------------------------------------- 
  
[Dispatch] running scenario Sensitivity_W_reps45
   
 ------------------------------------------------------- 
 ------------------------------------------------------- 
 ----- K-Medoid, reps=45, W_proxy=0.0  -----
 -----      e8c8b308b2affa17e3a6      ----- 
 ------------------------------------------------------- 
[Model] Parameter json saved to SoC_proxy_TSA/data/parameters/e8c8b308b2affa17e3a6.json
[TSA] Extracting features dataframe for e8c8b308b2affa17e3a6
[TSA]: Applying hierarchical clustering method, with medoidRepresentation representation.
[TSA] successfully applied. Results saved to SoC_proxy_TSA/data/cluster_maps/e8c8b308b2affa17e3a6.csv.
[TSA] cluster completed in 0.75
[Calliope] Validating and Configuring Calliope model: e8c8b308b2affa17e3a6
[Calliope] Building Calliope model: e8c8b308b2affa17e3a6
[Calliope] Solving Calliope model: e8c8b308b2affa17e3a6
[Calliope] Solution saved to: SoC_proxy_TSA/data/calliope_models/e8c8b308b2affa17e3a6.nc
 ------------------------------------------------------- 
 ----- K-Medoid, reps=45, SocDelta, W_proxy=0.25  -----
 -----      3997f8b53cdf7bcb0d07      ----- 
 ------------------------------------------------------- 
[Model] Parameter json saved to SoC_proxy_TSA/data/parameters/3997f8b53cdf7bcb0d07.json
[TSA] Extracting features dataframe for 3997f8b53cdf7bcb0d07
[SoC Proxy] Tuner: c*=0.744327 lost=0.000e+00 | margin=4.000% -> curtailment=0.714554
[SoC Proxy] curtailment forecast: 71.46%
[TSA]: Applying hierarchical clustering method, with medoidRepresentation representation.
[TSA] successfully applied. Results saved to SoC_proxy_TSA/data/cluster_maps/3997f8b53cdf7bcb0d07.csv.
[TSA] cluster completed in 1.08
[Calliope] Validating and Configuring Calliope model: 3997f8b53cdf7bcb0d07
[Calliope] Building Calliope model: 3997f8b53cdf7bcb0d07
[Calliope] Solving Calliope model: 3997f8b53cdf7bcb0d07
[Calliope] Solution saved to: SoC_proxy_TSA/data/calliope_models/3997f8b53cdf7bcb0d07.nc
[SoC Proxy] Tuner: c*=0.746452 lost=0.000e+00 | margin=4.000% -> curtailment=0.716594
[SoC Proxy] curtailment forecast: 71.66%
 ------------------------------------------------------- 
 ----- K-Medoid, reps=45, SocDelta, W_proxy=0.5  -----
 -----      581ba4bbb72a61d0f2e1      ----- 
 ------------------------------------------------------- 
[Model] Parameter json saved to SoC_proxy_TSA/data/parameters/581ba4bbb72a61d0f2e1.json
[TSA] Extracting features dataframe for 581ba4bbb72a61d0f2e1
[SoC Proxy] Tuner: c*=0.744327 lost=0.000e+00 | margin=4.000% -> curtailment=0.714554
[SoC Proxy] curtailment forecast: 71.46%
[TSA]: Applying hierarchical clustering method, with medoidRepresentation representation.
[TSA] successfully applied. Results saved to SoC_proxy_TSA/data/cluster_maps/581ba4bbb72a61d0f2e1.csv.
[TSA] cluster completed in 1.04
[Calliope] Validating and Configuring Calliope model: 581ba4bbb72a61d0f2e1
[Calliope] Building Calliope model: 581ba4bbb72a61d0f2e1
[Calliope] Solving Calliope model: 581ba4bbb72a61d0f2e1
[Calliope] Solution saved to: SoC_proxy_TSA/data/calliope_models/581ba4bbb72a61d0f2e1.nc
[SoC Proxy] Tuner: c*=0.750103 lost=0.000e+00 | margin=4.000% -> curtailment=0.720099
[SoC Proxy] curtailment forecast: 72.01%
 ------------------------------------------------------- 
 ----- K-Medoid, reps=45, SocDelta, W_proxy=0.75  -----
 -----      572de8f4ec863b776318      ----- 
 ------------------------------------------------------- 
[Model] Parameter json saved to SoC_proxy_TSA/data/parameters/572de8f4ec863b776318.json
[TSA] Extracting features dataframe for 572de8f4ec863b776318
[SoC Proxy] Tuner: c*=0.744327 lost=0.000e+00 | margin=4.000% -> curtailment=0.714554
[SoC Proxy] curtailment forecast: 71.46%
[TSA]: Applying hierarchical clustering method, with medoidRepresentation representation.
[TSA] successfully applied. Results saved to SoC_proxy_TSA/data/cluster_maps/572de8f4ec863b776318.csv.
[TSA] cluster completed in 1.10
[Calliope] Validating and Configuring Calliope model: 572de8f4ec863b776318
[Calliope] Building Calliope model: 572de8f4ec863b776318
[Calliope] Solving Calliope model: 572de8f4ec863b776318
[Calliope] Solution saved to: SoC_proxy_TSA/data/calliope_models/572de8f4ec863b776318.nc
[SoC Proxy] Tuner: c*=0.754897 lost=0.000e+00 | margin=4.000% -> curtailment=0.724701
[SoC Proxy] curtailment forecast: 72.47%
 ------------------------------------------------------- 
 ----- K-Medoid, reps=45, SocDelta, W_proxy=1  -----
 -----      628be237f797b0b9d1a1      ----- 
 ------------------------------------------------------- 
[Model] Parameter json saved to SoC_proxy_TSA/data/parameters/628be237f797b0b9d1a1.json
[TSA] Extracting features dataframe for 628be237f797b0b9d1a1
[SoC Proxy] Tuner: c*=0.744327 lost=0.000e+00 | margin=4.000% -> curtailment=0.714554
[SoC Proxy] curtailment forecast: 71.46%
[TSA]: Applying hierarchical clustering method, with medoidRepresentation representation.
weight of "solar" set to the minmal tolerable weighting
weight of "onshore_wind" set to the minmal tolerable weighting
weight of "offshore_wind" set to the minmal tolerable weighting
weight of "demand_power" set to the minmal tolerable weighting
[TSA] successfully applied. Results saved to SoC_proxy_TSA/data/cluster_maps/628be237f797b0b9d1a1.csv.
[TSA] cluster completed in 1.10
[Calliope] Validating and Configuring Calliope model: 628be237f797b0b9d1a1
[Calliope] Building Calliope model: 628be237f797b0b9d1a1
[Calliope] Solving Calliope model: 628be237f797b0b9d1a1
[Calliope] Solution saved to: SoC_proxy_TSA/data/calliope_models/628be237f797b0b9d1a1.nc
[SoC Proxy] Tuner: c*=0.744422 lost=0.000e+00 | margin=4.000% -> curtailment=0.714645
[SoC Proxy] curtailment forecast: 71.46%
 ------------------------------------------------------- 
  
[Dispatch] running scenario Sensitivity_W_reps60
   
 ------------------------------------------------------- 
 ------------------------------------------------------- 
 ----- K-Medoid, reps=60, W_proxy=0.0  -----
 -----      c621a6d4dcd9091e341b      ----- 
 ------------------------------------------------------- 
[Model] Parameter json saved to SoC_proxy_TSA/data/parameters/c621a6d4dcd9091e341b.json
[TSA] Extracting features dataframe for c621a6d4dcd9091e341b
[TSA]: Applying hierarchical clustering method, with medoidRepresentation representation.
[TSA] successfully applied. Results saved to SoC_proxy_TSA/data/cluster_maps/c621a6d4dcd9091e341b.csv.
[TSA] cluster completed in 0.76
[Calliope] Validating and Configuring Calliope model: c621a6d4dcd9091e341b
[Calliope] Building Calliope model: c621a6d4dcd9091e341b
[Calliope] Solving Calliope model: c621a6d4dcd9091e341b
[Calliope] Solution saved to: SoC_proxy_TSA/data/calliope_models/c621a6d4dcd9091e341b.nc
 ------------------------------------------------------- 
 ----- K-Medoid, reps=60, SocDelta, W_proxy=0.25  -----
 -----      549c66e81d464edf2deb      ----- 
 ------------------------------------------------------- 
[Model] Parameter json saved to SoC_proxy_TSA/data/parameters/549c66e81d464edf2deb.json
[TSA] Extracting features dataframe for 549c66e81d464edf2deb
[SoC Proxy] Tuner: c*=0.744327 lost=0.000e+00 | margin=4.000% -> curtailment=0.714554
[SoC Proxy] curtailment forecast: 71.46%
[TSA]: Applying hierarchical clustering method, with medoidRepresentation representation.
[TSA] successfully applied. Results saved to SoC_proxy_TSA/data/cluster_maps/549c66e81d464edf2deb.csv.
[TSA] cluster completed in 1.06
[Calliope] Validating and Configuring Calliope model: 549c66e81d464edf2deb
[Calliope] Building Calliope model: 549c66e81d464edf2deb
[Calliope] Solving Calliope model: 549c66e81d464edf2deb
[Calliope] Solution saved to: SoC_proxy_TSA/data/calliope_models/549c66e81d464edf2deb.nc
[SoC Proxy] Tuner: c*=0.748643 lost=0.000e+00 | margin=4.000% -> curtailment=0.718698
[SoC Proxy] curtailment forecast: 71.87%
 ------------------------------------------------------- 
 ----- K-Medoid, reps=60, SocDelta, W_proxy=0.5  -----
 -----      ff438d86e667cfc148b9      ----- 
 ------------------------------------------------------- 
[Model] Parameter json saved to SoC_proxy_TSA/data/parameters/ff438d86e667cfc148b9.json
[TSA] Extracting features dataframe for ff438d86e667cfc148b9
[SoC Proxy] Tuner: c*=0.744327 lost=0.000e+00 | margin=4.000% -> curtailment=0.714554
[SoC Proxy] curtailment forecast: 71.46%
[TSA]: Applying hierarchical clustering method, with medoidRepresentation representation.
[TSA] successfully applied. Results saved to SoC_proxy_TSA/data/cluster_maps/ff438d86e667cfc148b9.csv.
[TSA] cluster completed in 1.04
[Calliope] Validating and Configuring Calliope model: ff438d86e667cfc148b9
[Calliope] Building Calliope model: ff438d86e667cfc148b9
[Calliope] Solving Calliope model: ff438d86e667cfc148b9
[Calliope] Solution saved to: SoC_proxy_TSA/data/calliope_models/ff438d86e667cfc148b9.nc
[SoC Proxy] Tuner: c*=0.749971 lost=0.000e+00 | margin=4.000% -> curtailment=0.719972
[SoC Proxy] curtailment forecast: 72.00%
 ------------------------------------------------------- 
 ----- K-Medoid, reps=60, SocDelta, W_proxy=0.75  -----
 -----      c7693708dd2ff6e9eda1      ----- 
 ------------------------------------------------------- 
[Model] Parameter json saved to SoC_proxy_TSA/data/parameters/c7693708dd2ff6e9eda1.json
[TSA] Extracting features dataframe for c7693708dd2ff6e9eda1
[SoC Proxy] Tuner: c*=0.744327 lost=0.000e+00 | margin=4.000% -> curtailment=0.714554
[SoC Proxy] curtailment forecast: 71.46%
[TSA]: Applying hierarchical clustering method, with medoidRepresentation representation.
[TSA] successfully applied. Results saved to SoC_proxy_TSA/data/cluster_maps/c7693708dd2ff6e9eda1.csv.
[TSA] cluster completed in 1.11
[Calliope] Validating and Configuring Calliope model: c7693708dd2ff6e9eda1
[Calliope] Building Calliope model: c7693708dd2ff6e9eda1
[Calliope] Solving Calliope model: c7693708dd2ff6e9eda1
[Calliope] Solution saved to: SoC_proxy_TSA/data/calliope_models/c7693708dd2ff6e9eda1.nc
[SoC Proxy] Tuner: c*=0.745108 lost=0.000e+00 | margin=4.000% -> curtailment=0.715304
[SoC Proxy] curtailment forecast: 71.53%
 ------------------------------------------------------- 
 ----- K-Medoid, reps=60, SocDelta, W_proxy=1  -----
 -----      1423840aac7096b19d63      ----- 
 ------------------------------------------------------- 
[Model] Parameter json saved to SoC_proxy_TSA/data/parameters/1423840aac7096b19d63.json
[TSA] Extracting features dataframe for 1423840aac7096b19d63
[SoC Proxy] Tuner: c*=0.744327 lost=0.000e+00 | margin=4.000% -> curtailment=0.714554
[SoC Proxy] curtailment forecast: 71.46%
[TSA]: Applying hierarchical clustering method, with medoidRepresentation representation.
weight of "solar" set to the minmal tolerable weighting
weight of "onshore_wind" set to the minmal tolerable weighting
weight of "offshore_wind" set to the minmal tolerable weighting
weight of "demand_power" set to the minmal tolerable weighting
[TSA] successfully applied. Results saved to SoC_proxy_TSA/data/cluster_maps/1423840aac7096b19d63.csv.
[TSA] cluster completed in 1.19
[Calliope] Validating and Configuring Calliope model: 1423840aac7096b19d63
[Calliope] Building Calliope model: 1423840aac7096b19d63
[Calliope] Solving Calliope model: 1423840aac7096b19d63
[Calliope] Solution saved to: SoC_proxy_TSA/data/calliope_models/1423840aac7096b19d63.nc
[SoC Proxy] Tuner: c*=0.735132 lost=0.000e+00 | margin=4.000% -> curtailment=0.705726
[SoC Proxy] curtailment forecast: 70.57%
 ------------------------------------------------------- 
  
[Dispatch] running scenario Sensitivity_W_reps90
   
 ------------------------------------------------------- 
 ------------------------------------------------------- 
 ----- K-Medoid, reps=90, W_proxy=0.0  -----
 -----      ba25ca8a49894ff9e159      ----- 
 ------------------------------------------------------- 
[Model] Parameter json saved to SoC_proxy_TSA/data/parameters/ba25ca8a49894ff9e159.json
[TSA] Extracting features dataframe for ba25ca8a49894ff9e159
[TSA]: Applying hierarchical clustering method, with medoidRepresentation representation.
[TSA] successfully applied. Results saved to SoC_proxy_TSA/data/cluster_maps/ba25ca8a49894ff9e159.csv.
[TSA] cluster completed in 0.75
[Calliope] Validating and Configuring Calliope model: ba25ca8a49894ff9e159
[Calliope] Building Calliope model: ba25ca8a49894ff9e159
[Calliope] Solving Calliope model: ba25ca8a49894ff9e159
[Calliope] Solution saved to: SoC_proxy_TSA/data/calliope_models/ba25ca8a49894ff9e159.nc
 ------------------------------------------------------- 
 ----- K-Medoid, reps=90, SocDelta, W_proxy=0.25  -----
 -----      fcf3c95d8b058e77cb67      ----- 
 ------------------------------------------------------- 
[Model] Parameter json saved to SoC_proxy_TSA/data/parameters/fcf3c95d8b058e77cb67.json
[TSA] Extracting features dataframe for fcf3c95d8b058e77cb67
[SoC Proxy] Tuner: c*=0.744327 lost=0.000e+00 | margin=4.000% -> curtailment=0.714554
[SoC Proxy] curtailment forecast: 71.46%
[TSA]: Applying hierarchical clustering method, with medoidRepresentation representation.
[TSA] successfully applied. Results saved to SoC_proxy_TSA/data/cluster_maps/fcf3c95d8b058e77cb67.csv.
[TSA] cluster completed in 1.06
[Calliope] Validating and Configuring Calliope model: fcf3c95d8b058e77cb67
[Calliope] Building Calliope model: fcf3c95d8b058e77cb67
[Calliope] Solving Calliope model: fcf3c95d8b058e77cb67
[Calliope] Solution saved to: SoC_proxy_TSA/data/calliope_models/fcf3c95d8b058e77cb67.nc
[SoC Proxy] Tuner: c*=0.750727 lost=0.000e+00 | margin=4.000% -> curtailment=0.720698
[SoC Proxy] curtailment forecast: 72.07%
 ------------------------------------------------------- 
 ----- K-Medoid, reps=90, SocDelta, W_proxy=0.5  -----
 -----      b71f5055ef9c87dc794b      ----- 
 ------------------------------------------------------- 
[Model] Parameter json saved to SoC_proxy_TSA/data/parameters/b71f5055ef9c87dc794b.json
[TSA] Extracting features dataframe for b71f5055ef9c87dc794b
[SoC Proxy] Tuner: c*=0.744327 lost=0.000e+00 | margin=4.000% -> curtailment=0.714554
[SoC Proxy] curtailment forecast: 71.46%
[TSA]: Applying hierarchical clustering method, with medoidRepresentation representation.
[TSA] successfully applied. Results saved to SoC_proxy_TSA/data/cluster_maps/b71f5055ef9c87dc794b.csv.
[TSA] cluster completed in 1.10
[Calliope] Validating and Configuring Calliope model: b71f5055ef9c87dc794b
[Calliope] Building Calliope model: b71f5055ef9c87dc794b
[Calliope] Solving Calliope model: b71f5055ef9c87dc794b
[Calliope] Solution saved to: SoC_proxy_TSA/data/calliope_models/b71f5055ef9c87dc794b.nc
[SoC Proxy] Tuner: c*=0.750596 lost=0.000e+00 | margin=4.000% -> curtailment=0.720572
[SoC Proxy] curtailment forecast: 72.06%
 ------------------------------------------------------- 
 ----- K-Medoid, reps=90, SocDelta, W_proxy=0.75  -----
 -----      a5dc996522fcdbd3dd24      ----- 
 ------------------------------------------------------- 
[Model] Parameter json saved to SoC_proxy_TSA/data/parameters/a5dc996522fcdbd3dd24.json
[TSA] Extracting features dataframe for a5dc996522fcdbd3dd24
[SoC Proxy] Tuner: c*=0.744327 lost=0.000e+00 | margin=4.000% -> curtailment=0.714554
[SoC Proxy] curtailment forecast: 71.46%
[TSA]: Applying hierarchical clustering method, with medoidRepresentation representation.
[TSA] successfully applied. Results saved to SoC_proxy_TSA/data/cluster_maps/a5dc996522fcdbd3dd24.csv.
[TSA] cluster completed in 1.09
[Calliope] Validating and Configuring Calliope model: a5dc996522fcdbd3dd24
[Calliope] Building Calliope model: a5dc996522fcdbd3dd24
[Calliope] Solving Calliope model: a5dc996522fcdbd3dd24
[Calliope] Solution saved to: SoC_proxy_TSA/data/calliope_models/a5dc996522fcdbd3dd24.nc
[SoC Proxy] Tuner: c*=0.746455 lost=0.000e+00 | margin=4.000% -> curtailment=0.716597
[SoC Proxy] curtailment forecast: 71.66%
 ------------------------------------------------------- 
 ----- K-Medoid, reps=90, SocDelta, W_proxy=1  -----
 -----      ca276a50a2e98cb69cd8      ----- 
 ------------------------------------------------------- 
[Model] Parameter json saved to SoC_proxy_TSA/data/parameters/ca276a50a2e98cb69cd8.json
[TSA] Extracting features dataframe for ca276a50a2e98cb69cd8
[SoC Proxy] Tuner: c*=0.744327 lost=0.000e+00 | margin=4.000% -> curtailment=0.714554
[SoC Proxy] curtailment forecast: 71.46%
[TSA]: Applying hierarchical clustering method, with medoidRepresentation representation.
weight of "solar" set to the minmal tolerable weighting
weight of "onshore_wind" set to the minmal tolerable weighting
weight of "offshore_wind" set to the minmal tolerable weighting
weight of "demand_power" set to the minmal tolerable weighting
[TSA] successfully applied. Results saved to SoC_proxy_TSA/data/cluster_maps/ca276a50a2e98cb69cd8.csv.
[TSA] cluster completed in 1.11
[Calliope] Validating and Configuring Calliope model: ca276a50a2e98cb69cd8
[Calliope] Building Calliope model: ca276a50a2e98cb69cd8
[Calliope] Solving Calliope model: ca276a50a2e98cb69cd8
[Calliope] Solution saved to: SoC_proxy_TSA/data/calliope_models/ca276a50a2e98cb69cd8.nc
[SoC Proxy] Tuner: c*=0.744638 lost=0.000e+00 | margin=4.000% -> curtailment=0.714852
[SoC Proxy] curtailment forecast: 71.49%
 ------------------------------------------------------- 
  
[Dispatch] running scenario Sensitivity_W_reps45
   
 ------------------------------------------------------- 
 ------------------------------------------------------- 
 ----- K-Medoid, reps=45, W_proxy=0.0  -----
 -----      2af82dab8d154c9a791e      ----- 
 ------------------------------------------------------- 
[Model] Parameter json saved to SoC_proxy_TSA/data/parameters/2af82dab8d154c9a791e.json
[TSA] Extracting features dataframe for 2af82dab8d154c9a791e
[TSA]: Applying hierarchical clustering method, with medoidRepresentation representation.
[TSA] successfully applied. Results saved to SoC_proxy_TSA/data/cluster_maps/2af82dab8d154c9a791e.csv.
[TSA] cluster completed in 0.78
[Calliope] Validating and Configuring Calliope model: 2af82dab8d154c9a791e
[Calliope] Building Calliope model: 2af82dab8d154c9a791e
[Calliope] Solving Calliope model: 2af82dab8d154c9a791e
[Calliope] Solution saved to: SoC_proxy_TSA/data/calliope_models/2af82dab8d154c9a791e.nc
 ------------------------------------------------------- 
 ----- K-Medoid, reps=45, SocDelta, W_proxy=0.25  -----
 -----      1a96f134aaa8a44a2f27      ----- 
 ------------------------------------------------------- 
[Model] Parameter json saved to SoC_proxy_TSA/data/parameters/1a96f134aaa8a44a2f27.json
[TSA] Extracting features dataframe for 1a96f134aaa8a44a2f27
[SoC Proxy] Tuner: c*=0.737047 lost=0.000e+00 | margin=4.000% -> curtailment=0.707565
[SoC Proxy] curtailment forecast: 70.76%
[TSA]: Applying hierarchical clustering method, with medoidRepresentation representation.
[TSA] successfully applied. Results saved to SoC_proxy_TSA/data/cluster_maps/1a96f134aaa8a44a2f27.csv.
[TSA] cluster completed in 1.09
[Calliope] Validating and Configuring Calliope model: 1a96f134aaa8a44a2f27
[Calliope] Building Calliope model: 1a96f134aaa8a44a2f27
[Calliope] Solving Calliope model: 1a96f134aaa8a44a2f27
[Calliope] Solution saved to: SoC_proxy_TSA/data/calliope_models/1a96f134aaa8a44a2f27.nc
[SoC Proxy] Tuner: c*=0.745783 lost=0.000e+00 | margin=4.000% -> curtailment=0.715952
[SoC Proxy] curtailment forecast: 71.60%
 ------------------------------------------------------- 
 ----- K-Medoid, reps=45, SocDelta, W_proxy=0.5  -----
 -----      a012b7387154b4c56562      ----- 
 ------------------------------------------------------- 
[Model] Parameter json saved to SoC_proxy_TSA/data/parameters/a012b7387154b4c56562.json
[TSA] Extracting features dataframe for a012b7387154b4c56562
[SoC Proxy] Tuner: c*=0.737047 lost=0.000e+00 | margin=4.000% -> curtailment=0.707565
[SoC Proxy] curtailment forecast: 70.76%
[TSA]: Applying hierarchical clustering method, with medoidRepresentation representation.
[TSA] successfully applied. Results saved to SoC_proxy_TSA/data/cluster_maps/a012b7387154b4c56562.csv.
[TSA] cluster completed in 1.04
[Calliope] Validating and Configuring Calliope model: a012b7387154b4c56562
[Calliope] Building Calliope model: a012b7387154b4c56562
[Calliope] Solving Calliope model: a012b7387154b4c56562
[Calliope] Solution saved to: SoC_proxy_TSA/data/calliope_models/a012b7387154b4c56562.nc
[SoC Proxy] Tuner: c*=0.732590 lost=0.000e+00 | margin=4.000% -> curtailment=0.703287
[SoC Proxy] curtailment forecast: 70.33%
 ------------------------------------------------------- 
 ----- K-Medoid, reps=45, SocDelta, W_proxy=0.75  -----
 -----      e7a032090f2b94881d12      ----- 
 ------------------------------------------------------- 
[Model] Parameter json saved to SoC_proxy_TSA/data/parameters/e7a032090f2b94881d12.json
[TSA] Extracting features dataframe for e7a032090f2b94881d12
[SoC Proxy] Tuner: c*=0.737047 lost=0.000e+00 | margin=4.000% -> curtailment=0.707565
[SoC Proxy] curtailment forecast: 70.76%
[TSA]: Applying hierarchical clustering method, with medoidRepresentation representation.
[TSA] successfully applied. Results saved to SoC_proxy_TSA/data/cluster_maps/e7a032090f2b94881d12.csv.
[TSA] cluster completed in 1.08
[Calliope] Validating and Configuring Calliope model: e7a032090f2b94881d12
[Calliope] Building Calliope model: e7a032090f2b94881d12
[Calliope] Solving Calliope model: e7a032090f2b94881d12
[Calliope] Solution saved to: SoC_proxy_TSA/data/calliope_models/e7a032090f2b94881d12.nc
[SoC Proxy] Tuner: c*=0.746930 lost=0.000e+00 | margin=4.000% -> curtailment=0.717053
[SoC Proxy] curtailment forecast: 71.71%
 ------------------------------------------------------- 
 ----- K-Medoid, reps=45, SocDelta, W_proxy=1  -----
 -----      e812192585bd36a48e3e      ----- 
 ------------------------------------------------------- 
[Model] Parameter json saved to SoC_proxy_TSA/data/parameters/e812192585bd36a48e3e.json
[TSA] Extracting features dataframe for e812192585bd36a48e3e
[SoC Proxy] Tuner: c*=0.737047 lost=0.000e+00 | margin=4.000% -> curtailment=0.707565
[SoC Proxy] curtailment forecast: 70.76%
[TSA]: Applying hierarchical clustering method, with medoidRepresentation representation.
weight of "solar" set to the minmal tolerable weighting
weight of "onshore_wind" set to the minmal tolerable weighting
weight of "offshore_wind" set to the minmal tolerable weighting
weight of "demand_power" set to the minmal tolerable weighting
[TSA] successfully applied. Results saved to SoC_proxy_TSA/data/cluster_maps/e812192585bd36a48e3e.csv.
[TSA] cluster completed in 1.08
[Calliope] Validating and Configuring Calliope model: e812192585bd36a48e3e
[Calliope] Building Calliope model: e812192585bd36a48e3e
[Calliope] Solving Calliope model: e812192585bd36a48e3e
[Calliope] Solution saved to: SoC_proxy_TSA/data/calliope_models/e812192585bd36a48e3e.nc
[SoC Proxy] Tuner: c*=0.742962 lost=0.000e+00 | margin=4.000% -> curtailment=0.713244
[SoC Proxy] curtailment forecast: 71.32%
 ------------------------------------------------------- 
  
[Dispatch] running scenario Sensitivity_W_reps60
   
 ------------------------------------------------------- 
 ------------------------------------------------------- 
 ----- K-Medoid, reps=60, W_proxy=0.0  -----
 -----      df4be09ee48b21169ec3      ----- 
 ------------------------------------------------------- 
[Model] Parameter json saved to SoC_proxy_TSA/data/parameters/df4be09ee48b21169ec3.json
[TSA] Extracting features dataframe for df4be09ee48b21169ec3
[TSA]: Applying hierarchical clustering method, with medoidRepresentation representation.
[TSA] successfully applied. Results saved to SoC_proxy_TSA/data/cluster_maps/df4be09ee48b21169ec3.csv.
[TSA] cluster completed in 0.78
[Calliope] Validating and Configuring Calliope model: df4be09ee48b21169ec3
[Calliope] Building Calliope model: df4be09ee48b21169ec3
[Calliope] Solving Calliope model: df4be09ee48b21169ec3
[Calliope] Solution saved to: SoC_proxy_TSA/data/calliope_models/df4be09ee48b21169ec3.nc
 ------------------------------------------------------- 
 ----- K-Medoid, reps=60, SocDelta, W_proxy=0.25  -----
 -----      09660131f3fae77edba7      ----- 
 ------------------------------------------------------- 
[Model] Parameter json saved to SoC_proxy_TSA/data/parameters/09660131f3fae77edba7.json
[TSA] Extracting features dataframe for 09660131f3fae77edba7
[SoC Proxy] Tuner: c*=0.737047 lost=0.000e+00 | margin=4.000% -> curtailment=0.707565
[SoC Proxy] curtailment forecast: 70.76%
[TSA]: Applying hierarchical clustering method, with medoidRepresentation representation.
[TSA] successfully applied. Results saved to SoC_proxy_TSA/data/cluster_maps/09660131f3fae77edba7.csv.
[TSA] cluster completed in 1.09
[Calliope] Validating and Configuring Calliope model: 09660131f3fae77edba7
[Calliope] Building Calliope model: 09660131f3fae77edba7
[Calliope] Solving Calliope model: 09660131f3fae77edba7
[Calliope] Solution saved to: SoC_proxy_TSA/data/calliope_models/09660131f3fae77edba7.nc
[SoC Proxy] Tuner: c*=0.743325 lost=0.000e+00 | margin=4.000% -> curtailment=0.713592
[SoC Proxy] curtailment forecast: 71.36%
 ------------------------------------------------------- 
 ----- K-Medoid, reps=60, SocDelta, W_proxy=0.5  -----
 -----      6a490fc1c4eac932b490      ----- 
 ------------------------------------------------------- 
[Model] Parameter json saved to SoC_proxy_TSA/data/parameters/6a490fc1c4eac932b490.json
[TSA] Extracting features dataframe for 6a490fc1c4eac932b490
[SoC Proxy] Tuner: c*=0.737047 lost=0.000e+00 | margin=4.000% -> curtailment=0.707565
[SoC Proxy] curtailment forecast: 70.76%
[TSA]: Applying hierarchical clustering method, with medoidRepresentation representation.
[TSA] successfully applied. Results saved to SoC_proxy_TSA/data/cluster_maps/6a490fc1c4eac932b490.csv.
[TSA] cluster completed in 1.04
[Calliope] Validating and Configuring Calliope model: 6a490fc1c4eac932b490
[Calliope] Building Calliope model: 6a490fc1c4eac932b490
[Calliope] Solving Calliope model: 6a490fc1c4eac932b490
[Calliope] Solution saved to: SoC_proxy_TSA/data/calliope_models/6a490fc1c4eac932b490.nc
[SoC Proxy] Tuner: c*=0.739669 lost=0.000e+00 | margin=4.000% -> curtailment=0.710082
[SoC Proxy] curtailment forecast: 71.01%
 ------------------------------------------------------- 
 ----- K-Medoid, reps=60, SocDelta, W_proxy=0.75  -----
 -----      082f09ecbf5ca6a04386      ----- 
 ------------------------------------------------------- 
[Model] Parameter json saved to SoC_proxy_TSA/data/parameters/082f09ecbf5ca6a04386.json
[TSA] Extracting features dataframe for 082f09ecbf5ca6a04386
[SoC Proxy] Tuner: c*=0.737047 lost=0.000e+00 | margin=4.000% -> curtailment=0.707565
[SoC Proxy] curtailment forecast: 70.76%
[TSA]: Applying hierarchical clustering method, with medoidRepresentation representation.
[TSA] successfully applied. Results saved to SoC_proxy_TSA/data/cluster_maps/082f09ecbf5ca6a04386.csv.
[TSA] cluster completed in 1.21
[Calliope] Validating and Configuring Calliope model: 082f09ecbf5ca6a04386
[Calliope] Building Calliope model: 082f09ecbf5ca6a04386
[Calliope] Solving Calliope model: 082f09ecbf5ca6a04386
[Calliope] Solution saved to: SoC_proxy_TSA/data/calliope_models/082f09ecbf5ca6a04386.nc
[SoC Proxy] Tuner: c*=0.743684 lost=0.000e+00 | margin=4.000% -> curtailment=0.713937
[SoC Proxy] curtailment forecast: 71.39%
 ------------------------------------------------------- 
 ----- K-Medoid, reps=60, SocDelta, W_proxy=1  -----
 -----      bed359f806156ab4f053      ----- 
 ------------------------------------------------------- 
[Model] Parameter json saved to SoC_proxy_TSA/data/parameters/bed359f806156ab4f053.json
[TSA] Extracting features dataframe for bed359f806156ab4f053
[SoC Proxy] Tuner: c*=0.737047 lost=0.000e+00 | margin=4.000% -> curtailment=0.707565
[SoC Proxy] curtailment forecast: 70.76%
[TSA]: Applying hierarchical clustering method, with medoidRepresentation representation.
weight of "solar" set to the minmal tolerable weighting
weight of "onshore_wind" set to the minmal tolerable weighting
weight of "offshore_wind" set to the minmal tolerable weighting
weight of "demand_power" set to the minmal tolerable weighting
[TSA] successfully applied. Results saved to SoC_proxy_TSA/data/cluster_maps/bed359f806156ab4f053.csv.
[TSA] cluster completed in 1.05
[Calliope] Validating and Configuring Calliope model: bed359f806156ab4f053
[Calliope] Building Calliope model: bed359f806156ab4f053
[Calliope] Solving Calliope model: bed359f806156ab4f053
[Calliope] Solution saved to: SoC_proxy_TSA/data/calliope_models/bed359f806156ab4f053.nc
[SoC Proxy] Tuner: c*=0.743820 lost=0.000e+00 | margin=4.000% -> curtailment=0.714068
[SoC Proxy] curtailment forecast: 71.41%
 ------------------------------------------------------- 
  
[Dispatch] running scenario Sensitivity_W_reps90
   
 ------------------------------------------------------- 
 ------------------------------------------------------- 
 ----- K-Medoid, reps=90, W_proxy=0.0  -----
 -----      fae5fff74eee0be13178      ----- 
 ------------------------------------------------------- 
[Model] Parameter json saved to SoC_proxy_TSA/data/parameters/fae5fff74eee0be13178.json
[TSA] Extracting features dataframe for fae5fff74eee0be13178
[TSA]: Applying hierarchical clustering method, with medoidRepresentation representation.
[TSA] successfully applied. Results saved to SoC_proxy_TSA/data/cluster_maps/fae5fff74eee0be13178.csv.
[TSA] cluster completed in 0.79
[Calliope] Validating and Configuring Calliope model: fae5fff74eee0be13178
[Calliope] Building Calliope model: fae5fff74eee0be13178
[Calliope] Solving Calliope model: fae5fff74eee0be13178
[Calliope] Solution saved to: SoC_proxy_TSA/data/calliope_models/fae5fff74eee0be13178.nc
 ------------------------------------------------------- 
 ----- K-Medoid, reps=90, SocDelta, W_proxy=0.25  -----
 -----      7093fd42e94ce734dc16      ----- 
 ------------------------------------------------------- 
[Model] Parameter json saved to SoC_proxy_TSA/data/parameters/7093fd42e94ce734dc16.json
[TSA] Extracting features dataframe for 7093fd42e94ce734dc16
[SoC Proxy] Tuner: c*=0.737047 lost=0.000e+00 | margin=4.000% -> curtailment=0.707565
[SoC Proxy] curtailment forecast: 70.76%
[TSA]: Applying hierarchical clustering method, with medoidRepresentation representation.
[TSA] successfully applied. Results saved to SoC_proxy_TSA/data/cluster_maps/7093fd42e94ce734dc16.csv.
[TSA] cluster completed in 1.10
[Calliope] Validating and Configuring Calliope model: 7093fd42e94ce734dc16
[Calliope] Building Calliope model: 7093fd42e94ce734dc16
[Calliope] Solving Calliope model: 7093fd42e94ce734dc16
[Calliope] Solution saved to: SoC_proxy_TSA/data/calliope_models/7093fd42e94ce734dc16.nc
[SoC Proxy] Tuner: c*=0.741699 lost=0.000e+00 | margin=4.000% -> curtailment=0.712031
[SoC Proxy] curtailment forecast: 71.20%
 ------------------------------------------------------- 
 ----- K-Medoid, reps=90, SocDelta, W_proxy=0.5  -----
 -----      9a51256ab9e5be24701e      ----- 
 ------------------------------------------------------- 
[Model] Parameter json saved to SoC_proxy_TSA/data/parameters/9a51256ab9e5be24701e.json
[TSA] Extracting features dataframe for 9a51256ab9e5be24701e
[SoC Proxy] Tuner: c*=0.737047 lost=0.000e+00 | margin=4.000% -> curtailment=0.707565
[SoC Proxy] curtailment forecast: 70.76%
[TSA]: Applying hierarchical clustering method, with medoidRepresentation representation.
[TSA] successfully applied. Results saved to SoC_proxy_TSA/data/cluster_maps/9a51256ab9e5be24701e.csv.
[TSA] cluster completed in 1.07
[Calliope] Validating and Configuring Calliope model: 9a51256ab9e5be24701e
[Calliope] Building Calliope model: 9a51256ab9e5be24701e
[Calliope] Solving Calliope model: 9a51256ab9e5be24701e
[Calliope] Solution saved to: SoC_proxy_TSA/data/calliope_models/9a51256ab9e5be24701e.nc
[SoC Proxy] Tuner: c*=0.738467 lost=0.000e+00 | margin=4.000% -> curtailment=0.708929
[SoC Proxy] curtailment forecast: 70.89%
 ------------------------------------------------------- 
 ----- K-Medoid, reps=90, SocDelta, W_proxy=0.75  -----
 -----      e97e31559b5df774c286      ----- 
 ------------------------------------------------------- 
[Model] Parameter json saved to SoC_proxy_TSA/data/parameters/e97e31559b5df774c286.json
[TSA] Extracting features dataframe for e97e31559b5df774c286
[SoC Proxy] Tuner: c*=0.737047 lost=0.000e+00 | margin=4.000% -> curtailment=0.707565
[SoC Proxy] curtailment forecast: 70.76%
[TSA]: Applying hierarchical clustering method, with medoidRepresentation representation.
[TSA] successfully applied. Results saved to SoC_proxy_TSA/data/cluster_maps/e97e31559b5df774c286.csv.
[TSA] cluster completed in 1.13
[Calliope] Validating and Configuring Calliope model: e97e31559b5df774c286
[Calliope] Building Calliope model: e97e31559b5df774c286
[Calliope] Solving Calliope model: e97e31559b5df774c286
[Calliope] Solution saved to: SoC_proxy_TSA/data/calliope_models/e97e31559b5df774c286.nc
[SoC Proxy] Tuner: c*=0.738406 lost=0.000e+00 | margin=4.000% -> curtailment=0.708869
[SoC Proxy] curtailment forecast: 70.89%
 ------------------------------------------------------- 
 ----- K-Medoid, reps=90, SocDelta, W_proxy=1  -----
 -----      817168414861fd9f7a3c      ----- 
 ------------------------------------------------------- 
[Model] Parameter json saved to SoC_proxy_TSA/data/parameters/817168414861fd9f7a3c.json
[TSA] Extracting features dataframe for 817168414861fd9f7a3c
[SoC Proxy] Tuner: c*=0.737047 lost=0.000e+00 | margin=4.000% -> curtailment=0.707565
[SoC Proxy] curtailment forecast: 70.76%
[TSA]: Applying hierarchical clustering method, with medoidRepresentation representation.
weight of "solar" set to the minmal tolerable weighting
weight of "onshore_wind" set to the minmal tolerable weighting
weight of "offshore_wind" set to the minmal tolerable weighting
weight of "demand_power" set to the minmal tolerable weighting
[TSA] successfully applied. Results saved to SoC_proxy_TSA/data/cluster_maps/817168414861fd9f7a3c.csv.
[TSA] cluster completed in 1.06
[Calliope] Validating and Configuring Calliope model: 817168414861fd9f7a3c
[Calliope] Building Calliope model: 817168414861fd9f7a3c
[Calliope] Solving Calliope model: 817168414861fd9f7a3c
[Calliope] Solution saved to: SoC_proxy_TSA/data/calliope_models/817168414861fd9f7a3c.nc
[SoC Proxy] Tuner: c*=0.732497 lost=0.000e+00 | margin=4.000% -> curtailment=0.703197
[SoC Proxy] curtailment forecast: 70.32%
 ------------------------------------------------------- 
  
[Dispatch] running scenario Sensitivity_W_reps45
   
 ------------------------------------------------------- 
 ------------------------------------------------------- 
 ----- K-Medoid, reps=45, W_proxy=0.0  -----
 -----      992607be1c29eeff084d      ----- 
 ------------------------------------------------------- 
[Model] Parameter json saved to SoC_proxy_TSA/data/parameters/992607be1c29eeff084d.json
[TSA] Extracting features dataframe for 992607be1c29eeff084d
[TSA]: Applying hierarchical clustering method, with medoidRepresentation representation.
[TSA] successfully applied. Results saved to SoC_proxy_TSA/data/cluster_maps/992607be1c29eeff084d.csv.
[TSA] cluster completed in 0.72
[Calliope] Validating and Configuring Calliope model: 992607be1c29eeff084d
[Calliope] Building Calliope model: 992607be1c29eeff084d
[Calliope] Solving Calliope model: 992607be1c29eeff084d
[Calliope] Solution saved to: SoC_proxy_TSA/data/calliope_models/992607be1c29eeff084d.nc
 ------------------------------------------------------- 
 ----- K-Medoid, reps=45, SocDelta, W_proxy=0.25  -----
 -----      ab993976f05628e9142f      ----- 
 ------------------------------------------------------- 
[Model] Parameter json saved to SoC_proxy_TSA/data/parameters/ab993976f05628e9142f.json
[TSA] Extracting features dataframe for ab993976f05628e9142f
[SoC Proxy] Tuner: c*=0.742968 lost=0.000e+00 | margin=4.000% -> curtailment=0.713249
[SoC Proxy] curtailment forecast: 71.32%
[TSA]: Applying hierarchical clustering method, with medoidRepresentation representation.
[TSA] successfully applied. Results saved to SoC_proxy_TSA/data/cluster_maps/ab993976f05628e9142f.csv.
[TSA] cluster completed in 1.09
[Calliope] Validating and Configuring Calliope model: ab993976f05628e9142f
[Calliope] Building Calliope model: ab993976f05628e9142f
[Calliope] Solving Calliope model: ab993976f05628e9142f
[Calliope] Solution saved to: SoC_proxy_TSA/data/calliope_models/ab993976f05628e9142f.nc
[SoC Proxy] Tuner: c*=0.749385 lost=0.000e+00 | margin=4.000% -> curtailment=0.719410
[SoC Proxy] curtailment forecast: 71.94%
 ------------------------------------------------------- 
 ----- K-Medoid, reps=45, SocDelta, W_proxy=0.5  -----
 -----      29936f69e3a0c98658c6      ----- 
 ------------------------------------------------------- 
[Model] Parameter json saved to SoC_proxy_TSA/data/parameters/29936f69e3a0c98658c6.json
[TSA] Extracting features dataframe for 29936f69e3a0c98658c6
[SoC Proxy] Tuner: c*=0.742968 lost=0.000e+00 | margin=4.000% -> curtailment=0.713249
[SoC Proxy] curtailment forecast: 71.32%
[TSA]: Applying hierarchical clustering method, with medoidRepresentation representation.
[TSA] successfully applied. Results saved to SoC_proxy_TSA/data/cluster_maps/29936f69e3a0c98658c6.csv.
[TSA] cluster completed in 1.07
[Calliope] Validating and Configuring Calliope model: 29936f69e3a0c98658c6
[Calliope] Building Calliope model: 29936f69e3a0c98658c6
[Calliope] Solving Calliope model: 29936f69e3a0c98658c6
[Calliope] Solution saved to: SoC_proxy_TSA/data/calliope_models/29936f69e3a0c98658c6.nc
[SoC Proxy] Tuner: c*=0.749626 lost=0.000e+00 | margin=4.000% -> curtailment=0.719641
[SoC Proxy] curtailment forecast: 71.96%
 ------------------------------------------------------- 
 ----- K-Medoid, reps=45, SocDelta, W_proxy=0.75  -----
 -----      9ac0ec8adfbe165060ae      ----- 
 ------------------------------------------------------- 
[Model] Parameter json saved to SoC_proxy_TSA/data/parameters/9ac0ec8adfbe165060ae.json
[TSA] Extracting features dataframe for 9ac0ec8adfbe165060ae
[SoC Proxy] Tuner: c*=0.742968 lost=0.000e+00 | margin=4.000% -> curtailment=0.713249
[SoC Proxy] curtailment forecast: 71.32%
[TSA]: Applying hierarchical clustering method, with medoidRepresentation representation.
[TSA] successfully applied. Results saved to SoC_proxy_TSA/data/cluster_maps/9ac0ec8adfbe165060ae.csv.
[TSA] cluster completed in 1.05
[Calliope] Validating and Configuring Calliope model: 9ac0ec8adfbe165060ae
[Calliope] Building Calliope model: 9ac0ec8adfbe165060ae
[Calliope] Solving Calliope model: 9ac0ec8adfbe165060ae
[Calliope] Solution saved to: SoC_proxy_TSA/data/calliope_models/9ac0ec8adfbe165060ae.nc
[SoC Proxy] Tuner: c*=0.756378 lost=0.000e+00 | margin=4.000% -> curtailment=0.726123
[SoC Proxy] curtailment forecast: 72.61%
 ------------------------------------------------------- 
 ----- K-Medoid, reps=45, SocDelta, W_proxy=1  -----
 -----      4bf4e2957be9508ad71c      ----- 
 ------------------------------------------------------- 
[Model] Parameter json saved to SoC_proxy_TSA/data/parameters/4bf4e2957be9508ad71c.json
[TSA] Extracting features dataframe for 4bf4e2957be9508ad71c
[SoC Proxy] Tuner: c*=0.742968 lost=0.000e+00 | margin=4.000% -> curtailment=0.713249
[SoC Proxy] curtailment forecast: 71.32%
[TSA]: Applying hierarchical clustering method, with medoidRepresentation representation.
weight of "solar" set to the minmal tolerable weighting
weight of "onshore_wind" set to the minmal tolerable weighting
weight of "offshore_wind" set to the minmal tolerable weighting
weight of "demand_power" set to the minmal tolerable weighting
[TSA] successfully applied. Results saved to SoC_proxy_TSA/data/cluster_maps/4bf4e2957be9508ad71c.csv.
[TSA] cluster completed in 1.13
[Calliope] Validating and Configuring Calliope model: 4bf4e2957be9508ad71c
[Calliope] Building Calliope model: 4bf4e2957be9508ad71c
[Calliope] Solving Calliope model: 4bf4e2957be9508ad71c
[Calliope] Solution saved to: SoC_proxy_TSA/data/calliope_models/4bf4e2957be9508ad71c.nc
[SoC Proxy] Tuner: c*=0.752362 lost=0.000e+00 | margin=4.000% -> curtailment=0.722267
[SoC Proxy] curtailment forecast: 72.23%
 ------------------------------------------------------- 
  
[Dispatch] running scenario Sensitivity_W_reps60
   
 ------------------------------------------------------- 
 ------------------------------------------------------- 
 ----- K-Medoid, reps=60, W_proxy=0.0  -----
 -----      7e93b2da774ec3483d5f      ----- 
 ------------------------------------------------------- 
[Model] Parameter json saved to SoC_proxy_TSA/data/parameters/7e93b2da774ec3483d5f.json
[TSA] Extracting features dataframe for 7e93b2da774ec3483d5f
[TSA]: Applying hierarchical clustering method, with medoidRepresentation representation.
[TSA] successfully applied. Results saved to SoC_proxy_TSA/data/cluster_maps/7e93b2da774ec3483d5f.csv.
[TSA] cluster completed in 0.75
[Calliope] Validating and Configuring Calliope model: 7e93b2da774ec3483d5f
[Calliope] Building Calliope model: 7e93b2da774ec3483d5f
[Calliope] Solving Calliope model: 7e93b2da774ec3483d5f
[Calliope] Solution saved to: SoC_proxy_TSA/data/calliope_models/7e93b2da774ec3483d5f.nc
 ------------------------------------------------------- 
 ----- K-Medoid, reps=60, SocDelta, W_proxy=0.25  -----
 -----      8ee67f3aea2612f0cd2b      ----- 
 ------------------------------------------------------- 
[Model] Parameter json saved to SoC_proxy_TSA/data/parameters/8ee67f3aea2612f0cd2b.json
[TSA] Extracting features dataframe for 8ee67f3aea2612f0cd2b
[SoC Proxy] Tuner: c*=0.742968 lost=0.000e+00 | margin=4.000% -> curtailment=0.713249
[SoC Proxy] curtailment forecast: 71.32%
[TSA]: Applying hierarchical clustering method, with medoidRepresentation representation.
[TSA] successfully applied. Results saved to SoC_proxy_TSA/data/cluster_maps/8ee67f3aea2612f0cd2b.csv.
[TSA] cluster completed in 1.07
[Calliope] Validating and Configuring Calliope model: 8ee67f3aea2612f0cd2b
[Calliope] Building Calliope model: 8ee67f3aea2612f0cd2b
[Calliope] Solving Calliope model: 8ee67f3aea2612f0cd2b
[Calliope] Solution saved to: SoC_proxy_TSA/data/calliope_models/8ee67f3aea2612f0cd2b.nc
[SoC Proxy] Tuner: c*=0.748636 lost=0.000e+00 | margin=4.000% -> curtailment=0.718690
[SoC Proxy] curtailment forecast: 71.87%
 ------------------------------------------------------- 
 ----- K-Medoid, reps=60, SocDelta, W_proxy=0.5  -----
 -----      e1feaed2f346772d1113      ----- 
 ------------------------------------------------------- 
[Model] Parameter json saved to SoC_proxy_TSA/data/parameters/e1feaed2f346772d1113.json
[TSA] Extracting features dataframe for e1feaed2f346772d1113
[SoC Proxy] Tuner: c*=0.742968 lost=0.000e+00 | margin=4.000% -> curtailment=0.713249
[SoC Proxy] curtailment forecast: 71.32%
[TSA]: Applying hierarchical clustering method, with medoidRepresentation representation.
[TSA] successfully applied. Results saved to SoC_proxy_TSA/data/cluster_maps/e1feaed2f346772d1113.csv.
[TSA] cluster completed in 1.07
[Calliope] Validating and Configuring Calliope model: e1feaed2f346772d1113
[Calliope] Building Calliope model: e1feaed2f346772d1113
[Calliope] Solving Calliope model: e1feaed2f346772d1113
[Calliope] Solution saved to: SoC_proxy_TSA/data/calliope_models/e1feaed2f346772d1113.nc
[SoC Proxy] Tuner: c*=0.748462 lost=0.000e+00 | margin=4.000% -> curtailment=0.718524
[SoC Proxy] curtailment forecast: 71.85%
 ------------------------------------------------------- 
 ----- K-Medoid, reps=60, SocDelta, W_proxy=0.75  -----
 -----      638ed15349d825eac021      ----- 
 ------------------------------------------------------- 
[Model] Parameter json saved to SoC_proxy_TSA/data/parameters/638ed15349d825eac021.json
[TSA] Extracting features dataframe for 638ed15349d825eac021
[SoC Proxy] Tuner: c*=0.742968 lost=0.000e+00 | margin=4.000% -> curtailment=0.713249
[SoC Proxy] curtailment forecast: 71.32%
[TSA]: Applying hierarchical clustering method, with medoidRepresentation representation.
[TSA] successfully applied. Results saved to SoC_proxy_TSA/data/cluster_maps/638ed15349d825eac021.csv.
[TSA] cluster completed in 1.03
[Calliope] Validating and Configuring Calliope model: 638ed15349d825eac021
[Calliope] Building Calliope model: 638ed15349d825eac021
[Calliope] Solving Calliope model: 638ed15349d825eac021
[Calliope] Solution saved to: SoC_proxy_TSA/data/calliope_models/638ed15349d825eac021.nc
[SoC Proxy] Tuner: c*=0.754540 lost=0.000e+00 | margin=4.000% -> curtailment=0.724359
[SoC Proxy] curtailment forecast: 72.44%
 ------------------------------------------------------- 
 ----- K-Medoid, reps=60, SocDelta, W_proxy=1  -----
 -----      c47e67abf2a44a812eee      ----- 
 ------------------------------------------------------- 
[Model] Parameter json saved to SoC_proxy_TSA/data/parameters/c47e67abf2a44a812eee.json
[TSA] Extracting features dataframe for c47e67abf2a44a812eee
[SoC Proxy] Tuner: c*=0.742968 lost=0.000e+00 | margin=4.000% -> curtailment=0.713249
[SoC Proxy] curtailment forecast: 71.32%
[TSA]: Applying hierarchical clustering method, with medoidRepresentation representation.
weight of "solar" set to the minmal tolerable weighting
weight of "onshore_wind" set to the minmal tolerable weighting
weight of "offshore_wind" set to the minmal tolerable weighting
weight of "demand_power" set to the minmal tolerable weighting
[TSA] successfully applied. Results saved to SoC_proxy_TSA/data/cluster_maps/c47e67abf2a44a812eee.csv.
[TSA] cluster completed in 1.12
[Calliope] Validating and Configuring Calliope model: c47e67abf2a44a812eee
[Calliope] Building Calliope model: c47e67abf2a44a812eee
[Calliope] Solving Calliope model: c47e67abf2a44a812eee
[Calliope] Solution saved to: SoC_proxy_TSA/data/calliope_models/c47e67abf2a44a812eee.nc
[SoC Proxy] Tuner: c*=0.749678 lost=0.000e+00 | margin=4.000% -> curtailment=0.719691
[SoC Proxy] curtailment forecast: 71.97%
 ------------------------------------------------------- 
  
[Dispatch] running scenario Sensitivity_W_reps90
   
 ------------------------------------------------------- 
 ------------------------------------------------------- 
 ----- K-Medoid, reps=90, W_proxy=0.0  -----
 -----      4d5085e9fd307c50b1de      ----- 
 ------------------------------------------------------- 
[Model] Parameter json saved to SoC_proxy_TSA/data/parameters/4d5085e9fd307c50b1de.json
[TSA] Extracting features dataframe for 4d5085e9fd307c50b1de
[TSA]: Applying hierarchical clustering method, with medoidRepresentation representation.
[TSA] successfully applied. Results saved to SoC_proxy_TSA/data/cluster_maps/4d5085e9fd307c50b1de.csv.
[TSA] cluster completed in 0.76
[Calliope] Validating and Configuring Calliope model: 4d5085e9fd307c50b1de
[Calliope] Building Calliope model: 4d5085e9fd307c50b1de
[Calliope] Solving Calliope model: 4d5085e9fd307c50b1de
[Calliope] Solution saved to: SoC_proxy_TSA/data/calliope_models/4d5085e9fd307c50b1de.nc
 ------------------------------------------------------- 
 ----- K-Medoid, reps=90, SocDelta, W_proxy=0.25  -----
 -----      935b11f0d839cf11d6fe      ----- 
 ------------------------------------------------------- 
[Model] Parameter json saved to SoC_proxy_TSA/data/parameters/935b11f0d839cf11d6fe.json
[TSA] Extracting features dataframe for 935b11f0d839cf11d6fe
[SoC Proxy] Tuner: c*=0.742968 lost=0.000e+00 | margin=4.000% -> curtailment=0.713249
[SoC Proxy] curtailment forecast: 71.32%
[TSA]: Applying hierarchical clustering method, with medoidRepresentation representation.
[TSA] successfully applied. Results saved to SoC_proxy_TSA/data/cluster_maps/935b11f0d839cf11d6fe.csv.
[TSA] cluster completed in 1.04
[Calliope] Validating and Configuring Calliope model: 935b11f0d839cf11d6fe
[Calliope] Building Calliope model: 935b11f0d839cf11d6fe
[Calliope] Solving Calliope model: 935b11f0d839cf11d6fe
[Calliope] Solution saved to: SoC_proxy_TSA/data/calliope_models/935b11f0d839cf11d6fe.nc
[SoC Proxy] Tuner: c*=0.749567 lost=0.000e+00 | margin=4.000% -> curtailment=0.719584
[SoC Proxy] curtailment forecast: 71.96%
 ------------------------------------------------------- 
 ----- K-Medoid, reps=90, SocDelta, W_proxy=0.5  -----
 -----      bd3d17b26ff0b64acac4      ----- 
 ------------------------------------------------------- 
[Model] Parameter json saved to SoC_proxy_TSA/data/parameters/bd3d17b26ff0b64acac4.json
[TSA] Extracting features dataframe for bd3d17b26ff0b64acac4
[SoC Proxy] Tuner: c*=0.742968 lost=0.000e+00 | margin=4.000% -> curtailment=0.713249
[SoC Proxy] curtailment forecast: 71.32%
[TSA]: Applying hierarchical clustering method, with medoidRepresentation representation.
[TSA] successfully applied. Results saved to SoC_proxy_TSA/data/cluster_maps/bd3d17b26ff0b64acac4.csv.
[TSA] cluster completed in 1.07
[Calliope] Validating and Configuring Calliope model: bd3d17b26ff0b64acac4
[Calliope] Building Calliope model: bd3d17b26ff0b64acac4
[Calliope] Solving Calliope model: bd3d17b26ff0b64acac4
[Calliope] Solution saved to: SoC_proxy_TSA/data/calliope_models/bd3d17b26ff0b64acac4.nc
[SoC Proxy] Tuner: c*=0.751849 lost=0.000e+00 | margin=4.000% -> curtailment=0.721775
[SoC Proxy] curtailment forecast: 72.18%
 ------------------------------------------------------- 
 ----- K-Medoid, reps=90, SocDelta, W_proxy=0.75  -----
 -----      04b7939ef1e486eabf54      ----- 
 ------------------------------------------------------- 
[Model] Parameter json saved to SoC_proxy_TSA/data/parameters/04b7939ef1e486eabf54.json
[TSA] Extracting features dataframe for 04b7939ef1e486eabf54
[SoC Proxy] Tuner: c*=0.742968 lost=0.000e+00 | margin=4.000% -> curtailment=0.713249
[SoC Proxy] curtailment forecast: 71.32%
[TSA]: Applying hierarchical clustering method, with medoidRepresentation representation.
[TSA] successfully applied. Results saved to SoC_proxy_TSA/data/cluster_maps/04b7939ef1e486eabf54.csv.
[TSA] cluster completed in 1.07
[Calliope] Validating and Configuring Calliope model: 04b7939ef1e486eabf54
[Calliope] Building Calliope model: 04b7939ef1e486eabf54
[Calliope] Solving Calliope model: 04b7939ef1e486eabf54
[Calliope] Solution saved to: SoC_proxy_TSA/data/calliope_models/04b7939ef1e486eabf54.nc
[SoC Proxy] Tuner: c*=0.749406 lost=0.000e+00 | margin=4.000% -> curtailment=0.719429
[SoC Proxy] curtailment forecast: 71.94%
 ------------------------------------------------------- 
 ----- K-Medoid, reps=90, SocDelta, W_proxy=1  -----
 -----      18bbfe2e6b6215cd6b11      ----- 
 ------------------------------------------------------- 
[Model] Parameter json saved to SoC_proxy_TSA/data/parameters/18bbfe2e6b6215cd6b11.json
[TSA] Extracting features dataframe for 18bbfe2e6b6215cd6b11
[SoC Proxy] Tuner: c*=0.742968 lost=0.000e+00 | margin=4.000% -> curtailment=0.713249
[SoC Proxy] curtailment forecast: 71.32%
[TSA]: Applying hierarchical clustering method, with medoidRepresentation representation.
weight of "solar" set to the minmal tolerable weighting
weight of "onshore_wind" set to the minmal tolerable weighting
weight of "offshore_wind" set to the minmal tolerable weighting
weight of "demand_power" set to the minmal tolerable weighting
[TSA] successfully applied. Results saved to SoC_proxy_TSA/data/cluster_maps/18bbfe2e6b6215cd6b11.csv.
[TSA] cluster completed in 1.07
[Calliope] Validating and Configuring Calliope model: 18bbfe2e6b6215cd6b11
[Calliope] Building Calliope model: 18bbfe2e6b6215cd6b11
[Calliope] Solving Calliope model: 18bbfe2e6b6215cd6b11
[Calliope] Solution saved to: SoC_proxy_TSA/data/calliope_models/18bbfe2e6b6215cd6b11.nc
[SoC Proxy] Tuner: c*=0.753948 lost=0.000e+00 | margin=4.000% -> curtailment=0.723790
[SoC Proxy] curtailment forecast: 72.38%
 ------------------------------------------------------- 
  
[Dispatch] running scenario Sensitivity_W_reps45
   
 ------------------------------------------------------- 
 ------------------------------------------------------- 
 ----- K-Medoid, reps=45, W_proxy=0.0  -----
 -----      348415b80a779c47c8c9      ----- 
 ------------------------------------------------------- 
[Model] Parameter json saved to SoC_proxy_TSA/data/parameters/348415b80a779c47c8c9.json
[TSA] Extracting features dataframe for 348415b80a779c47c8c9
[TSA]: Applying hierarchical clustering method, with medoidRepresentation representation.
[TSA] successfully applied. Results saved to SoC_proxy_TSA/data/cluster_maps/348415b80a779c47c8c9.csv.
[TSA] cluster completed in 0.74
[Calliope] Validating and Configuring Calliope model: 348415b80a779c47c8c9
[Calliope] Building Calliope model: 348415b80a779c47c8c9
[Calliope] Solving Calliope model: 348415b80a779c47c8c9
[Calliope] Solution saved to: SoC_proxy_TSA/data/calliope_models/348415b80a779c47c8c9.nc
 ------------------------------------------------------- 
 ----- K-Medoid, reps=45, SocDelta, W_proxy=0.25  -----
 -----      9e1899c5ebdd94e3f11a      ----- 
 ------------------------------------------------------- 
[Model] Parameter json saved to SoC_proxy_TSA/data/parameters/9e1899c5ebdd94e3f11a.json
[TSA] Extracting features dataframe for 9e1899c5ebdd94e3f11a
[SoC Proxy] Tuner: c*=0.746659 lost=0.000e+00 | margin=4.000% -> curtailment=0.716793
[SoC Proxy] curtailment forecast: 71.68%
[TSA]: Applying hierarchical clustering method, with medoidRepresentation representation.
[TSA] successfully applied. Results saved to SoC_proxy_TSA/data/cluster_maps/9e1899c5ebdd94e3f11a.csv.
[TSA] cluster completed in 1.05
[Calliope] Validating and Configuring Calliope model: 9e1899c5ebdd94e3f11a
[Calliope] Building Calliope model: 9e1899c5ebdd94e3f11a
[Calliope] Solving Calliope model: 9e1899c5ebdd94e3f11a
[Calliope] Solution saved to: SoC_proxy_TSA/data/calliope_models/9e1899c5ebdd94e3f11a.nc
[SoC Proxy] Tuner: c*=0.760408 lost=0.000e+00 | margin=4.000% -> curtailment=0.729992
[SoC Proxy] curtailment forecast: 73.00%
 ------------------------------------------------------- 
 ----- K-Medoid, reps=45, SocDelta, W_proxy=0.5  -----
 -----      ab7630e0b0ec2e7b4580      ----- 
 ------------------------------------------------------- 
[Model] Parameter json saved to SoC_proxy_TSA/data/parameters/ab7630e0b0ec2e7b4580.json
[TSA] Extracting features dataframe for ab7630e0b0ec2e7b4580
[SoC Proxy] Tuner: c*=0.746659 lost=0.000e+00 | margin=4.000% -> curtailment=0.716793
[SoC Proxy] curtailment forecast: 71.68%
[TSA]: Applying hierarchical clustering method, with medoidRepresentation representation.
[TSA] successfully applied. Results saved to SoC_proxy_TSA/data/cluster_maps/ab7630e0b0ec2e7b4580.csv.
[TSA] cluster completed in 1.10
[Calliope] Validating and Configuring Calliope model: ab7630e0b0ec2e7b4580
[Calliope] Building Calliope model: ab7630e0b0ec2e7b4580
[Calliope] Solving Calliope model: ab7630e0b0ec2e7b4580
[Calliope] Solution saved to: SoC_proxy_TSA/data/calliope_models/ab7630e0b0ec2e7b4580.nc
[SoC Proxy] Tuner: c*=0.751823 lost=0.000e+00 | margin=4.000% -> curtailment=0.721750
[SoC Proxy] curtailment forecast: 72.18%
 ------------------------------------------------------- 
 ----- K-Medoid, reps=45, SocDelta, W_proxy=0.75  -----
 -----      010d00fc85ed4d4cff7b      ----- 
 ------------------------------------------------------- 
[Model] Parameter json saved to SoC_proxy_TSA/data/parameters/010d00fc85ed4d4cff7b.json
[TSA] Extracting features dataframe for 010d00fc85ed4d4cff7b
[SoC Proxy] Tuner: c*=0.746659 lost=0.000e+00 | margin=4.000% -> curtailment=0.716793
[SoC Proxy] curtailment forecast: 71.68%
[TSA]: Applying hierarchical clustering method, with medoidRepresentation representation.
[TSA] successfully applied. Results saved to SoC_proxy_TSA/data/cluster_maps/010d00fc85ed4d4cff7b.csv.
[TSA] cluster completed in 1.10
[Calliope] Validating and Configuring Calliope model: 010d00fc85ed4d4cff7b
[Calliope] Building Calliope model: 010d00fc85ed4d4cff7b
[Calliope] Solving Calliope model: 010d00fc85ed4d4cff7b
[Calliope] Solution saved to: SoC_proxy_TSA/data/calliope_models/010d00fc85ed4d4cff7b.nc
[SoC Proxy] Tuner: c*=0.750682 lost=0.000e+00 | margin=4.000% -> curtailment=0.720655
[SoC Proxy] curtailment forecast: 72.07%
 ------------------------------------------------------- 
 ----- K-Medoid, reps=45, SocDelta, W_proxy=1  -----
 -----      fe855633032d8bbdb6c1      ----- 
 ------------------------------------------------------- 
[Model] Parameter json saved to SoC_proxy_TSA/data/parameters/fe855633032d8bbdb6c1.json
[TSA] Extracting features dataframe for fe855633032d8bbdb6c1
[SoC Proxy] Tuner: c*=0.746659 lost=0.000e+00 | margin=4.000% -> curtailment=0.716793
[SoC Proxy] curtailment forecast: 71.68%
[TSA]: Applying hierarchical clustering method, with medoidRepresentation representation.
weight of "solar" set to the minmal tolerable weighting
weight of "onshore_wind" set to the minmal tolerable weighting
weight of "offshore_wind" set to the minmal tolerable weighting
weight of "demand_power" set to the minmal tolerable weighting
[TSA] successfully applied. Results saved to SoC_proxy_TSA/data/cluster_maps/fe855633032d8bbdb6c1.csv.
[TSA] cluster completed in 1.04
[Calliope] Validating and Configuring Calliope model: fe855633032d8bbdb6c1
[Calliope] Building Calliope model: fe855633032d8bbdb6c1
[Calliope] Solving Calliope model: fe855633032d8bbdb6c1
[Calliope] Solution saved to: SoC_proxy_TSA/data/calliope_models/fe855633032d8bbdb6c1.nc
[SoC Proxy] Tuner: c*=0.749991 lost=0.000e+00 | margin=4.000% -> curtailment=0.719991
[SoC Proxy] curtailment forecast: 72.00%
 ------------------------------------------------------- 
  
[Dispatch] running scenario Sensitivity_W_reps60
   
 ------------------------------------------------------- 
 ------------------------------------------------------- 
 ----- K-Medoid, reps=60, W_proxy=0.0  -----
 -----      d59756696f1f5da9b866      ----- 
 ------------------------------------------------------- 
[Model] Parameter json saved to SoC_proxy_TSA/data/parameters/d59756696f1f5da9b866.json
[TSA] Extracting features dataframe for d59756696f1f5da9b866
[TSA]: Applying hierarchical clustering method, with medoidRepresentation representation.
[TSA] successfully applied. Results saved to SoC_proxy_TSA/data/cluster_maps/d59756696f1f5da9b866.csv.
[TSA] cluster completed in 0.73
[Calliope] Validating and Configuring Calliope model: d59756696f1f5da9b866
[Calliope] Building Calliope model: d59756696f1f5da9b866
[Calliope] Solving Calliope model: d59756696f1f5da9b866
[Calliope] Solution saved to: SoC_proxy_TSA/data/calliope_models/d59756696f1f5da9b866.nc
 ------------------------------------------------------- 
 ----- K-Medoid, reps=60, SocDelta, W_proxy=0.25  -----
 -----      5ec243db4c8de2ecf56a      ----- 
 ------------------------------------------------------- 
[Model] Parameter json saved to SoC_proxy_TSA/data/parameters/5ec243db4c8de2ecf56a.json
[TSA] Extracting features dataframe for 5ec243db4c8de2ecf56a
[SoC Proxy] Tuner: c*=0.746659 lost=0.000e+00 | margin=4.000% -> curtailment=0.716793
[SoC Proxy] curtailment forecast: 71.68%
[TSA]: Applying hierarchical clustering method, with medoidRepresentation representation.
[TSA] successfully applied. Results saved to SoC_proxy_TSA/data/cluster_maps/5ec243db4c8de2ecf56a.csv.
[TSA] cluster completed in 1.05
[Calliope] Validating and Configuring Calliope model: 5ec243db4c8de2ecf56a
[Calliope] Building Calliope model: 5ec243db4c8de2ecf56a
[Calliope] Solving Calliope model: 5ec243db4c8de2ecf56a
[Calliope] Solution saved to: SoC_proxy_TSA/data/calliope_models/5ec243db4c8de2ecf56a.nc
[SoC Proxy] Tuner: c*=0.755682 lost=0.000e+00 | margin=4.000% -> curtailment=0.725455
[SoC Proxy] curtailment forecast: 72.55%
 ------------------------------------------------------- 
 ----- K-Medoid, reps=60, SocDelta, W_proxy=0.5  -----
 -----      581c85b1dba5bfd6e0f6      ----- 
 ------------------------------------------------------- 
[Model] Parameter json saved to SoC_proxy_TSA/data/parameters/581c85b1dba5bfd6e0f6.json
[TSA] Extracting features dataframe for 581c85b1dba5bfd6e0f6
[SoC Proxy] Tuner: c*=0.746659 lost=0.000e+00 | margin=4.000% -> curtailment=0.716793
[SoC Proxy] curtailment forecast: 71.68%
[TSA]: Applying hierarchical clustering method, with medoidRepresentation representation.
[TSA] successfully applied. Results saved to SoC_proxy_TSA/data/cluster_maps/581c85b1dba5bfd6e0f6.csv.
[TSA] cluster completed in 1.08
[Calliope] Validating and Configuring Calliope model: 581c85b1dba5bfd6e0f6
[Calliope] Building Calliope model: 581c85b1dba5bfd6e0f6
[Calliope] Solving Calliope model: 581c85b1dba5bfd6e0f6
[Calliope] Solution saved to: SoC_proxy_TSA/data/calliope_models/581c85b1dba5bfd6e0f6.nc
[SoC Proxy] Tuner: c*=0.755077 lost=0.000e+00 | margin=4.000% -> curtailment=0.724874
[SoC Proxy] curtailment forecast: 72.49%
 ------------------------------------------------------- 
 ----- K-Medoid, reps=60, SocDelta, W_proxy=0.75  -----
 -----      ea13df2fc78ca9409ce7      ----- 
 ------------------------------------------------------- 
[Model] Parameter json saved to SoC_proxy_TSA/data/parameters/ea13df2fc78ca9409ce7.json
[TSA] Extracting features dataframe for ea13df2fc78ca9409ce7
[SoC Proxy] Tuner: c*=0.746659 lost=0.000e+00 | margin=4.000% -> curtailment=0.716793
[SoC Proxy] curtailment forecast: 71.68%
[TSA]: Applying hierarchical clustering method, with medoidRepresentation representation.
[TSA] successfully applied. Results saved to SoC_proxy_TSA/data/cluster_maps/ea13df2fc78ca9409ce7.csv.
[TSA] cluster completed in 1.09
[Calliope] Validating and Configuring Calliope model: ea13df2fc78ca9409ce7
[Calliope] Building Calliope model: ea13df2fc78ca9409ce7
[Calliope] Solving Calliope model: ea13df2fc78ca9409ce7
[Calliope] Solution saved to: SoC_proxy_TSA/data/calliope_models/ea13df2fc78ca9409ce7.nc
[SoC Proxy] Tuner: c*=0.751756 lost=0.000e+00 | margin=4.000% -> curtailment=0.721686
[SoC Proxy] curtailment forecast: 72.17%
 ------------------------------------------------------- 
 ----- K-Medoid, reps=60, SocDelta, W_proxy=1  -----
 -----      5bf38052fe13656178a5      ----- 
 ------------------------------------------------------- 
[Model] Parameter json saved to SoC_proxy_TSA/data/parameters/5bf38052fe13656178a5.json
[TSA] Extracting features dataframe for 5bf38052fe13656178a5
[SoC Proxy] Tuner: c*=0.746659 lost=0.000e+00 | margin=4.000% -> curtailment=0.716793
[SoC Proxy] curtailment forecast: 71.68%
[TSA]: Applying hierarchical clustering method, with medoidRepresentation representation.
weight of "solar" set to the minmal tolerable weighting
weight of "onshore_wind" set to the minmal tolerable weighting
weight of "offshore_wind" set to the minmal tolerable weighting
weight of "demand_power" set to the minmal tolerable weighting
[TSA] successfully applied. Results saved to SoC_proxy_TSA/data/cluster_maps/5bf38052fe13656178a5.csv.
[TSA] cluster completed in 1.09
[Calliope] Validating and Configuring Calliope model: 5bf38052fe13656178a5
[Calliope] Building Calliope model: 5bf38052fe13656178a5
[Calliope] Solving Calliope model: 5bf38052fe13656178a5
[Calliope] Solution saved to: SoC_proxy_TSA/data/calliope_models/5bf38052fe13656178a5.nc
[SoC Proxy] Tuner: c*=0.746744 lost=0.000e+00 | margin=4.000% -> curtailment=0.716874
[SoC Proxy] curtailment forecast: 71.69%
 ------------------------------------------------------- 
  
[Dispatch] running scenario Sensitivity_W_reps90
   
 ------------------------------------------------------- 
 ------------------------------------------------------- 
 ----- K-Medoid, reps=90, W_proxy=0.0  -----
 -----      c3e2d150db490d1c0e91      ----- 
 ------------------------------------------------------- 
[Model] Parameter json saved to SoC_proxy_TSA/data/parameters/c3e2d150db490d1c0e91.json
[TSA] Extracting features dataframe for c3e2d150db490d1c0e91
[TSA]: Applying hierarchical clustering method, with medoidRepresentation representation.
[TSA] successfully applied. Results saved to SoC_proxy_TSA/data/cluster_maps/c3e2d150db490d1c0e91.csv.
[TSA] cluster completed in 0.75
[Calliope] Validating and Configuring Calliope model: c3e2d150db490d1c0e91
[Calliope] Building Calliope model: c3e2d150db490d1c0e91
[Calliope] Solving Calliope model: c3e2d150db490d1c0e91
[Calliope] Solution saved to: SoC_proxy_TSA/data/calliope_models/c3e2d150db490d1c0e91.nc
 ------------------------------------------------------- 
 ----- K-Medoid, reps=90, SocDelta, W_proxy=0.25  -----
 -----      b142c8ae844a001e14fc      ----- 
 ------------------------------------------------------- 
[Model] Parameter json saved to SoC_proxy_TSA/data/parameters/b142c8ae844a001e14fc.json
[TSA] Extracting features dataframe for b142c8ae844a001e14fc
[SoC Proxy] Tuner: c*=0.746659 lost=0.000e+00 | margin=4.000% -> curtailment=0.716793
[SoC Proxy] curtailment forecast: 71.68%
[TSA]: Applying hierarchical clustering method, with medoidRepresentation representation.
[TSA] successfully applied. Results saved to SoC_proxy_TSA/data/cluster_maps/b142c8ae844a001e14fc.csv.
[TSA] cluster completed in 1.05
[Calliope] Validating and Configuring Calliope model: b142c8ae844a001e14fc
[Calliope] Building Calliope model: b142c8ae844a001e14fc
[Calliope] Solving Calliope model: b142c8ae844a001e14fc
[Calliope] Solution saved to: SoC_proxy_TSA/data/calliope_models/b142c8ae844a001e14fc.nc
[SoC Proxy] Tuner: c*=0.750310 lost=0.000e+00 | margin=4.000% -> curtailment=0.720298
[SoC Proxy] curtailment forecast: 72.03%
 ------------------------------------------------------- 
 ----- K-Medoid, reps=90, SocDelta, W_proxy=0.5  -----
 -----      bc22414b32c7442d2d39      ----- 
 ------------------------------------------------------- 
[Model] Parameter json saved to SoC_proxy_TSA/data/parameters/bc22414b32c7442d2d39.json
[TSA] Extracting features dataframe for bc22414b32c7442d2d39
[SoC Proxy] Tuner: c*=0.746659 lost=0.000e+00 | margin=4.000% -> curtailment=0.716793
[SoC Proxy] curtailment forecast: 71.68%
[TSA]: Applying hierarchical clustering method, with medoidRepresentation representation.
[TSA] successfully applied. Results saved to SoC_proxy_TSA/data/cluster_maps/bc22414b32c7442d2d39.csv.
[TSA] cluster completed in 1.62
[Calliope] Validating and Configuring Calliope model: bc22414b32c7442d2d39
[Calliope] Building Calliope model: bc22414b32c7442d2d39
[Calliope] Solving Calliope model: bc22414b32c7442d2d39
[Calliope] Solution saved to: SoC_proxy_TSA/data/calliope_models/bc22414b32c7442d2d39.nc
[SoC Proxy] Tuner: c*=0.753955 lost=0.000e+00 | margin=4.000% -> curtailment=0.723797
[SoC Proxy] curtailment forecast: 72.38%
 ------------------------------------------------------- 
 ----- K-Medoid, reps=90, SocDelta, W_proxy=0.75  -----
 -----      f6b0d9a15a6098798c14      ----- 
 ------------------------------------------------------- 
[Model] Parameter json saved to SoC_proxy_TSA/data/parameters/f6b0d9a15a6098798c14.json
[TSA] Extracting features dataframe for f6b0d9a15a6098798c14
[SoC Proxy] Tuner: c*=0.746659 lost=0.000e+00 | margin=4.000% -> curtailment=0.716793
[SoC Proxy] curtailment forecast: 71.68%
[TSA]: Applying hierarchical clustering method, with medoidRepresentation representation.
[TSA] successfully applied. Results saved to SoC_proxy_TSA/data/cluster_maps/f6b0d9a15a6098798c14.csv.
[TSA] cluster completed in 1.13
[Calliope] Validating and Configuring Calliope model: f6b0d9a15a6098798c14
[Calliope] Building Calliope model: f6b0d9a15a6098798c14
[Calliope] Solving Calliope model: f6b0d9a15a6098798c14
[Calliope] Solution saved to: SoC_proxy_TSA/data/calliope_models/f6b0d9a15a6098798c14.nc
[SoC Proxy] Tuner: c*=0.752576 lost=0.000e+00 | margin=4.000% -> curtailment=0.722473
[SoC Proxy] curtailment forecast: 72.25%
 ------------------------------------------------------- 
 ----- K-Medoid, reps=90, SocDelta, W_proxy=1  -----
 -----      a1533bafa440ecf0dc19      ----- 
 ------------------------------------------------------- 
[Model] Parameter json saved to SoC_proxy_TSA/data/parameters/a1533bafa440ecf0dc19.json
[TSA] Extracting features dataframe for a1533bafa440ecf0dc19
[SoC Proxy] Tuner: c*=0.746659 lost=0.000e+00 | margin=4.000% -> curtailment=0.716793
[SoC Proxy] curtailment forecast: 71.68%
[TSA]: Applying hierarchical clustering method, with medoidRepresentation representation.
weight of "solar" set to the minmal tolerable weighting
weight of "onshore_wind" set to the minmal tolerable weighting
weight of "offshore_wind" set to the minmal tolerable weighting
weight of "demand_power" set to the minmal tolerable weighting
[TSA] successfully applied. Results saved to SoC_proxy_TSA/data/cluster_maps/a1533bafa440ecf0dc19.csv.
[TSA] cluster completed in 1.14
[Calliope] Validating and Configuring Calliope model: a1533bafa440ecf0dc19
[Calliope] Building Calliope model: a1533bafa440ecf0dc19
[Calliope] Solving Calliope model: a1533bafa440ecf0dc19
[Calliope] Solution saved to: SoC_proxy_TSA/data/calliope_models/a1533bafa440ecf0dc19.nc
[SoC Proxy] Tuner: c*=0.740262 lost=0.000e+00 | margin=4.000% -> curtailment=0.710652
[SoC Proxy] curtailment forecast: 71.07%
 ------------------------------------------------------- 
  
[Dispatch] running scenario Sensitivity_W_reps45
   
 ------------------------------------------------------- 
 ------------------------------------------------------- 
 ----- K-Medoid, reps=45, W_proxy=0.0  -----
 -----      34372b953ad42892a15c      ----- 
 ------------------------------------------------------- 
[Model] Parameter json saved to SoC_proxy_TSA/data/parameters/34372b953ad42892a15c.json
[TSA] Extracting features dataframe for 34372b953ad42892a15c
[TSA]: Applying hierarchical clustering method, with medoidRepresentation representation.
[TSA] successfully applied. Results saved to SoC_proxy_TSA/data/cluster_maps/34372b953ad42892a15c.csv.
[TSA] cluster completed in 0.75
[Calliope] Validating and Configuring Calliope model: 34372b953ad42892a15c
[Calliope] Building Calliope model: 34372b953ad42892a15c
[Calliope] Solving Calliope model: 34372b953ad42892a15c
[Calliope] Solution saved to: SoC_proxy_TSA/data/calliope_models/34372b953ad42892a15c.nc
 ------------------------------------------------------- 
 ----- K-Medoid, reps=45, SocDelta, W_proxy=0.25  -----
 -----      605b222bdfeed2960094      ----- 
 ------------------------------------------------------- 
[Model] Parameter json saved to SoC_proxy_TSA/data/parameters/605b222bdfeed2960094.json
[TSA] Extracting features dataframe for 605b222bdfeed2960094
[SoC Proxy] Tuner: c*=0.739522 lost=0.000e+00 | margin=4.000% -> curtailment=0.709941
[SoC Proxy] curtailment forecast: 70.99%
[TSA]: Applying hierarchical clustering method, with medoidRepresentation representation.
[TSA] successfully applied. Results saved to SoC_proxy_TSA/data/cluster_maps/605b222bdfeed2960094.csv.
[TSA] cluster completed in 1.07
[Calliope] Validating and Configuring Calliope model: 605b222bdfeed2960094
[Calliope] Building Calliope model: 605b222bdfeed2960094
[Calliope] Solving Calliope model: 605b222bdfeed2960094
[Calliope] Solution saved to: SoC_proxy_TSA/data/calliope_models/605b222bdfeed2960094.nc
[SoC Proxy] Tuner: c*=0.746345 lost=0.000e+00 | margin=4.000% -> curtailment=0.716491
[SoC Proxy] curtailment forecast: 71.65%
 ------------------------------------------------------- 
 ----- K-Medoid, reps=45, SocDelta, W_proxy=0.5  -----
 -----      816d709f305bb7353bb6      ----- 
 ------------------------------------------------------- 
[Model] Parameter json saved to SoC_proxy_TSA/data/parameters/816d709f305bb7353bb6.json
[TSA] Extracting features dataframe for 816d709f305bb7353bb6
[SoC Proxy] Tuner: c*=0.739522 lost=0.000e+00 | margin=4.000% -> curtailment=0.709941
[SoC Proxy] curtailment forecast: 70.99%
[TSA]: Applying hierarchical clustering method, with medoidRepresentation representation.
[TSA] successfully applied. Results saved to SoC_proxy_TSA/data/cluster_maps/816d709f305bb7353bb6.csv.
[TSA] cluster completed in 1.07
[Calliope] Validating and Configuring Calliope model: 816d709f305bb7353bb6
[Calliope] Building Calliope model: 816d709f305bb7353bb6
[Calliope] Solving Calliope model: 816d709f305bb7353bb6
[Calliope] Solution saved to: SoC_proxy_TSA/data/calliope_models/816d709f305bb7353bb6.nc
[SoC Proxy] Tuner: c*=0.743185 lost=0.000e+00 | margin=4.000% -> curtailment=0.713457
[SoC Proxy] curtailment forecast: 71.35%
 ------------------------------------------------------- 
 ----- K-Medoid, reps=45, SocDelta, W_proxy=0.75  -----
 -----      bf7f94539fb658dc81df      ----- 
 ------------------------------------------------------- 
[Model] Parameter json saved to SoC_proxy_TSA/data/parameters/bf7f94539fb658dc81df.json
[TSA] Extracting features dataframe for bf7f94539fb658dc81df
[SoC Proxy] Tuner: c*=0.739522 lost=0.000e+00 | margin=4.000% -> curtailment=0.709941
[SoC Proxy] curtailment forecast: 70.99%
[TSA]: Applying hierarchical clustering method, with medoidRepresentation representation.
[TSA] successfully applied. Results saved to SoC_proxy_TSA/data/cluster_maps/bf7f94539fb658dc81df.csv.
[TSA] cluster completed in 1.09
[Calliope] Validating and Configuring Calliope model: bf7f94539fb658dc81df
[Calliope] Building Calliope model: bf7f94539fb658dc81df
[Calliope] Solving Calliope model: bf7f94539fb658dc81df
[Calliope] Solution saved to: SoC_proxy_TSA/data/calliope_models/bf7f94539fb658dc81df.nc
[SoC Proxy] Tuner: c*=0.745392 lost=0.000e+00 | margin=4.000% -> curtailment=0.715576
[SoC Proxy] curtailment forecast: 71.56%
 ------------------------------------------------------- 
 ----- K-Medoid, reps=45, SocDelta, W_proxy=1  -----
 -----      c898859a68332617cbc0      ----- 
 ------------------------------------------------------- 
[Model] Parameter json saved to SoC_proxy_TSA/data/parameters/c898859a68332617cbc0.json
[TSA] Extracting features dataframe for c898859a68332617cbc0
[SoC Proxy] Tuner: c*=0.739522 lost=0.000e+00 | margin=4.000% -> curtailment=0.709941
[SoC Proxy] curtailment forecast: 70.99%
[TSA]: Applying hierarchical clustering method, with medoidRepresentation representation.
weight of "solar" set to the minmal tolerable weighting
weight of "onshore_wind" set to the minmal tolerable weighting
weight of "offshore_wind" set to the minmal tolerable weighting
weight of "demand_power" set to the minmal tolerable weighting
[TSA] successfully applied. Results saved to SoC_proxy_TSA/data/cluster_maps/c898859a68332617cbc0.csv.
[TSA] cluster completed in 1.06
[Calliope] Validating and Configuring Calliope model: c898859a68332617cbc0
[Calliope] Building Calliope model: c898859a68332617cbc0
[Calliope] Solving Calliope model: c898859a68332617cbc0
[Calliope] Solution saved to: SoC_proxy_TSA/data/calliope_models/c898859a68332617cbc0.nc
[SoC Proxy] Tuner: c*=0.763125 lost=0.000e+00 | margin=4.000% -> curtailment=0.732600
[SoC Proxy] curtailment forecast: 73.26%
 ------------------------------------------------------- 
  
[Dispatch] running scenario Sensitivity_W_reps60
   
 ------------------------------------------------------- 
 ------------------------------------------------------- 
 ----- K-Medoid, reps=60, W_proxy=0.0  -----
 -----      ba2089342ef65bb00a2a      ----- 
 ------------------------------------------------------- 
[Model] Parameter json saved to SoC_proxy_TSA/data/parameters/ba2089342ef65bb00a2a.json
[TSA] Extracting features dataframe for ba2089342ef65bb00a2a
[TSA]: Applying hierarchical clustering method, with medoidRepresentation representation.
[TSA] successfully applied. Results saved to SoC_proxy_TSA/data/cluster_maps/ba2089342ef65bb00a2a.csv.
[TSA] cluster completed in 0.78
[Calliope] Validating and Configuring Calliope model: ba2089342ef65bb00a2a
[Calliope] Building Calliope model: ba2089342ef65bb00a2a
[Calliope] Solving Calliope model: ba2089342ef65bb00a2a
[Calliope] Solution saved to: SoC_proxy_TSA/data/calliope_models/ba2089342ef65bb00a2a.nc
 ------------------------------------------------------- 
 ----- K-Medoid, reps=60, SocDelta, W_proxy=0.25  -----
 -----      007cfd42f04fe217409f      ----- 
 ------------------------------------------------------- 
[Model] Parameter json saved to SoC_proxy_TSA/data/parameters/007cfd42f04fe217409f.json
[TSA] Extracting features dataframe for 007cfd42f04fe217409f
[SoC Proxy] Tuner: c*=0.739522 lost=0.000e+00 | margin=4.000% -> curtailment=0.709941
[SoC Proxy] curtailment forecast: 70.99%
[TSA]: Applying hierarchical clustering method, with medoidRepresentation representation.
[TSA] successfully applied. Results saved to SoC_proxy_TSA/data/cluster_maps/007cfd42f04fe217409f.csv.
[TSA] cluster completed in 1.04
[Calliope] Validating and Configuring Calliope model: 007cfd42f04fe217409f
[Calliope] Building Calliope model: 007cfd42f04fe217409f
[Calliope] Solving Calliope model: 007cfd42f04fe217409f
[Calliope] Solution saved to: SoC_proxy_TSA/data/calliope_models/007cfd42f04fe217409f.nc
[SoC Proxy] Tuner: c*=0.742928 lost=0.000e+00 | margin=4.000% -> curtailment=0.713211
[SoC Proxy] curtailment forecast: 71.32%
 ------------------------------------------------------- 
 ----- K-Medoid, reps=60, SocDelta, W_proxy=0.5  -----
 -----      a2c2f57d3e1469d29219      ----- 
 ------------------------------------------------------- 
[Model] Parameter json saved to SoC_proxy_TSA/data/parameters/a2c2f57d3e1469d29219.json
[TSA] Extracting features dataframe for a2c2f57d3e1469d29219
[SoC Proxy] Tuner: c*=0.739522 lost=0.000e+00 | margin=4.000% -> curtailment=0.709941
[SoC Proxy] curtailment forecast: 70.99%
[TSA]: Applying hierarchical clustering method, with medoidRepresentation representation.
[TSA] successfully applied. Results saved to SoC_proxy_TSA/data/cluster_maps/a2c2f57d3e1469d29219.csv.
[TSA] cluster completed in 1.06
[Calliope] Validating and Configuring Calliope model: a2c2f57d3e1469d29219
[Calliope] Building Calliope model: a2c2f57d3e1469d29219
[Calliope] Solving Calliope model: a2c2f57d3e1469d29219
[Calliope] Solution saved to: SoC_proxy_TSA/data/calliope_models/a2c2f57d3e1469d29219.nc
[SoC Proxy] Tuner: c*=0.744755 lost=0.000e+00 | margin=4.000% -> curtailment=0.714965
[SoC Proxy] curtailment forecast: 71.50%
 ------------------------------------------------------- 
 ----- K-Medoid, reps=60, SocDelta, W_proxy=0.75  -----
 -----      6434256d3fd1514c8dc8      ----- 
 ------------------------------------------------------- 
[Model] Parameter json saved to SoC_proxy_TSA/data/parameters/6434256d3fd1514c8dc8.json
[TSA] Extracting features dataframe for 6434256d3fd1514c8dc8
[SoC Proxy] Tuner: c*=0.739522 lost=0.000e+00 | margin=4.000% -> curtailment=0.709941
[SoC Proxy] curtailment forecast: 70.99%
[TSA]: Applying hierarchical clustering method, with medoidRepresentation representation.
[TSA] successfully applied. Results saved to SoC_proxy_TSA/data/cluster_maps/6434256d3fd1514c8dc8.csv.
[TSA] cluster completed in 1.07
[Calliope] Validating and Configuring Calliope model: 6434256d3fd1514c8dc8
[Calliope] Building Calliope model: 6434256d3fd1514c8dc8
[Calliope] Solving Calliope model: 6434256d3fd1514c8dc8
[Calliope] Solution saved to: SoC_proxy_TSA/data/calliope_models/6434256d3fd1514c8dc8.nc
[SoC Proxy] Tuner: c*=0.742673 lost=0.000e+00 | margin=4.000% -> curtailment=0.712966
[SoC Proxy] curtailment forecast: 71.30%
 ------------------------------------------------------- 
 ----- K-Medoid, reps=60, SocDelta, W_proxy=1  -----
 -----      7c1cb522589b2bd578bf      ----- 
 ------------------------------------------------------- 
[Model] Parameter json saved to SoC_proxy_TSA/data/parameters/7c1cb522589b2bd578bf.json
[TSA] Extracting features dataframe for 7c1cb522589b2bd578bf
[SoC Proxy] Tuner: c*=0.739522 lost=0.000e+00 | margin=4.000% -> curtailment=0.709941
[SoC Proxy] curtailment forecast: 70.99%
[TSA]: Applying hierarchical clustering method, with medoidRepresentation representation.
weight of "solar" set to the minmal tolerable weighting
weight of "onshore_wind" set to the minmal tolerable weighting
weight of "offshore_wind" set to the minmal tolerable weighting
weight of "demand_power" set to the minmal tolerable weighting
[TSA] successfully applied. Results saved to SoC_proxy_TSA/data/cluster_maps/7c1cb522589b2bd578bf.csv.
[TSA] cluster completed in 1.07
[Calliope] Validating and Configuring Calliope model: 7c1cb522589b2bd578bf
[Calliope] Building Calliope model: 7c1cb522589b2bd578bf
[Calliope] Solving Calliope model: 7c1cb522589b2bd578bf
[Calliope] Solution saved to: SoC_proxy_TSA/data/calliope_models/7c1cb522589b2bd578bf.nc
[SoC Proxy] Tuner: c*=0.760721 lost=0.000e+00 | margin=4.000% -> curtailment=0.730292
[SoC Proxy] curtailment forecast: 73.03%
 ------------------------------------------------------- 
  
[Dispatch] running scenario Sensitivity_W_reps90
   
 ------------------------------------------------------- 
 ------------------------------------------------------- 
 ----- K-Medoid, reps=90, W_proxy=0.0  -----
 -----      188a8b62a39d87179d54      ----- 
 ------------------------------------------------------- 
[Model] Parameter json saved to SoC_proxy_TSA/data/parameters/188a8b62a39d87179d54.json
[TSA] Extracting features dataframe for 188a8b62a39d87179d54
[TSA]: Applying hierarchical clustering method, with medoidRepresentation representation.
[TSA] successfully applied. Results saved to SoC_proxy_TSA/data/cluster_maps/188a8b62a39d87179d54.csv.
[TSA] cluster completed in 0.77
[Calliope] Validating and Configuring Calliope model: 188a8b62a39d87179d54
[Calliope] Building Calliope model: 188a8b62a39d87179d54
[Calliope] Solving Calliope model: 188a8b62a39d87179d54
[Calliope] Solution saved to: SoC_proxy_TSA/data/calliope_models/188a8b62a39d87179d54.nc
 ------------------------------------------------------- 
 ----- K-Medoid, reps=90, SocDelta, W_proxy=0.25  -----
 -----      1906ff0d929009c84903      ----- 
 ------------------------------------------------------- 
[Model] Parameter json saved to SoC_proxy_TSA/data/parameters/1906ff0d929009c84903.json
[TSA] Extracting features dataframe for 1906ff0d929009c84903
[SoC Proxy] Tuner: c*=0.739522 lost=0.000e+00 | margin=4.000% -> curtailment=0.709941
[SoC Proxy] curtailment forecast: 70.99%
[TSA]: Applying hierarchical clustering method, with medoidRepresentation representation.
[TSA] successfully applied. Results saved to SoC_proxy_TSA/data/cluster_maps/1906ff0d929009c84903.csv.
[TSA] cluster completed in 1.08
[Calliope] Validating and Configuring Calliope model: 1906ff0d929009c84903
[Calliope] Building Calliope model: 1906ff0d929009c84903
[Calliope] Solving Calliope model: 1906ff0d929009c84903
[Calliope] Solution saved to: SoC_proxy_TSA/data/calliope_models/1906ff0d929009c84903.nc
[SoC Proxy] Tuner: c*=0.743610 lost=0.000e+00 | margin=4.000% -> curtailment=0.713865
[SoC Proxy] curtailment forecast: 71.39%
 ------------------------------------------------------- 
 ----- K-Medoid, reps=90, SocDelta, W_proxy=0.5  -----
 -----      dcdb53502cdb9b169be4      ----- 
 ------------------------------------------------------- 
[Model] Parameter json saved to SoC_proxy_TSA/data/parameters/dcdb53502cdb9b169be4.json
[TSA] Extracting features dataframe for dcdb53502cdb9b169be4
[SoC Proxy] Tuner: c*=0.739522 lost=0.000e+00 | margin=4.000% -> curtailment=0.709941
[SoC Proxy] curtailment forecast: 70.99%
[TSA]: Applying hierarchical clustering method, with medoidRepresentation representation.
[TSA] successfully applied. Results saved to SoC_proxy_TSA/data/cluster_maps/dcdb53502cdb9b169be4.csv.
[TSA] cluster completed in 1.09
[Calliope] Validating and Configuring Calliope model: dcdb53502cdb9b169be4
[Calliope] Building Calliope model: dcdb53502cdb9b169be4
[Calliope] Solving Calliope model: dcdb53502cdb9b169be4
[Calliope] Solution saved to: SoC_proxy_TSA/data/calliope_models/dcdb53502cdb9b169be4.nc
[SoC Proxy] Tuner: c*=0.745448 lost=0.000e+00 | margin=4.000% -> curtailment=0.715630
[SoC Proxy] curtailment forecast: 71.56%
 ------------------------------------------------------- 
 ----- K-Medoid, reps=90, SocDelta, W_proxy=0.75  -----
 -----      720a8424abbdd9116f09      ----- 
 ------------------------------------------------------- 
[Model] Parameter json saved to SoC_proxy_TSA/data/parameters/720a8424abbdd9116f09.json
[TSA] Extracting features dataframe for 720a8424abbdd9116f09
[SoC Proxy] Tuner: c*=0.739522 lost=0.000e+00 | margin=4.000% -> curtailment=0.709941
[SoC Proxy] curtailment forecast: 70.99%
[TSA]: Applying hierarchical clustering method, with medoidRepresentation representation.
[TSA] successfully applied. Results saved to SoC_proxy_TSA/data/cluster_maps/720a8424abbdd9116f09.csv.
[TSA] cluster completed in 1.09
[Calliope] Validating and Configuring Calliope model: 720a8424abbdd9116f09
[Calliope] Building Calliope model: 720a8424abbdd9116f09
[Calliope] Solving Calliope model: 720a8424abbdd9116f09
[Calliope] Solution saved to: SoC_proxy_TSA/data/calliope_models/720a8424abbdd9116f09.nc
[SoC Proxy] Tuner: c*=0.742087 lost=0.000e+00 | margin=4.000% -> curtailment=0.712403
[SoC Proxy] curtailment forecast: 71.24%
 ------------------------------------------------------- 
 ----- K-Medoid, reps=90, SocDelta, W_proxy=1  -----
 -----      8be2f1ac8f2d8414be0f      ----- 
 ------------------------------------------------------- 
[Model] Parameter json saved to SoC_proxy_TSA/data/parameters/8be2f1ac8f2d8414be0f.json
[TSA] Extracting features dataframe for 8be2f1ac8f2d8414be0f
[SoC Proxy] Tuner: c*=0.739522 lost=0.000e+00 | margin=4.000% -> curtailment=0.709941
[SoC Proxy] curtailment forecast: 70.99%
[TSA]: Applying hierarchical clustering method, with medoidRepresentation representation.
weight of "solar" set to the minmal tolerable weighting
weight of "onshore_wind" set to the minmal tolerable weighting
weight of "offshore_wind" set to the minmal tolerable weighting
weight of "demand_power" set to the minmal tolerable weighting
[TSA] successfully applied. Results saved to SoC_proxy_TSA/data/cluster_maps/8be2f1ac8f2d8414be0f.csv.
[TSA] cluster completed in 1.04
[Calliope] Validating and Configuring Calliope model: 8be2f1ac8f2d8414be0f
[Calliope] Building Calliope model: 8be2f1ac8f2d8414be0f
[Calliope] Solving Calliope model: 8be2f1ac8f2d8414be0f
[Calliope] Solution saved to: SoC_proxy_TSA/data/calliope_models/8be2f1ac8f2d8414be0f.nc
[SoC Proxy] Tuner: c*=0.745716 lost=0.000e+00 | margin=4.000% -> curtailment=0.715888
[SoC Proxy] curtailment forecast: 71.59%
 ------------------------------------------------------- 
  
[Dispatch] running scenario Sensitivity_W_reps45
   
 ------------------------------------------------------- 
 ------------------------------------------------------- 
 ----- K-Medoid, reps=45, W_proxy=0.0  -----
 -----      6ffec4044e23eca822b9      ----- 
 ------------------------------------------------------- 
[Model] Parameter json saved to SoC_proxy_TSA/data/parameters/6ffec4044e23eca822b9.json
[TSA] Extracting features dataframe for 6ffec4044e23eca822b9
[TSA]: Applying hierarchical clustering method, with medoidRepresentation representation.
[TSA] successfully applied. Results saved to SoC_proxy_TSA/data/cluster_maps/6ffec4044e23eca822b9.csv.
[TSA] cluster completed in 0.72
[Calliope] Validating and Configuring Calliope model: 6ffec4044e23eca822b9
[Calliope] Building Calliope model: 6ffec4044e23eca822b9
[Calliope] Solving Calliope model: 6ffec4044e23eca822b9
[Calliope] Solution saved to: SoC_proxy_TSA/data/calliope_models/6ffec4044e23eca822b9.nc
 ------------------------------------------------------- 
 ----- K-Medoid, reps=45, SocDelta, W_proxy=0.25  -----
 -----      5c302b4fb971c4f6627b      ----- 
 ------------------------------------------------------- 
[Model] Parameter json saved to SoC_proxy_TSA/data/parameters/5c302b4fb971c4f6627b.json
[TSA] Extracting features dataframe for 5c302b4fb971c4f6627b
[SoC Proxy] Tuner: c*=0.735931 lost=0.000e+00 | margin=4.000% -> curtailment=0.706494
[SoC Proxy] curtailment forecast: 70.65%
[TSA]: Applying hierarchical clustering method, with medoidRepresentation representation.
[TSA] successfully applied. Results saved to SoC_proxy_TSA/data/cluster_maps/5c302b4fb971c4f6627b.csv.
[TSA] cluster completed in 1.12
[Calliope] Validating and Configuring Calliope model: 5c302b4fb971c4f6627b
[Calliope] Building Calliope model: 5c302b4fb971c4f6627b
[Calliope] Solving Calliope model: 5c302b4fb971c4f6627b
[Calliope] Solution saved to: SoC_proxy_TSA/data/calliope_models/5c302b4fb971c4f6627b.nc
[SoC Proxy] Tuner: c*=0.734553 lost=0.000e+00 | margin=4.000% -> curtailment=0.705171
[SoC Proxy] curtailment forecast: 70.52%
 ------------------------------------------------------- 
 ----- K-Medoid, reps=45, SocDelta, W_proxy=0.5  -----
 -----      32e2d4a93520c53469fc      ----- 
 ------------------------------------------------------- 
[Model] Parameter json saved to SoC_proxy_TSA/data/parameters/32e2d4a93520c53469fc.json
[TSA] Extracting features dataframe for 32e2d4a93520c53469fc
[SoC Proxy] Tuner: c*=0.735931 lost=0.000e+00 | margin=4.000% -> curtailment=0.706494
[SoC Proxy] curtailment forecast: 70.65%
[TSA]: Applying hierarchical clustering method, with medoidRepresentation representation.
[TSA] successfully applied. Results saved to SoC_proxy_TSA/data/cluster_maps/32e2d4a93520c53469fc.csv.
[TSA] cluster completed in 1.05
[Calliope] Validating and Configuring Calliope model: 32e2d4a93520c53469fc
[Calliope] Building Calliope model: 32e2d4a93520c53469fc
[Calliope] Solving Calliope model: 32e2d4a93520c53469fc
[Calliope] Solution saved to: SoC_proxy_TSA/data/calliope_models/32e2d4a93520c53469fc.nc
[SoC Proxy] Tuner: c*=0.744320 lost=0.000e+00 | margin=4.000% -> curtailment=0.714547
[SoC Proxy] curtailment forecast: 71.45%
 ------------------------------------------------------- 
 ----- K-Medoid, reps=45, SocDelta, W_proxy=0.75  -----
 -----      49ab08927b9e746b5009      ----- 
 ------------------------------------------------------- 
[Model] Parameter json saved to SoC_proxy_TSA/data/parameters/49ab08927b9e746b5009.json
[TSA] Extracting features dataframe for 49ab08927b9e746b5009
[SoC Proxy] Tuner: c*=0.735931 lost=0.000e+00 | margin=4.000% -> curtailment=0.706494
[SoC Proxy] curtailment forecast: 70.65%
[TSA]: Applying hierarchical clustering method, with medoidRepresentation representation.
[TSA] successfully applied. Results saved to SoC_proxy_TSA/data/cluster_maps/49ab08927b9e746b5009.csv.
[TSA] cluster completed in 1.03
[Calliope] Validating and Configuring Calliope model: 49ab08927b9e746b5009
[Calliope] Building Calliope model: 49ab08927b9e746b5009
[Calliope] Solving Calliope model: 49ab08927b9e746b5009
[Calliope] Solution saved to: SoC_proxy_TSA/data/calliope_models/49ab08927b9e746b5009.nc
[SoC Proxy] Tuner: c*=0.738829 lost=0.000e+00 | margin=4.000% -> curtailment=0.709275
[SoC Proxy] curtailment forecast: 70.93%
 ------------------------------------------------------- 
 ----- K-Medoid, reps=45, SocDelta, W_proxy=1  -----
 -----      fc3c12502442a85074d0      ----- 
 ------------------------------------------------------- 
[Model] Parameter json saved to SoC_proxy_TSA/data/parameters/fc3c12502442a85074d0.json
[TSA] Extracting features dataframe for fc3c12502442a85074d0
[SoC Proxy] Tuner: c*=0.735931 lost=0.000e+00 | margin=4.000% -> curtailment=0.706494
[SoC Proxy] curtailment forecast: 70.65%
[TSA]: Applying hierarchical clustering method, with medoidRepresentation representation.
weight of "solar" set to the minmal tolerable weighting
weight of "onshore_wind" set to the minmal tolerable weighting
weight of "offshore_wind" set to the minmal tolerable weighting
weight of "demand_power" set to the minmal tolerable weighting
[TSA] successfully applied. Results saved to SoC_proxy_TSA/data/cluster_maps/fc3c12502442a85074d0.csv.
[TSA] cluster completed in 1.11
[Calliope] Validating and Configuring Calliope model: fc3c12502442a85074d0
[Calliope] Building Calliope model: fc3c12502442a85074d0
[Calliope] Solving Calliope model: fc3c12502442a85074d0
[Calliope] Solution saved to: SoC_proxy_TSA/data/calliope_models/fc3c12502442a85074d0.nc
[SoC Proxy] Tuner: c*=0.730095 lost=0.000e+00 | margin=4.000% -> curtailment=0.700891
[SoC Proxy] curtailment forecast: 70.09%
 ------------------------------------------------------- 
  
[Dispatch] running scenario Sensitivity_W_reps60
   
 ------------------------------------------------------- 
 ------------------------------------------------------- 
 ----- K-Medoid, reps=60, W_proxy=0.0  -----
 -----      046793b28ff2cac2f41d      ----- 
 ------------------------------------------------------- 
[Model] Parameter json saved to SoC_proxy_TSA/data/parameters/046793b28ff2cac2f41d.json
[TSA] Extracting features dataframe for 046793b28ff2cac2f41d
[TSA]: Applying hierarchical clustering method, with medoidRepresentation representation.
[TSA] successfully applied. Results saved to SoC_proxy_TSA/data/cluster_maps/046793b28ff2cac2f41d.csv.
[TSA] cluster completed in 0.77
[Calliope] Validating and Configuring Calliope model: 046793b28ff2cac2f41d
[Calliope] Building Calliope model: 046793b28ff2cac2f41d
[Calliope] Solving Calliope model: 046793b28ff2cac2f41d
[Calliope] Solution saved to: SoC_proxy_TSA/data/calliope_models/046793b28ff2cac2f41d.nc
 ------------------------------------------------------- 
 ----- K-Medoid, reps=60, SocDelta, W_proxy=0.25  -----
 -----      e2b1f52161d1a43493de      ----- 
 ------------------------------------------------------- 
[Model] Parameter json saved to SoC_proxy_TSA/data/parameters/e2b1f52161d1a43493de.json
[TSA] Extracting features dataframe for e2b1f52161d1a43493de
[SoC Proxy] Tuner: c*=0.735931 lost=0.000e+00 | margin=4.000% -> curtailment=0.706494
[SoC Proxy] curtailment forecast: 70.65%
[TSA]: Applying hierarchical clustering method, with medoidRepresentation representation.
[TSA] successfully applied. Results saved to SoC_proxy_TSA/data/cluster_maps/e2b1f52161d1a43493de.csv.
[TSA] cluster completed in 1.10
[Calliope] Validating and Configuring Calliope model: e2b1f52161d1a43493de
[Calliope] Building Calliope model: e2b1f52161d1a43493de
[Calliope] Solving Calliope model: e2b1f52161d1a43493de
[Calliope] Solution saved to: SoC_proxy_TSA/data/calliope_models/e2b1f52161d1a43493de.nc
[SoC Proxy] Tuner: c*=0.736188 lost=0.000e+00 | margin=4.000% -> curtailment=0.706741
[SoC Proxy] curtailment forecast: 70.67%
 ------------------------------------------------------- 
 ----- K-Medoid, reps=60, SocDelta, W_proxy=0.5  -----
 -----      518c00708e2d16b709ba      ----- 
 ------------------------------------------------------- 
[Model] Parameter json saved to SoC_proxy_TSA/data/parameters/518c00708e2d16b709ba.json
[TSA] Extracting features dataframe for 518c00708e2d16b709ba
[SoC Proxy] Tuner: c*=0.735931 lost=0.000e+00 | margin=4.000% -> curtailment=0.706494
[SoC Proxy] curtailment forecast: 70.65%
[TSA]: Applying hierarchical clustering method, with medoidRepresentation representation.
[TSA] successfully applied. Results saved to SoC_proxy_TSA/data/cluster_maps/518c00708e2d16b709ba.csv.
[TSA] cluster completed in 1.05
[Calliope] Validating and Configuring Calliope model: 518c00708e2d16b709ba
[Calliope] Building Calliope model: 518c00708e2d16b709ba
[Calliope] Solving Calliope model: 518c00708e2d16b709ba
[Calliope] Solution saved to: SoC_proxy_TSA/data/calliope_models/518c00708e2d16b709ba.nc
[SoC Proxy] Tuner: c*=0.741987 lost=0.000e+00 | margin=4.000% -> curtailment=0.712308
[SoC Proxy] curtailment forecast: 71.23%
 ------------------------------------------------------- 
 ----- K-Medoid, reps=60, SocDelta, W_proxy=0.75  -----
 -----      82771bcd115241230828      ----- 
 ------------------------------------------------------- 
[Model] Parameter json saved to SoC_proxy_TSA/data/parameters/82771bcd115241230828.json
[TSA] Extracting features dataframe for 82771bcd115241230828
[SoC Proxy] Tuner: c*=0.735931 lost=0.000e+00 | margin=4.000% -> curtailment=0.706494
[SoC Proxy] curtailment forecast: 70.65%
[TSA]: Applying hierarchical clustering method, with medoidRepresentation representation.
[TSA] successfully applied. Results saved to SoC_proxy_TSA/data/cluster_maps/82771bcd115241230828.csv.
[TSA] cluster completed in 1.05
[Calliope] Validating and Configuring Calliope model: 82771bcd115241230828
[Calliope] Building Calliope model: 82771bcd115241230828
[Calliope] Solving Calliope model: 82771bcd115241230828
[Calliope] Solution saved to: SoC_proxy_TSA/data/calliope_models/82771bcd115241230828.nc
[SoC Proxy] Tuner: c*=0.736634 lost=0.000e+00 | margin=4.000% -> curtailment=0.707169
[SoC Proxy] curtailment forecast: 70.72%
 ------------------------------------------------------- 
 ----- K-Medoid, reps=60, SocDelta, W_proxy=1  -----
 -----      79b5b81d9bd332f27f92      ----- 
 ------------------------------------------------------- 
[Model] Parameter json saved to SoC_proxy_TSA/data/parameters/79b5b81d9bd332f27f92.json
[TSA] Extracting features dataframe for 79b5b81d9bd332f27f92
[SoC Proxy] Tuner: c*=0.735931 lost=0.000e+00 | margin=4.000% -> curtailment=0.706494
[SoC Proxy] curtailment forecast: 70.65%
[TSA]: Applying hierarchical clustering method, with medoidRepresentation representation.
weight of "solar" set to the minmal tolerable weighting
weight of "onshore_wind" set to the minmal tolerable weighting
weight of "offshore_wind" set to the minmal tolerable weighting
weight of "demand_power" set to the minmal tolerable weighting
[TSA] successfully applied. Results saved to SoC_proxy_TSA/data/cluster_maps/79b5b81d9bd332f27f92.csv.
[TSA] cluster completed in 1.08
[Calliope] Validating and Configuring Calliope model: 79b5b81d9bd332f27f92
[Calliope] Building Calliope model: 79b5b81d9bd332f27f92
[Calliope] Solving Calliope model: 79b5b81d9bd332f27f92
[Calliope] Solution saved to: SoC_proxy_TSA/data/calliope_models/79b5b81d9bd332f27f92.nc
[SoC Proxy] Tuner: c*=0.732127 lost=0.000e+00 | margin=4.000% -> curtailment=0.702842
[SoC Proxy] curtailment forecast: 70.28%
 ------------------------------------------------------- 
  
[Dispatch] running scenario Sensitivity_W_reps90
   
 ------------------------------------------------------- 
 ------------------------------------------------------- 
 ----- K-Medoid, reps=90, W_proxy=0.0  -----
 -----      90fd30b4fbd368c024e0      ----- 
 ------------------------------------------------------- 
[Model] Parameter json saved to SoC_proxy_TSA/data/parameters/90fd30b4fbd368c024e0.json
[TSA] Extracting features dataframe for 90fd30b4fbd368c024e0
[TSA]: Applying hierarchical clustering method, with medoidRepresentation representation.
[TSA] successfully applied. Results saved to SoC_proxy_TSA/data/cluster_maps/90fd30b4fbd368c024e0.csv.
[TSA] cluster completed in 0.77
[Calliope] Validating and Configuring Calliope model: 90fd30b4fbd368c024e0
[Calliope] Building Calliope model: 90fd30b4fbd368c024e0
[Calliope] Solving Calliope model: 90fd30b4fbd368c024e0
[Calliope] Solution saved to: SoC_proxy_TSA/data/calliope_models/90fd30b4fbd368c024e0.nc
 ------------------------------------------------------- 
 ----- K-Medoid, reps=90, SocDelta, W_proxy=0.25  -----
 -----      0a330fc68979c515dbbc      ----- 
 ------------------------------------------------------- 
[Model] Parameter json saved to SoC_proxy_TSA/data/parameters/0a330fc68979c515dbbc.json
[TSA] Extracting features dataframe for 0a330fc68979c515dbbc
[SoC Proxy] Tuner: c*=0.735931 lost=0.000e+00 | margin=4.000% -> curtailment=0.706494
[SoC Proxy] curtailment forecast: 70.65%
[TSA]: Applying hierarchical clustering method, with medoidRepresentation representation.
[TSA] successfully applied. Results saved to SoC_proxy_TSA/data/cluster_maps/0a330fc68979c515dbbc.csv.
[TSA] cluster completed in 1.59
[Calliope] Validating and Configuring Calliope model: 0a330fc68979c515dbbc
[Calliope] Building Calliope model: 0a330fc68979c515dbbc
[Calliope] Solving Calliope model: 0a330fc68979c515dbbc
[Calliope] Solution saved to: SoC_proxy_TSA/data/calliope_models/0a330fc68979c515dbbc.nc
[SoC Proxy] Tuner: c*=0.733670 lost=0.000e+00 | margin=4.000% -> curtailment=0.704323
[SoC Proxy] curtailment forecast: 70.43%
 ------------------------------------------------------- 
 ----- K-Medoid, reps=90, SocDelta, W_proxy=0.5  -----
 -----      8cd5bc3cfb1bf9024cfa      ----- 
 ------------------------------------------------------- 
[Model] Parameter json saved to SoC_proxy_TSA/data/parameters/8cd5bc3cfb1bf9024cfa.json
[TSA] Extracting features dataframe for 8cd5bc3cfb1bf9024cfa
[SoC Proxy] Tuner: c*=0.735931 lost=0.000e+00 | margin=4.000% -> curtailment=0.706494
[SoC Proxy] curtailment forecast: 70.65%
[TSA]: Applying hierarchical clustering method, with medoidRepresentation representation.
[TSA] successfully applied. Results saved to SoC_proxy_TSA/data/cluster_maps/8cd5bc3cfb1bf9024cfa.csv.
[TSA] cluster completed in 1.08
[Calliope] Validating and Configuring Calliope model: 8cd5bc3cfb1bf9024cfa
[Calliope] Building Calliope model: 8cd5bc3cfb1bf9024cfa
[Calliope] Solving Calliope model: 8cd5bc3cfb1bf9024cfa
[Calliope] Solution saved to: SoC_proxy_TSA/data/calliope_models/8cd5bc3cfb1bf9024cfa.nc
[SoC Proxy] Tuner: c*=0.738083 lost=0.000e+00 | margin=4.000% -> curtailment=0.708560
[SoC Proxy] curtailment forecast: 70.86%
 ------------------------------------------------------- 
 ----- K-Medoid, reps=90, SocDelta, W_proxy=0.75  -----
 -----      ca3c793952cf71e33c13      ----- 
 ------------------------------------------------------- 
[Model] Parameter json saved to SoC_proxy_TSA/data/parameters/ca3c793952cf71e33c13.json
[TSA] Extracting features dataframe for ca3c793952cf71e33c13
[SoC Proxy] Tuner: c*=0.735931 lost=0.000e+00 | margin=4.000% -> curtailment=0.706494
[SoC Proxy] curtailment forecast: 70.65%
[TSA]: Applying hierarchical clustering method, with medoidRepresentation representation.
[TSA] successfully applied. Results saved to SoC_proxy_TSA/data/cluster_maps/ca3c793952cf71e33c13.csv.
[TSA] cluster completed in 1.07
[Calliope] Validating and Configuring Calliope model: ca3c793952cf71e33c13
[Calliope] Building Calliope model: ca3c793952cf71e33c13
[Calliope] Solving Calliope model: ca3c793952cf71e33c13
[Calliope] Solution saved to: SoC_proxy_TSA/data/calliope_models/ca3c793952cf71e33c13.nc
[SoC Proxy] Tuner: c*=0.739592 lost=0.000e+00 | margin=4.000% -> curtailment=0.710008
[SoC Proxy] curtailment forecast: 71.00%
 ------------------------------------------------------- 
 ----- K-Medoid, reps=90, SocDelta, W_proxy=1  -----
 -----      e7dd5f9265d396e05d13      ----- 
 ------------------------------------------------------- 
[Model] Parameter json saved to SoC_proxy_TSA/data/parameters/e7dd5f9265d396e05d13.json
[TSA] Extracting features dataframe for e7dd5f9265d396e05d13
[SoC Proxy] Tuner: c*=0.735931 lost=0.000e+00 | margin=4.000% -> curtailment=0.706494
[SoC Proxy] curtailment forecast: 70.65%
[TSA]: Applying hierarchical clustering method, with medoidRepresentation representation.
weight of "solar" set to the minmal tolerable weighting
weight of "onshore_wind" set to the minmal tolerable weighting
weight of "offshore_wind" set to the minmal tolerable weighting
weight of "demand_power" set to the minmal tolerable weighting
[TSA] successfully applied. Results saved to SoC_proxy_TSA/data/cluster_maps/e7dd5f9265d396e05d13.csv.
[TSA] cluster completed in 1.09
[Calliope] Validating and Configuring Calliope model: e7dd5f9265d396e05d13
[Calliope] Building Calliope model: e7dd5f9265d396e05d13
[Calliope] Solving Calliope model: e7dd5f9265d396e05d13
[Calliope] Solution saved to: SoC_proxy_TSA/data/calliope_models/e7dd5f9265d396e05d13.nc
[SoC Proxy] Tuner: c*=0.735009 lost=0.000e+00 | margin=4.000% -> curtailment=0.705609
[SoC Proxy] curtailment forecast: 70.56%
 ------------------------------------------------------- 
  
[Dispatch] running scenario Sensitivity_W_reps45
   
 ------------------------------------------------------- 
 ------------------------------------------------------- 
 ----- K-Medoid, reps=45, W_proxy=0.0  -----
 -----      044dc15d43bdca74350c      ----- 
 ------------------------------------------------------- 
[Model] Parameter json saved to SoC_proxy_TSA/data/parameters/044dc15d43bdca74350c.json
[TSA] Extracting features dataframe for 044dc15d43bdca74350c
[TSA]: Applying hierarchical clustering method, with medoidRepresentation representation.
[TSA] successfully applied. Results saved to SoC_proxy_TSA/data/cluster_maps/044dc15d43bdca74350c.csv.
[TSA] cluster completed in 0.72
[Calliope] Validating and Configuring Calliope model: 044dc15d43bdca74350c
[Calliope] Building Calliope model: 044dc15d43bdca74350c
[Calliope] Solving Calliope model: 044dc15d43bdca74350c
[Calliope] Solution saved to: SoC_proxy_TSA/data/calliope_models/044dc15d43bdca74350c.nc
 ------------------------------------------------------- 
 ----- K-Medoid, reps=45, SocDelta, W_proxy=0.25  -----
 -----      0a249377e4313baff692      ----- 
 ------------------------------------------------------- 
[Model] Parameter json saved to SoC_proxy_TSA/data/parameters/0a249377e4313baff692.json
[TSA] Extracting features dataframe for 0a249377e4313baff692
[SoC Proxy] Tuner: c*=0.729277 lost=0.000e+00 | margin=4.000% -> curtailment=0.700106
[SoC Proxy] curtailment forecast: 70.01%
[TSA]: Applying hierarchical clustering method, with medoidRepresentation representation.
[TSA] successfully applied. Results saved to SoC_proxy_TSA/data/cluster_maps/0a249377e4313baff692.csv.
[TSA] cluster completed in 1.05
[Calliope] Validating and Configuring Calliope model: 0a249377e4313baff692
[Calliope] Building Calliope model: 0a249377e4313baff692
[Calliope] Solving Calliope model: 0a249377e4313baff692
[Calliope] Solution saved to: SoC_proxy_TSA/data/calliope_models/0a249377e4313baff692.nc
[SoC Proxy] Tuner: c*=0.739335 lost=0.000e+00 | margin=4.000% -> curtailment=0.709761
[SoC Proxy] curtailment forecast: 70.98%
 ------------------------------------------------------- 
 ----- K-Medoid, reps=45, SocDelta, W_proxy=0.5  -----
 -----      74cbd1b8509f33c79c1b      ----- 
 ------------------------------------------------------- 
[Model] Parameter json saved to SoC_proxy_TSA/data/parameters/74cbd1b8509f33c79c1b.json
[TSA] Extracting features dataframe for 74cbd1b8509f33c79c1b
[SoC Proxy] Tuner: c*=0.729277 lost=0.000e+00 | margin=4.000% -> curtailment=0.700106
[SoC Proxy] curtailment forecast: 70.01%
[TSA]: Applying hierarchical clustering method, with medoidRepresentation representation.
[TSA] successfully applied. Results saved to SoC_proxy_TSA/data/cluster_maps/74cbd1b8509f33c79c1b.csv.
[TSA] cluster completed in 1.07
[Calliope] Validating and Configuring Calliope model: 74cbd1b8509f33c79c1b
[Calliope] Building Calliope model: 74cbd1b8509f33c79c1b
[Calliope] Solving Calliope model: 74cbd1b8509f33c79c1b
[Calliope] Solution saved to: SoC_proxy_TSA/data/calliope_models/74cbd1b8509f33c79c1b.nc
[SoC Proxy] Tuner: c*=0.732820 lost=0.000e+00 | margin=4.000% -> curtailment=0.703507
[SoC Proxy] curtailment forecast: 70.35%
 ------------------------------------------------------- 
 ----- K-Medoid, reps=45, SocDelta, W_proxy=0.75  -----
 -----      4830fb87f0f8770b00c8      ----- 
 ------------------------------------------------------- 
[Model] Parameter json saved to SoC_proxy_TSA/data/parameters/4830fb87f0f8770b00c8.json
[TSA] Extracting features dataframe for 4830fb87f0f8770b00c8
[SoC Proxy] Tuner: c*=0.729277 lost=0.000e+00 | margin=4.000% -> curtailment=0.700106
[SoC Proxy] curtailment forecast: 70.01%
[TSA]: Applying hierarchical clustering method, with medoidRepresentation representation.
[TSA] successfully applied. Results saved to SoC_proxy_TSA/data/cluster_maps/4830fb87f0f8770b00c8.csv.
[TSA] cluster completed in 1.06
[Calliope] Validating and Configuring Calliope model: 4830fb87f0f8770b00c8
[Calliope] Building Calliope model: 4830fb87f0f8770b00c8
[Calliope] Solving Calliope model: 4830fb87f0f8770b00c8
[Calliope] Solution saved to: SoC_proxy_TSA/data/calliope_models/4830fb87f0f8770b00c8.nc
[SoC Proxy] Tuner: c*=0.731635 lost=0.000e+00 | margin=4.000% -> curtailment=0.702370
[SoC Proxy] curtailment forecast: 70.24%
 ------------------------------------------------------- 
 ----- K-Medoid, reps=45, SocDelta, W_proxy=1  -----
 -----      71eac56cb883b1289c7e      ----- 
 ------------------------------------------------------- 
[Model] Parameter json saved to SoC_proxy_TSA/data/parameters/71eac56cb883b1289c7e.json
[TSA] Extracting features dataframe for 71eac56cb883b1289c7e
[SoC Proxy] Tuner: c*=0.729277 lost=0.000e+00 | margin=4.000% -> curtailment=0.700106
[SoC Proxy] curtailment forecast: 70.01%
[TSA]: Applying hierarchical clustering method, with medoidRepresentation representation.
weight of "solar" set to the minmal tolerable weighting
weight of "onshore_wind" set to the minmal tolerable weighting
weight of "offshore_wind" set to the minmal tolerable weighting
weight of "demand_power" set to the minmal tolerable weighting
[TSA] successfully applied. Results saved to SoC_proxy_TSA/data/cluster_maps/71eac56cb883b1289c7e.csv.
[TSA] cluster completed in 1.11
[Calliope] Validating and Configuring Calliope model: 71eac56cb883b1289c7e
[Calliope] Building Calliope model: 71eac56cb883b1289c7e
[Calliope] Solving Calliope model: 71eac56cb883b1289c7e
[Calliope] Solution saved to: SoC_proxy_TSA/data/calliope_models/71eac56cb883b1289c7e.nc
[SoC Proxy] Tuner: c*=0.728957 lost=0.000e+00 | margin=4.000% -> curtailment=0.699799
[SoC Proxy] curtailment forecast: 69.98%
 ------------------------------------------------------- 
  
[Dispatch] running scenario Sensitivity_W_reps60
   
 ------------------------------------------------------- 
 ------------------------------------------------------- 
 ----- K-Medoid, reps=60, W_proxy=0.0  -----
 -----      70001a227a8efd156f1e      ----- 
 ------------------------------------------------------- 
[Model] Parameter json saved to SoC_proxy_TSA/data/parameters/70001a227a8efd156f1e.json
[TSA] Extracting features dataframe for 70001a227a8efd156f1e
[TSA]: Applying hierarchical clustering method, with medoidRepresentation representation.
[TSA] successfully applied. Results saved to SoC_proxy_TSA/data/cluster_maps/70001a227a8efd156f1e.csv.
[TSA] cluster completed in 0.77
[Calliope] Validating and Configuring Calliope model: 70001a227a8efd156f1e
[Calliope] Building Calliope model: 70001a227a8efd156f1e
[Calliope] Solving Calliope model: 70001a227a8efd156f1e
[Calliope] Solution saved to: SoC_proxy_TSA/data/calliope_models/70001a227a8efd156f1e.nc
 ------------------------------------------------------- 
 ----- K-Medoid, reps=60, SocDelta, W_proxy=0.25  -----
 -----      8be67641a8b7b662257c      ----- 
 ------------------------------------------------------- 
[Model] Parameter json saved to SoC_proxy_TSA/data/parameters/8be67641a8b7b662257c.json
[TSA] Extracting features dataframe for 8be67641a8b7b662257c
[SoC Proxy] Tuner: c*=0.729277 lost=0.000e+00 | margin=4.000% -> curtailment=0.700106
[SoC Proxy] curtailment forecast: 70.01%
[TSA]: Applying hierarchical clustering method, with medoidRepresentation representation.
[TSA] successfully applied. Results saved to SoC_proxy_TSA/data/cluster_maps/8be67641a8b7b662257c.csv.
[TSA] cluster completed in 1.04
[Calliope] Validating and Configuring Calliope model: 8be67641a8b7b662257c
[Calliope] Building Calliope model: 8be67641a8b7b662257c
[Calliope] Solving Calliope model: 8be67641a8b7b662257c
[Calliope] Solution saved to: SoC_proxy_TSA/data/calliope_models/8be67641a8b7b662257c.nc
[SoC Proxy] Tuner: c*=0.740175 lost=0.000e+00 | margin=4.000% -> curtailment=0.710568
[SoC Proxy] curtailment forecast: 71.06%
 ------------------------------------------------------- 
 ----- K-Medoid, reps=60, SocDelta, W_proxy=0.5  -----
 -----      21998e5dbc55950bfd3b      ----- 
 ------------------------------------------------------- 
[Model] Parameter json saved to SoC_proxy_TSA/data/parameters/21998e5dbc55950bfd3b.json
[TSA] Extracting features dataframe for 21998e5dbc55950bfd3b
[SoC Proxy] Tuner: c*=0.729277 lost=0.000e+00 | margin=4.000% -> curtailment=0.700106
[SoC Proxy] curtailment forecast: 70.01%
[TSA]: Applying hierarchical clustering method, with medoidRepresentation representation.
[TSA] successfully applied. Results saved to SoC_proxy_TSA/data/cluster_maps/21998e5dbc55950bfd3b.csv.
[TSA] cluster completed in 1.06
[Calliope] Validating and Configuring Calliope model: 21998e5dbc55950bfd3b
[Calliope] Building Calliope model: 21998e5dbc55950bfd3b
[Calliope] Solving Calliope model: 21998e5dbc55950bfd3b
[Calliope] Solution saved to: SoC_proxy_TSA/data/calliope_models/21998e5dbc55950bfd3b.nc
[SoC Proxy] Tuner: c*=0.734708 lost=0.000e+00 | margin=4.000% -> curtailment=0.705320
[SoC Proxy] curtailment forecast: 70.53%
 ------------------------------------------------------- 
 ----- K-Medoid, reps=60, SocDelta, W_proxy=0.75  -----
 -----      f2f01b25b32ba32661fd      ----- 
 ------------------------------------------------------- 
[Model] Parameter json saved to SoC_proxy_TSA/data/parameters/f2f01b25b32ba32661fd.json
[TSA] Extracting features dataframe for f2f01b25b32ba32661fd
[SoC Proxy] Tuner: c*=0.729277 lost=0.000e+00 | margin=4.000% -> curtailment=0.700106
[SoC Proxy] curtailment forecast: 70.01%
[TSA]: Applying hierarchical clustering method, with medoidRepresentation representation.
[TSA] successfully applied. Results saved to SoC_proxy_TSA/data/cluster_maps/f2f01b25b32ba32661fd.csv.
[TSA] cluster completed in 1.03
[Calliope] Validating and Configuring Calliope model: f2f01b25b32ba32661fd
[Calliope] Building Calliope model: f2f01b25b32ba32661fd
[Calliope] Solving Calliope model: f2f01b25b32ba32661fd
[Calliope] Solution saved to: SoC_proxy_TSA/data/calliope_models/f2f01b25b32ba32661fd.nc
[SoC Proxy] Tuner: c*=0.731322 lost=0.000e+00 | margin=4.000% -> curtailment=0.702069
[SoC Proxy] curtailment forecast: 70.21%
 ------------------------------------------------------- 
 ----- K-Medoid, reps=60, SocDelta, W_proxy=1  -----
 -----      37072ce7481cc96a6f8b      ----- 
 ------------------------------------------------------- 
[Model] Parameter json saved to SoC_proxy_TSA/data/parameters/37072ce7481cc96a6f8b.json
[TSA] Extracting features dataframe for 37072ce7481cc96a6f8b
[SoC Proxy] Tuner: c*=0.729277 lost=0.000e+00 | margin=4.000% -> curtailment=0.700106
[SoC Proxy] curtailment forecast: 70.01%
[TSA]: Applying hierarchical clustering method, with medoidRepresentation representation.
weight of "solar" set to the minmal tolerable weighting
weight of "onshore_wind" set to the minmal tolerable weighting
weight of "offshore_wind" set to the minmal tolerable weighting
weight of "demand_power" set to the minmal tolerable weighting
[TSA] successfully applied. Results saved to SoC_proxy_TSA/data/cluster_maps/37072ce7481cc96a6f8b.csv.
[TSA] cluster completed in 1.12
[Calliope] Validating and Configuring Calliope model: 37072ce7481cc96a6f8b
[Calliope] Building Calliope model: 37072ce7481cc96a6f8b
[Calliope] Solving Calliope model: 37072ce7481cc96a6f8b
[Calliope] Solution saved to: SoC_proxy_TSA/data/calliope_models/37072ce7481cc96a6f8b.nc
[SoC Proxy] Tuner: c*=0.731515 lost=0.000e+00 | margin=4.000% -> curtailment=0.702254
[SoC Proxy] curtailment forecast: 70.23%
 ------------------------------------------------------- 
  
[Dispatch] running scenario Sensitivity_W_reps90
   
 ------------------------------------------------------- 
 ------------------------------------------------------- 
 ----- K-Medoid, reps=90, W_proxy=0.0  -----
 -----      0d5f73b7782c378fd154      ----- 
 ------------------------------------------------------- 
[Model] Parameter json saved to SoC_proxy_TSA/data/parameters/0d5f73b7782c378fd154.json
[TSA] Extracting features dataframe for 0d5f73b7782c378fd154
[TSA]: Applying hierarchical clustering method, with medoidRepresentation representation.
[TSA] successfully applied. Results saved to SoC_proxy_TSA/data/cluster_maps/0d5f73b7782c378fd154.csv.
[TSA] cluster completed in 0.77
[Calliope] Validating and Configuring Calliope model: 0d5f73b7782c378fd154
[Calliope] Building Calliope model: 0d5f73b7782c378fd154
[Calliope] Solving Calliope model: 0d5f73b7782c378fd154
[Calliope] Solution saved to: SoC_proxy_TSA/data/calliope_models/0d5f73b7782c378fd154.nc
 ------------------------------------------------------- 
 ----- K-Medoid, reps=90, SocDelta, W_proxy=0.25  -----
 -----      0944c0b71b9aad72e81b      ----- 
 ------------------------------------------------------- 
[Model] Parameter json saved to SoC_proxy_TSA/data/parameters/0944c0b71b9aad72e81b.json
[TSA] Extracting features dataframe for 0944c0b71b9aad72e81b
[SoC Proxy] Tuner: c*=0.729277 lost=0.000e+00 | margin=4.000% -> curtailment=0.700106
[SoC Proxy] curtailment forecast: 70.01%
[TSA]: Applying hierarchical clustering method, with medoidRepresentation representation.
[TSA] successfully applied. Results saved to SoC_proxy_TSA/data/cluster_maps/0944c0b71b9aad72e81b.csv.
[TSA] cluster completed in 1.07
[Calliope] Validating and Configuring Calliope model: 0944c0b71b9aad72e81b
[Calliope] Building Calliope model: 0944c0b71b9aad72e81b
[Calliope] Solving Calliope model: 0944c0b71b9aad72e81b
[Calliope] Solution saved to: SoC_proxy_TSA/data/calliope_models/0944c0b71b9aad72e81b.nc
[SoC Proxy] Tuner: c*=0.735686 lost=0.000e+00 | margin=4.000% -> curtailment=0.706258
[SoC Proxy] curtailment forecast: 70.63%
 ------------------------------------------------------- 
 ----- K-Medoid, reps=90, SocDelta, W_proxy=0.5  -----
 -----      0aac729ea678f7428d5b      ----- 
 ------------------------------------------------------- 
[Model] Parameter json saved to SoC_proxy_TSA/data/parameters/0aac729ea678f7428d5b.json
[TSA] Extracting features dataframe for 0aac729ea678f7428d5b
[SoC Proxy] Tuner: c*=0.729277 lost=0.000e+00 | margin=4.000% -> curtailment=0.700106
[SoC Proxy] curtailment forecast: 70.01%
[TSA]: Applying hierarchical clustering method, with medoidRepresentation representation.
[TSA] successfully applied. Results saved to SoC_proxy_TSA/data/cluster_maps/0aac729ea678f7428d5b.csv.
[TSA] cluster completed in 1.07
[Calliope] Validating and Configuring Calliope model: 0aac729ea678f7428d5b
[Calliope] Building Calliope model: 0aac729ea678f7428d5b
[Calliope] Solving Calliope model: 0aac729ea678f7428d5b
[Calliope] Solution saved to: SoC_proxy_TSA/data/calliope_models/0aac729ea678f7428d5b.nc
[SoC Proxy] Tuner: c*=0.733579 lost=0.000e+00 | margin=4.000% -> curtailment=0.704236
[SoC Proxy] curtailment forecast: 70.42%
 ------------------------------------------------------- 
 ----- K-Medoid, reps=90, SocDelta, W_proxy=0.75  -----
 -----      3390031c3f1a3b4596ee      ----- 
 ------------------------------------------------------- 
[Model] Parameter json saved to SoC_proxy_TSA/data/parameters/3390031c3f1a3b4596ee.json
[TSA] Extracting features dataframe for 3390031c3f1a3b4596ee
[SoC Proxy] Tuner: c*=0.729277 lost=0.000e+00 | margin=4.000% -> curtailment=0.700106
[SoC Proxy] curtailment forecast: 70.01%
[TSA]: Applying hierarchical clustering method, with medoidRepresentation representation.
[TSA] successfully applied. Results saved to SoC_proxy_TSA/data/cluster_maps/3390031c3f1a3b4596ee.csv.
[TSA] cluster completed in 1.09
[Calliope] Validating and Configuring Calliope model: 3390031c3f1a3b4596ee
[Calliope] Building Calliope model: 3390031c3f1a3b4596ee
[Calliope] Solving Calliope model: 3390031c3f1a3b4596ee
[Calliope] Solution saved to: SoC_proxy_TSA/data/calliope_models/3390031c3f1a3b4596ee.nc
[SoC Proxy] Tuner: c*=0.732501 lost=0.000e+00 | margin=4.000% -> curtailment=0.703201
[SoC Proxy] curtailment forecast: 70.32%
 ------------------------------------------------------- 
 ----- K-Medoid, reps=90, SocDelta, W_proxy=1  -----
 -----      84c48dc741652cfa4563      ----- 
 ------------------------------------------------------- 
[Model] Parameter json saved to SoC_proxy_TSA/data/parameters/84c48dc741652cfa4563.json
[TSA] Extracting features dataframe for 84c48dc741652cfa4563
[SoC Proxy] Tuner: c*=0.729277 lost=0.000e+00 | margin=4.000% -> curtailment=0.700106
[SoC Proxy] curtailment forecast: 70.01%
[TSA]: Applying hierarchical clustering method, with medoidRepresentation representation.
weight of "solar" set to the minmal tolerable weighting
weight of "onshore_wind" set to the minmal tolerable weighting
weight of "offshore_wind" set to the minmal tolerable weighting
weight of "demand_power" set to the minmal tolerable weighting
[TSA] successfully applied. Results saved to SoC_proxy_TSA/data/cluster_maps/84c48dc741652cfa4563.csv.
[TSA] cluster completed in 1.13
[Calliope] Validating and Configuring Calliope model: 84c48dc741652cfa4563
[Calliope] Building Calliope model: 84c48dc741652cfa4563
[Calliope] Solving Calliope model: 84c48dc741652cfa4563
[Calliope] Solution saved to: SoC_proxy_TSA/data/calliope_models/84c48dc741652cfa4563.nc
[SoC Proxy] Tuner: c*=0.730387 lost=0.000e+00 | margin=4.000% -> curtailment=0.701171
[SoC Proxy] curtailment forecast: 70.12%
 ------------------------------------------------------- 
  
[Dispatch] running scenario Sensitivity_W_reps45
   
 ------------------------------------------------------- 
 ------------------------------------------------------- 
 ----- K-Medoid, reps=45, W_proxy=0.0  -----
 -----      389994ad1b9b1a53dcf4      ----- 
 ------------------------------------------------------- 
[Model] Parameter json saved to SoC_proxy_TSA/data/parameters/389994ad1b9b1a53dcf4.json
[TSA] Extracting features dataframe for 389994ad1b9b1a53dcf4
[TSA]: Applying hierarchical clustering method, with medoidRepresentation representation.
[TSA] successfully applied. Results saved to SoC_proxy_TSA/data/cluster_maps/389994ad1b9b1a53dcf4.csv.
[TSA] cluster completed in 0.74
[Calliope] Validating and Configuring Calliope model: 389994ad1b9b1a53dcf4
[Calliope] Building Calliope model: 389994ad1b9b1a53dcf4
[Calliope] Solving Calliope model: 389994ad1b9b1a53dcf4
[Calliope] Solution saved to: SoC_proxy_TSA/data/calliope_models/389994ad1b9b1a53dcf4.nc
 ------------------------------------------------------- 
 ----- K-Medoid, reps=45, SocDelta, W_proxy=0.25  -----
 -----      4cdf57b4fa3716056ab6      ----- 
 ------------------------------------------------------- 
[Model] Parameter json saved to SoC_proxy_TSA/data/parameters/4cdf57b4fa3716056ab6.json
[TSA] Extracting features dataframe for 4cdf57b4fa3716056ab6
[SoC Proxy] Tuner: c*=0.739556 lost=0.000e+00 | margin=4.000% -> curtailment=0.709973
[SoC Proxy] curtailment forecast: 71.00%
[TSA]: Applying hierarchical clustering method, with medoidRepresentation representation.
[TSA] successfully applied. Results saved to SoC_proxy_TSA/data/cluster_maps/4cdf57b4fa3716056ab6.csv.
[TSA] cluster completed in 1.05
[Calliope] Validating and Configuring Calliope model: 4cdf57b4fa3716056ab6
[Calliope] Building Calliope model: 4cdf57b4fa3716056ab6
[Calliope] Solving Calliope model: 4cdf57b4fa3716056ab6
[Calliope] Solution saved to: SoC_proxy_TSA/data/calliope_models/4cdf57b4fa3716056ab6.nc
[SoC Proxy] Tuner: c*=0.749265 lost=0.000e+00 | margin=4.000% -> curtailment=0.719294
[SoC Proxy] curtailment forecast: 71.93%
 ------------------------------------------------------- 
 ----- K-Medoid, reps=45, SocDelta, W_proxy=0.5  -----
 -----      c7fbe195aa0b73f2a001      ----- 
 ------------------------------------------------------- 
[Model] Parameter json saved to SoC_proxy_TSA/data/parameters/c7fbe195aa0b73f2a001.json
[TSA] Extracting features dataframe for c7fbe195aa0b73f2a001
[SoC Proxy] Tuner: c*=0.739556 lost=0.000e+00 | margin=4.000% -> curtailment=0.709973
[SoC Proxy] curtailment forecast: 71.00%
[TSA]: Applying hierarchical clustering method, with medoidRepresentation representation.
[TSA] successfully applied. Results saved to SoC_proxy_TSA/data/cluster_maps/c7fbe195aa0b73f2a001.csv.
[TSA] cluster completed in 1.04
[Calliope] Validating and Configuring Calliope model: c7fbe195aa0b73f2a001
[Calliope] Building Calliope model: c7fbe195aa0b73f2a001
[Calliope] Solving Calliope model: c7fbe195aa0b73f2a001
[Calliope] Solution saved to: SoC_proxy_TSA/data/calliope_models/c7fbe195aa0b73f2a001.nc
[SoC Proxy] Tuner: c*=0.743448 lost=0.000e+00 | margin=4.000% -> curtailment=0.713710
[SoC Proxy] curtailment forecast: 71.37%
 ------------------------------------------------------- 
 ----- K-Medoid, reps=45, SocDelta, W_proxy=0.75  -----
 -----      07d8c2b74979726534e8      ----- 
 ------------------------------------------------------- 
[Model] Parameter json saved to SoC_proxy_TSA/data/parameters/07d8c2b74979726534e8.json
[TSA] Extracting features dataframe for 07d8c2b74979726534e8
[SoC Proxy] Tuner: c*=0.739556 lost=0.000e+00 | margin=4.000% -> curtailment=0.709973
[SoC Proxy] curtailment forecast: 71.00%
[TSA]: Applying hierarchical clustering method, with medoidRepresentation representation.
[TSA] successfully applied. Results saved to SoC_proxy_TSA/data/cluster_maps/07d8c2b74979726534e8.csv.
[TSA] cluster completed in 1.03
[Calliope] Validating and Configuring Calliope model: 07d8c2b74979726534e8
[Calliope] Building Calliope model: 07d8c2b74979726534e8
[Calliope] Solving Calliope model: 07d8c2b74979726534e8
[Calliope] Solution saved to: SoC_proxy_TSA/data/calliope_models/07d8c2b74979726534e8.nc
[SoC Proxy] Tuner: c*=0.744621 lost=0.000e+00 | margin=4.000% -> curtailment=0.714836
[SoC Proxy] curtailment forecast: 71.48%
 ------------------------------------------------------- 
 ----- K-Medoid, reps=45, SocDelta, W_proxy=1  -----
 -----      e7254fa6dad8ed6224df      ----- 
 ------------------------------------------------------- 
[Model] Parameter json saved to SoC_proxy_TSA/data/parameters/e7254fa6dad8ed6224df.json
[TSA] Extracting features dataframe for e7254fa6dad8ed6224df
[SoC Proxy] Tuner: c*=0.739556 lost=0.000e+00 | margin=4.000% -> curtailment=0.709973
[SoC Proxy] curtailment forecast: 71.00%
[TSA]: Applying hierarchical clustering method, with medoidRepresentation representation.
weight of "solar" set to the minmal tolerable weighting
weight of "onshore_wind" set to the minmal tolerable weighting
weight of "offshore_wind" set to the minmal tolerable weighting
weight of "demand_power" set to the minmal tolerable weighting
[TSA] successfully applied. Results saved to SoC_proxy_TSA/data/cluster_maps/e7254fa6dad8ed6224df.csv.
[TSA] cluster completed in 1.12
[Calliope] Validating and Configuring Calliope model: e7254fa6dad8ed6224df
[Calliope] Building Calliope model: e7254fa6dad8ed6224df
[Calliope] Solving Calliope model: e7254fa6dad8ed6224df
[Calliope] Solution saved to: SoC_proxy_TSA/data/calliope_models/e7254fa6dad8ed6224df.nc
[SoC Proxy] Tuner: c*=0.733046 lost=0.000e+00 | margin=4.000% -> curtailment=0.703724
[SoC Proxy] curtailment forecast: 70.37%
 ------------------------------------------------------- 
  
[Dispatch] running scenario Sensitivity_W_reps60
   
 ------------------------------------------------------- 
 ------------------------------------------------------- 
 ----- K-Medoid, reps=60, W_proxy=0.0  -----
 -----      c4d0dacdb5a900a329db      ----- 
 ------------------------------------------------------- 
[Model] Parameter json saved to SoC_proxy_TSA/data/parameters/c4d0dacdb5a900a329db.json
[TSA] Extracting features dataframe for c4d0dacdb5a900a329db
[TSA]: Applying hierarchical clustering method, with medoidRepresentation representation.
[TSA] successfully applied. Results saved to SoC_proxy_TSA/data/cluster_maps/c4d0dacdb5a900a329db.csv.
[TSA] cluster completed in 0.75
[Calliope] Validating and Configuring Calliope model: c4d0dacdb5a900a329db
[Calliope] Building Calliope model: c4d0dacdb5a900a329db
[Calliope] Solving Calliope model: c4d0dacdb5a900a329db
[Calliope] Solution saved to: SoC_proxy_TSA/data/calliope_models/c4d0dacdb5a900a329db.nc
 ------------------------------------------------------- 
 ----- K-Medoid, reps=60, SocDelta, W_proxy=0.25  -----
 -----      48afda7af60e5bd6a895      ----- 
 ------------------------------------------------------- 
[Model] Parameter json saved to SoC_proxy_TSA/data/parameters/48afda7af60e5bd6a895.json
[TSA] Extracting features dataframe for 48afda7af60e5bd6a895
[SoC Proxy] Tuner: c*=0.739556 lost=0.000e+00 | margin=4.000% -> curtailment=0.709973
[SoC Proxy] curtailment forecast: 71.00%
[TSA]: Applying hierarchical clustering method, with medoidRepresentation representation.
[TSA] successfully applied. Results saved to SoC_proxy_TSA/data/cluster_maps/48afda7af60e5bd6a895.csv.
[TSA] cluster completed in 1.04
[Calliope] Validating and Configuring Calliope model: 48afda7af60e5bd6a895
[Calliope] Building Calliope model: 48afda7af60e5bd6a895
[Calliope] Solving Calliope model: 48afda7af60e5bd6a895
[Calliope] Solution saved to: SoC_proxy_TSA/data/calliope_models/48afda7af60e5bd6a895.nc
[SoC Proxy] Tuner: c*=0.747559 lost=0.000e+00 | margin=4.000% -> curtailment=0.717656
[SoC Proxy] curtailment forecast: 71.77%
 ------------------------------------------------------- 
 ----- K-Medoid, reps=60, SocDelta, W_proxy=0.5  -----
 -----      1b9c0ae9bcb9885a56d1      ----- 
 ------------------------------------------------------- 
[Model] Parameter json saved to SoC_proxy_TSA/data/parameters/1b9c0ae9bcb9885a56d1.json
[TSA] Extracting features dataframe for 1b9c0ae9bcb9885a56d1
[SoC Proxy] Tuner: c*=0.739556 lost=0.000e+00 | margin=4.000% -> curtailment=0.709973
[SoC Proxy] curtailment forecast: 71.00%
[TSA]: Applying hierarchical clustering method, with medoidRepresentation representation.
[TSA] successfully applied. Results saved to SoC_proxy_TSA/data/cluster_maps/1b9c0ae9bcb9885a56d1.csv.
[TSA] cluster completed in 1.05
[Calliope] Validating and Configuring Calliope model: 1b9c0ae9bcb9885a56d1
[Calliope] Building Calliope model: 1b9c0ae9bcb9885a56d1
[Calliope] Solving Calliope model: 1b9c0ae9bcb9885a56d1
[Calliope] Solution saved to: SoC_proxy_TSA/data/calliope_models/1b9c0ae9bcb9885a56d1.nc
[SoC Proxy] Tuner: c*=0.742999 lost=0.000e+00 | margin=4.000% -> curtailment=0.713279
[SoC Proxy] curtailment forecast: 71.33%
 ------------------------------------------------------- 
 ----- K-Medoid, reps=60, SocDelta, W_proxy=0.75  -----
 -----      ec04e9269e318f253f4d      ----- 
 ------------------------------------------------------- 
[Model] Parameter json saved to SoC_proxy_TSA/data/parameters/ec04e9269e318f253f4d.json
[TSA] Extracting features dataframe for ec04e9269e318f253f4d
[SoC Proxy] Tuner: c*=0.739556 lost=0.000e+00 | margin=4.000% -> curtailment=0.709973
[SoC Proxy] curtailment forecast: 71.00%
[TSA]: Applying hierarchical clustering method, with medoidRepresentation representation.
[TSA] successfully applied. Results saved to SoC_proxy_TSA/data/cluster_maps/ec04e9269e318f253f4d.csv.
[TSA] cluster completed in 1.07
[Calliope] Validating and Configuring Calliope model: ec04e9269e318f253f4d
[Calliope] Building Calliope model: ec04e9269e318f253f4d
[Calliope] Solving Calliope model: ec04e9269e318f253f4d
[Calliope] Solution saved to: SoC_proxy_TSA/data/calliope_models/ec04e9269e318f253f4d.nc
[SoC Proxy] Tuner: c*=0.743869 lost=0.000e+00 | margin=4.000% -> curtailment=0.714114
[SoC Proxy] curtailment forecast: 71.41%
 ------------------------------------------------------- 
 ----- K-Medoid, reps=60, SocDelta, W_proxy=1  -----
 -----      f1555680bbfbebdff856      ----- 
 ------------------------------------------------------- 
[Model] Parameter json saved to SoC_proxy_TSA/data/parameters/f1555680bbfbebdff856.json
[TSA] Extracting features dataframe for f1555680bbfbebdff856
[SoC Proxy] Tuner: c*=0.739556 lost=0.000e+00 | margin=4.000% -> curtailment=0.709973
[SoC Proxy] curtailment forecast: 71.00%
[TSA]: Applying hierarchical clustering method, with medoidRepresentation representation.
weight of "solar" set to the minmal tolerable weighting
weight of "onshore_wind" set to the minmal tolerable weighting
weight of "offshore_wind" set to the minmal tolerable weighting
weight of "demand_power" set to the minmal tolerable weighting
[TSA] successfully applied. Results saved to SoC_proxy_TSA/data/cluster_maps/f1555680bbfbebdff856.csv.
[TSA] cluster completed in 1.13
[Calliope] Validating and Configuring Calliope model: f1555680bbfbebdff856
[Calliope] Building Calliope model: f1555680bbfbebdff856
[Calliope] Solving Calliope model: f1555680bbfbebdff856
[Calliope] Solution saved to: SoC_proxy_TSA/data/calliope_models/f1555680bbfbebdff856.nc
[SoC Proxy] Tuner: c*=0.729638 lost=0.000e+00 | margin=4.000% -> curtailment=0.700453
[SoC Proxy] curtailment forecast: 70.05%
 ------------------------------------------------------- 
  
[Dispatch] running scenario Sensitivity_W_reps90
   
 ------------------------------------------------------- 
 ------------------------------------------------------- 
 ----- K-Medoid, reps=90, W_proxy=0.0  -----
 -----      65d3cf306e3cdf88516f      ----- 
 ------------------------------------------------------- 
[Model] Parameter json saved to SoC_proxy_TSA/data/parameters/65d3cf306e3cdf88516f.json
[TSA] Extracting features dataframe for 65d3cf306e3cdf88516f
[TSA]: Applying hierarchical clustering method, with medoidRepresentation representation.
[TSA] successfully applied. Results saved to SoC_proxy_TSA/data/cluster_maps/65d3cf306e3cdf88516f.csv.
[TSA] cluster completed in 0.74
[Calliope] Validating and Configuring Calliope model: 65d3cf306e3cdf88516f
[Calliope] Building Calliope model: 65d3cf306e3cdf88516f
[Calliope] Solving Calliope model: 65d3cf306e3cdf88516f
[Calliope] Solution saved to: SoC_proxy_TSA/data/calliope_models/65d3cf306e3cdf88516f.nc
 ------------------------------------------------------- 
 ----- K-Medoid, reps=90, SocDelta, W_proxy=0.25  -----
 -----      a3e2971ee001b2e9f62e      ----- 
 ------------------------------------------------------- 
[Model] Parameter json saved to SoC_proxy_TSA/data/parameters/a3e2971ee001b2e9f62e.json
[TSA] Extracting features dataframe for a3e2971ee001b2e9f62e
[SoC Proxy] Tuner: c*=0.739556 lost=0.000e+00 | margin=4.000% -> curtailment=0.709973
[SoC Proxy] curtailment forecast: 71.00%
[TSA]: Applying hierarchical clustering method, with medoidRepresentation representation.
[TSA] successfully applied. Results saved to SoC_proxy_TSA/data/cluster_maps/a3e2971ee001b2e9f62e.csv.
[TSA] cluster completed in 1.06
[Calliope] Validating and Configuring Calliope model: a3e2971ee001b2e9f62e
[Calliope] Building Calliope model: a3e2971ee001b2e9f62e
[Calliope] Solving Calliope model: a3e2971ee001b2e9f62e
[Calliope] Solution saved to: SoC_proxy_TSA/data/calliope_models/a3e2971ee001b2e9f62e.nc
[SoC Proxy] Tuner: c*=0.741367 lost=0.000e+00 | margin=4.000% -> curtailment=0.711712
[SoC Proxy] curtailment forecast: 71.17%
 ------------------------------------------------------- 
 ----- K-Medoid, reps=90, SocDelta, W_proxy=0.5  -----
 -----      8ec0bbf91a192c175cc7      ----- 
 ------------------------------------------------------- 
[Model] Parameter json saved to SoC_proxy_TSA/data/parameters/8ec0bbf91a192c175cc7.json
[TSA] Extracting features dataframe for 8ec0bbf91a192c175cc7
[SoC Proxy] Tuner: c*=0.739556 lost=0.000e+00 | margin=4.000% -> curtailment=0.709973
[SoC Proxy] curtailment forecast: 71.00%
[TSA]: Applying hierarchical clustering method, with medoidRepresentation representation.
[TSA] successfully applied. Results saved to SoC_proxy_TSA/data/cluster_maps/8ec0bbf91a192c175cc7.csv.
[TSA] cluster completed in 1.06
[Calliope] Validating and Configuring Calliope model: 8ec0bbf91a192c175cc7
[Calliope] Building Calliope model: 8ec0bbf91a192c175cc7
[Calliope] Solving Calliope model: 8ec0bbf91a192c175cc7
[Calliope] Solution saved to: SoC_proxy_TSA/data/calliope_models/8ec0bbf91a192c175cc7.nc
[SoC Proxy] Tuner: c*=0.741170 lost=0.000e+00 | margin=4.000% -> curtailment=0.711523
[SoC Proxy] curtailment forecast: 71.15%
 ------------------------------------------------------- 
 ----- K-Medoid, reps=90, SocDelta, W_proxy=0.75  -----
 -----      453f5e9c63e8592bb913      ----- 
 ------------------------------------------------------- 
[Model] Parameter json saved to SoC_proxy_TSA/data/parameters/453f5e9c63e8592bb913.json
[TSA] Extracting features dataframe for 453f5e9c63e8592bb913
[SoC Proxy] Tuner: c*=0.739556 lost=0.000e+00 | margin=4.000% -> curtailment=0.709973
[SoC Proxy] curtailment forecast: 71.00%
[TSA]: Applying hierarchical clustering method, with medoidRepresentation representation.
[TSA] successfully applied. Results saved to SoC_proxy_TSA/data/cluster_maps/453f5e9c63e8592bb913.csv.
[TSA] cluster completed in 1.06
[Calliope] Validating and Configuring Calliope model: 453f5e9c63e8592bb913
[Calliope] Building Calliope model: 453f5e9c63e8592bb913
[Calliope] Solving Calliope model: 453f5e9c63e8592bb913
[Calliope] Solution saved to: SoC_proxy_TSA/data/calliope_models/453f5e9c63e8592bb913.nc
[SoC Proxy] Tuner: c*=0.741368 lost=0.000e+00 | margin=4.000% -> curtailment=0.711713
[SoC Proxy] curtailment forecast: 71.17%
 ------------------------------------------------------- 
 ----- K-Medoid, reps=90, SocDelta, W_proxy=1  -----
 -----      e3f2ddce0a332bd1ba0e      ----- 
 ------------------------------------------------------- 
[Model] Parameter json saved to SoC_proxy_TSA/data/parameters/e3f2ddce0a332bd1ba0e.json
[TSA] Extracting features dataframe for e3f2ddce0a332bd1ba0e
[SoC Proxy] Tuner: c*=0.739556 lost=0.000e+00 | margin=4.000% -> curtailment=0.709973
[SoC Proxy] curtailment forecast: 71.00%
[TSA]: Applying hierarchical clustering method, with medoidRepresentation representation.
weight of "solar" set to the minmal tolerable weighting
weight of "onshore_wind" set to the minmal tolerable weighting
weight of "offshore_wind" set to the minmal tolerable weighting
weight of "demand_power" set to the minmal tolerable weighting
[TSA] successfully applied. Results saved to SoC_proxy_TSA/data/cluster_maps/e3f2ddce0a332bd1ba0e.csv.
[TSA] cluster completed in 1.12
[Calliope] Validating and Configuring Calliope model: e3f2ddce0a332bd1ba0e
[Calliope] Building Calliope model: e3f2ddce0a332bd1ba0e
[Calliope] Solving Calliope model: e3f2ddce0a332bd1ba0e
[Calliope] Solution saved to: SoC_proxy_TSA/data/calliope_models/e3f2ddce0a332bd1ba0e.nc
[SoC Proxy] Tuner: c*=0.732651 lost=0.000e+00 | margin=4.000% -> curtailment=0.703345
[SoC Proxy] curtailment forecast: 70.33%
