Running on host: cmp204
 ------------------------------------------------------- 
[Dispatch] Scenarios include...
['Sensitivity_W_reps14', 'Sensitivity_W_reps30']
 ------------------------------------------------------- 
 ------------------------------------------------------- 
  
[Dispatch] running scenario Sensitivity_W_reps14
   
 ------------------------------------------------------- 
 ------------------------------------------------------- 
 ----- K-Medoid, reps=14, W_proxy=0.0  -----
 -----      04b9f1ae16b43be47d30      ----- 
 ------------------------------------------------------- 
[Model] Parameter json saved to SoC_proxy_TSA/data/parameters/04b9f1ae16b43be47d30.json
[TSA] Extracting features dataframe for 04b9f1ae16b43be47d30
[TSA]: Applying hierarchical clustering method, with medoidRepresentation representation.
[TSA] successfully applied. Results saved to SoC_proxy_TSA/data/cluster_maps/04b9f1ae16b43be47d30.csv.
[TSA] cluster completed in 6.58
[Calliope] Validating and Configuring Calliope model: 04b9f1ae16b43be47d30
[Calliope] Building Calliope model: 04b9f1ae16b43be47d30
[Calliope] Solving Calliope model: 04b9f1ae16b43be47d30
[Calliope] Solution saved to: SoC_proxy_TSA/data/calliope_models/04b9f1ae16b43be47d30.nc
 ------------------------------------------------------- 
 ----- K-Medoid, reps=14, SocDelta, W_proxy=0.25  -----
 -----      10606cc2552a283491ca      ----- 
 ------------------------------------------------------- 
[Model] Parameter json saved to SoC_proxy_TSA/data/parameters/10606cc2552a283491ca.json
[TSA] Extracting features dataframe for 10606cc2552a283491ca
[SoC Proxy] Tuner: c*=0.744894 lost=0.000e+00 | margin=4.000% -> curtailment=0.715099
[SoC Proxy] curtailment forecast: 71.51%
[TSA]: Applying hierarchical clustering method, with medoidRepresentation representation.
[TSA] successfully applied. Results saved to SoC_proxy_TSA/data/cluster_maps/10606cc2552a283491ca.csv.
[TSA] cluster completed in 3.75
[Calliope] Validating and Configuring Calliope model: 10606cc2552a283491ca
[Calliope] Building Calliope model: 10606cc2552a283491ca
[Calliope] Solving Calliope model: 10606cc2552a283491ca
[Calliope] Solution saved to: SoC_proxy_TSA/data/calliope_models/10606cc2552a283491ca.nc
[SoC Proxy] Tuner: c*=0.773941 lost=0.000e+00 | margin=4.000% -> curtailment=0.742984
[SoC Proxy] curtailment forecast: 74.30%
 ------------------------------------------------------- 
 ----- K-Medoid, reps=14, SocDelta, W_proxy=0.5  -----
 -----      389abbde37fa7fac7b90      ----- 
 ------------------------------------------------------- 
[Model] Parameter json saved to SoC_proxy_TSA/data/parameters/389abbde37fa7fac7b90.json
[TSA] Extracting features dataframe for 389abbde37fa7fac7b90
[SoC Proxy] Tuner: c*=0.744894 lost=0.000e+00 | margin=4.000% -> curtailment=0.715099
[SoC Proxy] curtailment forecast: 71.51%
[TSA]: Applying hierarchical clustering method, with medoidRepresentation representation.
[TSA] successfully applied. Results saved to SoC_proxy_TSA/data/cluster_maps/389abbde37fa7fac7b90.csv.
[TSA] cluster completed in 3.57
[Calliope] Validating and Configuring Calliope model: 389abbde37fa7fac7b90
[Calliope] Building Calliope model: 389abbde37fa7fac7b90
[Calliope] Solving Calliope model: 389abbde37fa7fac7b90
[Calliope] Solution saved to: SoC_proxy_TSA/data/calliope_models/389abbde37fa7fac7b90.nc
[SoC Proxy] Tuner: c*=0.763447 lost=0.000e+00 | margin=4.000% -> curtailment=0.732910
[SoC Proxy] curtailment forecast: 73.29%
 ------------------------------------------------------- 
 ----- K-Medoid, reps=14, SocDelta, W_proxy=0.75  -----
 -----      df179318bb926c406dd7      ----- 
 ------------------------------------------------------- 
[Model] Parameter json saved to SoC_proxy_TSA/data/parameters/df179318bb926c406dd7.json
[TSA] Extracting features dataframe for df179318bb926c406dd7
[SoC Proxy] Tuner: c*=0.744894 lost=0.000e+00 | margin=4.000% -> curtailment=0.715099
[SoC Proxy] curtailment forecast: 71.51%
[TSA]: Applying hierarchical clustering method, with medoidRepresentation representation.
[TSA] successfully applied. Results saved to SoC_proxy_TSA/data/cluster_maps/df179318bb926c406dd7.csv.
[TSA] cluster completed in 3.83
[Calliope] Validating and Configuring Calliope model: df179318bb926c406dd7
[Calliope] Building Calliope model: df179318bb926c406dd7
[Calliope] Solving Calliope model: df179318bb926c406dd7
[Calliope] Solution saved to: SoC_proxy_TSA/data/calliope_models/df179318bb926c406dd7.nc
[SoC Proxy] Tuner: c*=0.750620 lost=0.000e+00 | margin=4.000% -> curtailment=0.720595
[SoC Proxy] curtailment forecast: 72.06%
 ------------------------------------------------------- 
 ----- K-Medoid, reps=14, SocDelta, W_proxy=1  -----
 -----      a252a3d6f631efef8a7d      ----- 
 ------------------------------------------------------- 
[Model] Parameter json saved to SoC_proxy_TSA/data/parameters/a252a3d6f631efef8a7d.json
[TSA] Extracting features dataframe for a252a3d6f631efef8a7d
[SoC Proxy] Tuner: c*=0.744894 lost=0.000e+00 | margin=4.000% -> curtailment=0.715099
[SoC Proxy] curtailment forecast: 71.51%
[TSA]: Applying hierarchical clustering method, with medoidRepresentation representation.
weight of "solar" set to the minmal tolerable weighting
weight of "onshore_wind" set to the minmal tolerable weighting
weight of "offshore_wind" set to the minmal tolerable weighting
weight of "demand_power" set to the minmal tolerable weighting
[TSA] successfully applied. Results saved to SoC_proxy_TSA/data/cluster_maps/a252a3d6f631efef8a7d.csv.
[TSA] cluster completed in 3.79
[Calliope] Validating and Configuring Calliope model: a252a3d6f631efef8a7d
[Calliope] Building Calliope model: a252a3d6f631efef8a7d
[Calliope] Solving Calliope model: a252a3d6f631efef8a7d
[Calliope] Solution saved to: SoC_proxy_TSA/data/calliope_models/a252a3d6f631efef8a7d.nc
[SoC Proxy] Tuner: c*=0.743888 lost=0.000e+00 | margin=4.000% -> curtailment=0.714132
[SoC Proxy] curtailment forecast: 71.41%
 ------------------------------------------------------- 
  
[Dispatch] running scenario Sensitivity_W_reps30
   
 ------------------------------------------------------- 
 ------------------------------------------------------- 
 ----- K-Medoid, reps=30, W_proxy=0.0  -----
 -----      bacae7d1465247b1cb89      ----- 
 ------------------------------------------------------- 
[Model] Parameter json saved to SoC_proxy_TSA/data/parameters/bacae7d1465247b1cb89.json
[TSA] Extracting features dataframe for bacae7d1465247b1cb89
[TSA]: Applying hierarchical clustering method, with medoidRepresentation representation.
[TSA] successfully applied. Results saved to SoC_proxy_TSA/data/cluster_maps/bacae7d1465247b1cb89.csv.
[TSA] cluster completed in 2.18
[Calliope] Validating and Configuring Calliope model: bacae7d1465247b1cb89
[Calliope] Building Calliope model: bacae7d1465247b1cb89
[Calliope] Solving Calliope model: bacae7d1465247b1cb89
[Calliope] Solution saved to: SoC_proxy_TSA/data/calliope_models/bacae7d1465247b1cb89.nc
 ------------------------------------------------------- 
 ----- K-Medoid, reps=30, SocDelta, W_proxy=0.25  -----
 -----      f172a16f0dc4f7d8f0cd      ----- 
 ------------------------------------------------------- 
[Model] Parameter json saved to SoC_proxy_TSA/data/parameters/f172a16f0dc4f7d8f0cd.json
[TSA] Extracting features dataframe for f172a16f0dc4f7d8f0cd
[SoC Proxy] Tuner: c*=0.744894 lost=0.000e+00 | margin=4.000% -> curtailment=0.715099
[SoC Proxy] curtailment forecast: 71.51%
[TSA]: Applying hierarchical clustering method, with medoidRepresentation representation.
[TSA] successfully applied. Results saved to SoC_proxy_TSA/data/cluster_maps/f172a16f0dc4f7d8f0cd.csv.
[TSA] cluster completed in 3.99
[Calliope] Validating and Configuring Calliope model: f172a16f0dc4f7d8f0cd
[Calliope] Building Calliope model: f172a16f0dc4f7d8f0cd
[Calliope] Solving Calliope model: f172a16f0dc4f7d8f0cd
[Calliope] Solution saved to: SoC_proxy_TSA/data/calliope_models/f172a16f0dc4f7d8f0cd.nc
[SoC Proxy] Tuner: c*=0.764015 lost=0.000e+00 | margin=4.000% -> curtailment=0.733455
[SoC Proxy] curtailment forecast: 73.35%
 ------------------------------------------------------- 
 ----- K-Medoid, reps=30, SocDelta, W_proxy=0.5  -----
 -----      c49ad3633cb70d9a7ea6      ----- 
 ------------------------------------------------------- 
[Model] Parameter json saved to SoC_proxy_TSA/data/parameters/c49ad3633cb70d9a7ea6.json
[TSA] Extracting features dataframe for c49ad3633cb70d9a7ea6
[SoC Proxy] Tuner: c*=0.744894 lost=0.000e+00 | margin=4.000% -> curtailment=0.715099
[SoC Proxy] curtailment forecast: 71.51%
[TSA]: Applying hierarchical clustering method, with medoidRepresentation representation.
[TSA] successfully applied. Results saved to SoC_proxy_TSA/data/cluster_maps/c49ad3633cb70d9a7ea6.csv.
[TSA] cluster completed in 3.72
[Calliope] Validating and Configuring Calliope model: c49ad3633cb70d9a7ea6
[Calliope] Building Calliope model: c49ad3633cb70d9a7ea6
[Calliope] Solving Calliope model: c49ad3633cb70d9a7ea6
[Calliope] Solution saved to: SoC_proxy_TSA/data/calliope_models/c49ad3633cb70d9a7ea6.nc
[SoC Proxy] Tuner: c*=0.753432 lost=0.000e+00 | margin=4.000% -> curtailment=0.723295
[SoC Proxy] curtailment forecast: 72.33%
 ------------------------------------------------------- 
 ----- K-Medoid, reps=30, SocDelta, W_proxy=0.75  -----
 -----      05784cf00c3e308a6536      ----- 
 ------------------------------------------------------- 
[Model] Parameter json saved to SoC_proxy_TSA/data/parameters/05784cf00c3e308a6536.json
[TSA] Extracting features dataframe for 05784cf00c3e308a6536
[SoC Proxy] Tuner: c*=0.744894 lost=0.000e+00 | margin=4.000% -> curtailment=0.715099
[SoC Proxy] curtailment forecast: 71.51%
[TSA]: Applying hierarchical clustering method, with medoidRepresentation representation.
[TSA] successfully applied. Results saved to SoC_proxy_TSA/data/cluster_maps/05784cf00c3e308a6536.csv.
[TSA] cluster completed in 3.81
[Calliope] Validating and Configuring Calliope model: 05784cf00c3e308a6536
[Calliope] Building Calliope model: 05784cf00c3e308a6536
[Calliope] Solving Calliope model: 05784cf00c3e308a6536
[Calliope] Solution saved to: SoC_proxy_TSA/data/calliope_models/05784cf00c3e308a6536.nc
[SoC Proxy] Tuner: c*=0.759457 lost=0.000e+00 | margin=4.000% -> curtailment=0.729078
[SoC Proxy] curtailment forecast: 72.91%
 ------------------------------------------------------- 
 ----- K-Medoid, reps=30, SocDelta, W_proxy=1  -----
 -----      0eb40b3b6a8e33b9bd73      ----- 
 ------------------------------------------------------- 
[Model] Parameter json saved to SoC_proxy_TSA/data/parameters/0eb40b3b6a8e33b9bd73.json
[TSA] Extracting features dataframe for 0eb40b3b6a8e33b9bd73
[SoC Proxy] Tuner: c*=0.744894 lost=0.000e+00 | margin=4.000% -> curtailment=0.715099
[SoC Proxy] curtailment forecast: 71.51%
[TSA]: Applying hierarchical clustering method, with medoidRepresentation representation.
weight of "solar" set to the minmal tolerable weighting
weight of "onshore_wind" set to the minmal tolerable weighting
weight of "offshore_wind" set to the minmal tolerable weighting
weight of "demand_power" set to the minmal tolerable weighting
[TSA] successfully applied. Results saved to SoC_proxy_TSA/data/cluster_maps/0eb40b3b6a8e33b9bd73.csv.
[TSA] cluster completed in 3.89
[Calliope] Validating and Configuring Calliope model: 0eb40b3b6a8e33b9bd73
[Calliope] Building Calliope model: 0eb40b3b6a8e33b9bd73
[Calliope] Solving Calliope model: 0eb40b3b6a8e33b9bd73
[Calliope] Solution saved to: SoC_proxy_TSA/data/calliope_models/0eb40b3b6a8e33b9bd73.nc
[SoC Proxy] Tuner: c*=0.757654 lost=0.000e+00 | margin=4.000% -> curtailment=0.727347
[SoC Proxy] curtailment forecast: 72.73%
 ------------------------------------------------------- 
  
[Dispatch] running scenario Sensitivity_W_reps14
   
 ------------------------------------------------------- 
 ------------------------------------------------------- 
 ----- K-Medoid, reps=14, W_proxy=0.0  -----
 -----      85f504b9c7b492b8a522      ----- 
 ------------------------------------------------------- 
[Model] Parameter json saved to SoC_proxy_TSA/data/parameters/85f504b9c7b492b8a522.json
[TSA] Extracting features dataframe for 85f504b9c7b492b8a522
[TSA]: Applying hierarchical clustering method, with medoidRepresentation representation.
[TSA] successfully applied. Results saved to SoC_proxy_TSA/data/cluster_maps/85f504b9c7b492b8a522.csv.
[TSA] cluster completed in 2.29
[Calliope] Validating and Configuring Calliope model: 85f504b9c7b492b8a522
[Calliope] Building Calliope model: 85f504b9c7b492b8a522
[Calliope] Solving Calliope model: 85f504b9c7b492b8a522
[Calliope] Solution saved to: SoC_proxy_TSA/data/calliope_models/85f504b9c7b492b8a522.nc
 ------------------------------------------------------- 
 ----- K-Medoid, reps=14, SocDelta, W_proxy=0.25  -----
 -----      37428dd1d714bbb28385      ----- 
 ------------------------------------------------------- 
[Model] Parameter json saved to SoC_proxy_TSA/data/parameters/37428dd1d714bbb28385.json
[TSA] Extracting features dataframe for 37428dd1d714bbb28385
[SoC Proxy] Tuner: c*=0.743119 lost=0.000e+00 | margin=4.000% -> curtailment=0.713395
[SoC Proxy] curtailment forecast: 71.34%
[TSA]: Applying hierarchical clustering method, with medoidRepresentation representation.
[TSA] successfully applied. Results saved to SoC_proxy_TSA/data/cluster_maps/37428dd1d714bbb28385.csv.
[TSA] cluster completed in 4.08
[Calliope] Validating and Configuring Calliope model: 37428dd1d714bbb28385
[Calliope] Building Calliope model: 37428dd1d714bbb28385
[Calliope] Solving Calliope model: 37428dd1d714bbb28385
[Calliope] Solution saved to: SoC_proxy_TSA/data/calliope_models/37428dd1d714bbb28385.nc
[SoC Proxy] Tuner: c*=0.771927 lost=0.000e+00 | margin=4.000% -> curtailment=0.741050
[SoC Proxy] curtailment forecast: 74.10%
 ------------------------------------------------------- 
 ----- K-Medoid, reps=14, SocDelta, W_proxy=0.5  -----
 -----      b4acdf82e97f89f392bd      ----- 
 ------------------------------------------------------- 
[Model] Parameter json saved to SoC_proxy_TSA/data/parameters/b4acdf82e97f89f392bd.json
[TSA] Extracting features dataframe for b4acdf82e97f89f392bd
[SoC Proxy] Tuner: c*=0.743119 lost=0.000e+00 | margin=4.000% -> curtailment=0.713395
[SoC Proxy] curtailment forecast: 71.34%
[TSA]: Applying hierarchical clustering method, with medoidRepresentation representation.
[TSA] successfully applied. Results saved to SoC_proxy_TSA/data/cluster_maps/b4acdf82e97f89f392bd.csv.
[TSA] cluster completed in 4.06
[Calliope] Validating and Configuring Calliope model: b4acdf82e97f89f392bd
[Calliope] Building Calliope model: b4acdf82e97f89f392bd
[Calliope] Solving Calliope model: b4acdf82e97f89f392bd
[Calliope] Solution saved to: SoC_proxy_TSA/data/calliope_models/b4acdf82e97f89f392bd.nc
[SoC Proxy] Tuner: c*=0.765291 lost=0.000e+00 | margin=4.000% -> curtailment=0.734679
[SoC Proxy] curtailment forecast: 73.47%
 ------------------------------------------------------- 
 ----- K-Medoid, reps=14, SocDelta, W_proxy=0.75  -----
 -----      e71ad06525e18e7d0f73      ----- 
 ------------------------------------------------------- 
[Model] Parameter json saved to SoC_proxy_TSA/data/parameters/e71ad06525e18e7d0f73.json
[TSA] Extracting features dataframe for e71ad06525e18e7d0f73
[SoC Proxy] Tuner: c*=0.743119 lost=0.000e+00 | margin=4.000% -> curtailment=0.713395
[SoC Proxy] curtailment forecast: 71.34%
[TSA]: Applying hierarchical clustering method, with medoidRepresentation representation.
[TSA] successfully applied. Results saved to SoC_proxy_TSA/data/cluster_maps/e71ad06525e18e7d0f73.csv.
[TSA] cluster completed in 3.71
[Calliope] Validating and Configuring Calliope model: e71ad06525e18e7d0f73
[Calliope] Building Calliope model: e71ad06525e18e7d0f73
[Calliope] Solving Calliope model: e71ad06525e18e7d0f73
[Calliope] Solution saved to: SoC_proxy_TSA/data/calliope_models/e71ad06525e18e7d0f73.nc
[SoC Proxy] Tuner: c*=0.756595 lost=0.000e+00 | margin=4.000% -> curtailment=0.726331
[SoC Proxy] curtailment forecast: 72.63%
 ------------------------------------------------------- 
 ----- K-Medoid, reps=14, SocDelta, W_proxy=1  -----
 -----      280f9b0dea3250387003      ----- 
 ------------------------------------------------------- 
[Model] Parameter json saved to SoC_proxy_TSA/data/parameters/280f9b0dea3250387003.json
[TSA] Extracting features dataframe for 280f9b0dea3250387003
[SoC Proxy] Tuner: c*=0.743119 lost=0.000e+00 | margin=4.000% -> curtailment=0.713395
[SoC Proxy] curtailment forecast: 71.34%
[TSA]: Applying hierarchical clustering method, with medoidRepresentation representation.
weight of "solar" set to the minmal tolerable weighting
weight of "onshore_wind" set to the minmal tolerable weighting
weight of "offshore_wind" set to the minmal tolerable weighting
weight of "demand_power" set to the minmal tolerable weighting
[TSA] successfully applied. Results saved to SoC_proxy_TSA/data/cluster_maps/280f9b0dea3250387003.csv.
[TSA] cluster completed in 3.62
[Calliope] Validating and Configuring Calliope model: 280f9b0dea3250387003
[Calliope] Building Calliope model: 280f9b0dea3250387003
[Calliope] Solving Calliope model: 280f9b0dea3250387003
[Calliope] Solution saved to: SoC_proxy_TSA/data/calliope_models/280f9b0dea3250387003.nc
[SoC Proxy] Tuner: c*=0.723859 lost=0.000e+00 | margin=4.000% -> curtailment=0.694905
[SoC Proxy] curtailment forecast: 69.49%
 ------------------------------------------------------- 
  
[Dispatch] running scenario Sensitivity_W_reps30
   
 ------------------------------------------------------- 
 ------------------------------------------------------- 
 ----- K-Medoid, reps=30, W_proxy=0.0  -----
 -----      3d8e15cff8331c90a94e      ----- 
 ------------------------------------------------------- 
[Model] Parameter json saved to SoC_proxy_TSA/data/parameters/3d8e15cff8331c90a94e.json
[TSA] Extracting features dataframe for 3d8e15cff8331c90a94e
[TSA]: Applying hierarchical clustering method, with medoidRepresentation representation.
[TSA] successfully applied. Results saved to SoC_proxy_TSA/data/cluster_maps/3d8e15cff8331c90a94e.csv.
[TSA] cluster completed in 2.11
[Calliope] Validating and Configuring Calliope model: 3d8e15cff8331c90a94e
[Calliope] Building Calliope model: 3d8e15cff8331c90a94e
[Calliope] Solving Calliope model: 3d8e15cff8331c90a94e
[Calliope] Solution saved to: SoC_proxy_TSA/data/calliope_models/3d8e15cff8331c90a94e.nc
 ------------------------------------------------------- 
 ----- K-Medoid, reps=30, SocDelta, W_proxy=0.25  -----
 -----      4408030f50fb25841b36      ----- 
 ------------------------------------------------------- 
[Model] Parameter json saved to SoC_proxy_TSA/data/parameters/4408030f50fb25841b36.json
[TSA] Extracting features dataframe for 4408030f50fb25841b36
[SoC Proxy] Tuner: c*=0.743119 lost=0.000e+00 | margin=4.000% -> curtailment=0.713395
[SoC Proxy] curtailment forecast: 71.34%
[TSA]: Applying hierarchical clustering method, with medoidRepresentation representation.
[TSA] successfully applied. Results saved to SoC_proxy_TSA/data/cluster_maps/4408030f50fb25841b36.csv.
[TSA] cluster completed in 3.98
[Calliope] Validating and Configuring Calliope model: 4408030f50fb25841b36
[Calliope] Building Calliope model: 4408030f50fb25841b36
[Calliope] Solving Calliope model: 4408030f50fb25841b36
[Calliope] Solution saved to: SoC_proxy_TSA/data/calliope_models/4408030f50fb25841b36.nc
[SoC Proxy] Tuner: c*=0.750368 lost=0.000e+00 | margin=4.000% -> curtailment=0.720354
[SoC Proxy] curtailment forecast: 72.04%
 ------------------------------------------------------- 
 ----- K-Medoid, reps=30, SocDelta, W_proxy=0.5  -----
 -----      5ae87ab83cc5884f6f1f      ----- 
 ------------------------------------------------------- 
[Model] Parameter json saved to SoC_proxy_TSA/data/parameters/5ae87ab83cc5884f6f1f.json
[TSA] Extracting features dataframe for 5ae87ab83cc5884f6f1f
[SoC Proxy] Tuner: c*=0.743119 lost=0.000e+00 | margin=4.000% -> curtailment=0.713395
[SoC Proxy] curtailment forecast: 71.34%
[TSA]: Applying hierarchical clustering method, with medoidRepresentation representation.
[TSA] successfully applied. Results saved to SoC_proxy_TSA/data/cluster_maps/5ae87ab83cc5884f6f1f.csv.
[TSA] cluster completed in 3.73
[Calliope] Validating and Configuring Calliope model: 5ae87ab83cc5884f6f1f
[Calliope] Building Calliope model: 5ae87ab83cc5884f6f1f
[Calliope] Solving Calliope model: 5ae87ab83cc5884f6f1f
[Calliope] Solution saved to: SoC_proxy_TSA/data/calliope_models/5ae87ab83cc5884f6f1f.nc
[SoC Proxy] Tuner: c*=0.756420 lost=0.000e+00 | margin=4.000% -> curtailment=0.726163
[SoC Proxy] curtailment forecast: 72.62%
 ------------------------------------------------------- 
 ----- K-Medoid, reps=30, SocDelta, W_proxy=0.75  -----
 -----      52b80ef48a9fe6177f9d      ----- 
 ------------------------------------------------------- 
[Model] Parameter json saved to SoC_proxy_TSA/data/parameters/52b80ef48a9fe6177f9d.json
[TSA] Extracting features dataframe for 52b80ef48a9fe6177f9d
[SoC Proxy] Tuner: c*=0.743119 lost=0.000e+00 | margin=4.000% -> curtailment=0.713395
[SoC Proxy] curtailment forecast: 71.34%
[TSA]: Applying hierarchical clustering method, with medoidRepresentation representation.
[TSA] successfully applied. Results saved to SoC_proxy_TSA/data/cluster_maps/52b80ef48a9fe6177f9d.csv.
[TSA] cluster completed in 3.83
[Calliope] Validating and Configuring Calliope model: 52b80ef48a9fe6177f9d
[Calliope] Building Calliope model: 52b80ef48a9fe6177f9d
[Calliope] Solving Calliope model: 52b80ef48a9fe6177f9d
[Calliope] Solution saved to: SoC_proxy_TSA/data/calliope_models/52b80ef48a9fe6177f9d.nc
[SoC Proxy] Tuner: c*=0.752154 lost=0.000e+00 | margin=4.000% -> curtailment=0.722067
[SoC Proxy] curtailment forecast: 72.21%
 ------------------------------------------------------- 
 ----- K-Medoid, reps=30, SocDelta, W_proxy=1  -----
 -----      112fd7795332461ce464      ----- 
 ------------------------------------------------------- 
[Model] Parameter json saved to SoC_proxy_TSA/data/parameters/112fd7795332461ce464.json
[TSA] Extracting features dataframe for 112fd7795332461ce464
[SoC Proxy] Tuner: c*=0.743119 lost=0.000e+00 | margin=4.000% -> curtailment=0.713395
[SoC Proxy] curtailment forecast: 71.34%
[TSA]: Applying hierarchical clustering method, with medoidRepresentation representation.
weight of "solar" set to the minmal tolerable weighting
weight of "onshore_wind" set to the minmal tolerable weighting
weight of "offshore_wind" set to the minmal tolerable weighting
weight of "demand_power" set to the minmal tolerable weighting
[TSA] successfully applied. Results saved to SoC_proxy_TSA/data/cluster_maps/112fd7795332461ce464.csv.
[TSA] cluster completed in 3.85
[Calliope] Validating and Configuring Calliope model: 112fd7795332461ce464
[Calliope] Building Calliope model: 112fd7795332461ce464
[Calliope] Solving Calliope model: 112fd7795332461ce464
[Calliope] Solution saved to: SoC_proxy_TSA/data/calliope_models/112fd7795332461ce464.nc
[SoC Proxy] Tuner: c*=0.739350 lost=0.000e+00 | margin=4.000% -> curtailment=0.709776
[SoC Proxy] curtailment forecast: 70.98%
 ------------------------------------------------------- 
  
[Dispatch] running scenario Sensitivity_W_reps14
   
 ------------------------------------------------------- 
 ------------------------------------------------------- 
 ----- K-Medoid, reps=14, W_proxy=0.0  -----
 -----      12198e9a317cbfb21385      ----- 
 ------------------------------------------------------- 
[Model] Parameter json saved to SoC_proxy_TSA/data/parameters/12198e9a317cbfb21385.json
[TSA] Extracting features dataframe for 12198e9a317cbfb21385
[TSA]: Applying hierarchical clustering method, with medoidRepresentation representation.
[TSA] successfully applied. Results saved to SoC_proxy_TSA/data/cluster_maps/12198e9a317cbfb21385.csv.
[TSA] cluster completed in 2.10
[Calliope] Validating and Configuring Calliope model: 12198e9a317cbfb21385
[Calliope] Building Calliope model: 12198e9a317cbfb21385
[Calliope] Solving Calliope model: 12198e9a317cbfb21385
[Calliope] Solution saved to: SoC_proxy_TSA/data/calliope_models/12198e9a317cbfb21385.nc
 ------------------------------------------------------- 
 ----- K-Medoid, reps=14, SocDelta, W_proxy=0.25  -----
 -----      ce075100e3b46ae28d29      ----- 
 ------------------------------------------------------- 
[Model] Parameter json saved to SoC_proxy_TSA/data/parameters/ce075100e3b46ae28d29.json
[TSA] Extracting features dataframe for ce075100e3b46ae28d29
[SoC Proxy] Tuner: c*=0.742054 lost=0.000e+00 | margin=4.000% -> curtailment=0.712372
[SoC Proxy] curtailment forecast: 71.24%
[TSA]: Applying hierarchical clustering method, with medoidRepresentation representation.
[TSA] successfully applied. Results saved to SoC_proxy_TSA/data/cluster_maps/ce075100e3b46ae28d29.csv.
[TSA] cluster completed in 3.86
[Calliope] Validating and Configuring Calliope model: ce075100e3b46ae28d29
[Calliope] Building Calliope model: ce075100e3b46ae28d29
[Calliope] Solving Calliope model: ce075100e3b46ae28d29
[Calliope] Solution saved to: SoC_proxy_TSA/data/calliope_models/ce075100e3b46ae28d29.nc
[SoC Proxy] Tuner: c*=0.774509 lost=0.000e+00 | margin=4.000% -> curtailment=0.743528
[SoC Proxy] curtailment forecast: 74.35%
 ------------------------------------------------------- 
 ----- K-Medoid, reps=14, SocDelta, W_proxy=0.5  -----
 -----      5bd0a15c012ee77f358c      ----- 
 ------------------------------------------------------- 
[Model] Parameter json saved to SoC_proxy_TSA/data/parameters/5bd0a15c012ee77f358c.json
[TSA] Extracting features dataframe for 5bd0a15c012ee77f358c
[SoC Proxy] Tuner: c*=0.742054 lost=0.000e+00 | margin=4.000% -> curtailment=0.712372
[SoC Proxy] curtailment forecast: 71.24%
[TSA]: Applying hierarchical clustering method, with medoidRepresentation representation.
[TSA] successfully applied. Results saved to SoC_proxy_TSA/data/cluster_maps/5bd0a15c012ee77f358c.csv.
[TSA] cluster completed in 3.87
[Calliope] Validating and Configuring Calliope model: 5bd0a15c012ee77f358c
[Calliope] Building Calliope model: 5bd0a15c012ee77f358c
[Calliope] Solving Calliope model: 5bd0a15c012ee77f358c
[Calliope] Solution saved to: SoC_proxy_TSA/data/calliope_models/5bd0a15c012ee77f358c.nc
[SoC Proxy] Tuner: c*=0.773768 lost=0.000e+00 | margin=4.000% -> curtailment=0.742818
[SoC Proxy] curtailment forecast: 74.28%
 ------------------------------------------------------- 
 ----- K-Medoid, reps=14, SocDelta, W_proxy=0.75  -----
 -----      5fe9f826a13bc9228548      ----- 
 ------------------------------------------------------- 
[Model] Parameter json saved to SoC_proxy_TSA/data/parameters/5fe9f826a13bc9228548.json
[TSA] Extracting features dataframe for 5fe9f826a13bc9228548
[SoC Proxy] Tuner: c*=0.742054 lost=0.000e+00 | margin=4.000% -> curtailment=0.712372
[SoC Proxy] curtailment forecast: 71.24%
[TSA]: Applying hierarchical clustering method, with medoidRepresentation representation.
[TSA] successfully applied. Results saved to SoC_proxy_TSA/data/cluster_maps/5fe9f826a13bc9228548.csv.
[TSA] cluster completed in 3.97
[Calliope] Validating and Configuring Calliope model: 5fe9f826a13bc9228548
[Calliope] Building Calliope model: 5fe9f826a13bc9228548
[Calliope] Solving Calliope model: 5fe9f826a13bc9228548
[Calliope] Solution saved to: SoC_proxy_TSA/data/calliope_models/5fe9f826a13bc9228548.nc
[SoC Proxy] Tuner: c*=0.762223 lost=0.000e+00 | margin=4.000% -> curtailment=0.731734
[SoC Proxy] curtailment forecast: 73.17%
 ------------------------------------------------------- 
 ----- K-Medoid, reps=14, SocDelta, W_proxy=1  -----
 -----      9c37c96768cd34c0a977      ----- 
 ------------------------------------------------------- 
[Model] Parameter json saved to SoC_proxy_TSA/data/parameters/9c37c96768cd34c0a977.json
[TSA] Extracting features dataframe for 9c37c96768cd34c0a977
[SoC Proxy] Tuner: c*=0.742054 lost=0.000e+00 | margin=4.000% -> curtailment=0.712372
[SoC Proxy] curtailment forecast: 71.24%
[TSA]: Applying hierarchical clustering method, with medoidRepresentation representation.
weight of "solar" set to the minmal tolerable weighting
weight of "onshore_wind" set to the minmal tolerable weighting
weight of "offshore_wind" set to the minmal tolerable weighting
weight of "demand_power" set to the minmal tolerable weighting
[TSA] successfully applied. Results saved to SoC_proxy_TSA/data/cluster_maps/9c37c96768cd34c0a977.csv.
[TSA] cluster completed in 4.07
[Calliope] Validating and Configuring Calliope model: 9c37c96768cd34c0a977
[Calliope] Building Calliope model: 9c37c96768cd34c0a977
[Calliope] Solving Calliope model: 9c37c96768cd34c0a977
[Calliope] Solution saved to: SoC_proxy_TSA/data/calliope_models/9c37c96768cd34c0a977.nc
[SoC Proxy] Tuner: c*=0.730068 lost=0.000e+00 | margin=4.000% -> curtailment=0.700865
[SoC Proxy] curtailment forecast: 70.09%
 ------------------------------------------------------- 
  
[Dispatch] running scenario Sensitivity_W_reps30
   
 ------------------------------------------------------- 
 ------------------------------------------------------- 
 ----- K-Medoid, reps=30, W_proxy=0.0  -----
 -----      2e821fe1b5d40888b277      ----- 
 ------------------------------------------------------- 
[Model] Parameter json saved to SoC_proxy_TSA/data/parameters/2e821fe1b5d40888b277.json
[TSA] Extracting features dataframe for 2e821fe1b5d40888b277
[TSA]: Applying hierarchical clustering method, with medoidRepresentation representation.
[TSA] successfully applied. Results saved to SoC_proxy_TSA/data/cluster_maps/2e821fe1b5d40888b277.csv.
[TSA] cluster completed in 2.26
[Calliope] Validating and Configuring Calliope model: 2e821fe1b5d40888b277
[Calliope] Building Calliope model: 2e821fe1b5d40888b277
[Calliope] Solving Calliope model: 2e821fe1b5d40888b277
[Calliope] Solution saved to: SoC_proxy_TSA/data/calliope_models/2e821fe1b5d40888b277.nc
 ------------------------------------------------------- 
 ----- K-Medoid, reps=30, SocDelta, W_proxy=0.25  -----
 -----      c37da17c17eb70e27a49      ----- 
 ------------------------------------------------------- 
[Model] Parameter json saved to SoC_proxy_TSA/data/parameters/c37da17c17eb70e27a49.json
[TSA] Extracting features dataframe for c37da17c17eb70e27a49
[SoC Proxy] Tuner: c*=0.742054 lost=0.000e+00 | margin=4.000% -> curtailment=0.712372
[SoC Proxy] curtailment forecast: 71.24%
[TSA]: Applying hierarchical clustering method, with medoidRepresentation representation.
[TSA] successfully applied. Results saved to SoC_proxy_TSA/data/cluster_maps/c37da17c17eb70e27a49.csv.
[TSA] cluster completed in 3.88
[Calliope] Validating and Configuring Calliope model: c37da17c17eb70e27a49
[Calliope] Building Calliope model: c37da17c17eb70e27a49
[Calliope] Solving Calliope model: c37da17c17eb70e27a49
[Calliope] Solution saved to: SoC_proxy_TSA/data/calliope_models/c37da17c17eb70e27a49.nc
[SoC Proxy] Tuner: c*=0.755729 lost=0.000e+00 | margin=4.000% -> curtailment=0.725500
[SoC Proxy] curtailment forecast: 72.55%
 ------------------------------------------------------- 
 ----- K-Medoid, reps=30, SocDelta, W_proxy=0.5  -----
 -----      c779b1f75feff932f10c      ----- 
 ------------------------------------------------------- 
[Model] Parameter json saved to SoC_proxy_TSA/data/parameters/c779b1f75feff932f10c.json
[TSA] Extracting features dataframe for c779b1f75feff932f10c
[SoC Proxy] Tuner: c*=0.742054 lost=0.000e+00 | margin=4.000% -> curtailment=0.712372
[SoC Proxy] curtailment forecast: 71.24%
[TSA]: Applying hierarchical clustering method, with medoidRepresentation representation.
[TSA] successfully applied. Results saved to SoC_proxy_TSA/data/cluster_maps/c779b1f75feff932f10c.csv.
[TSA] cluster completed in 4.09
[Calliope] Validating and Configuring Calliope model: c779b1f75feff932f10c
[Calliope] Building Calliope model: c779b1f75feff932f10c
[Calliope] Solving Calliope model: c779b1f75feff932f10c
[Calliope] Solution saved to: SoC_proxy_TSA/data/calliope_models/c779b1f75feff932f10c.nc
[SoC Proxy] Tuner: c*=0.759608 lost=0.000e+00 | margin=4.000% -> curtailment=0.729223
[SoC Proxy] curtailment forecast: 72.92%
 ------------------------------------------------------- 
 ----- K-Medoid, reps=30, SocDelta, W_proxy=0.75  -----
 -----      f4f6278faa202d82ee49      ----- 
 ------------------------------------------------------- 
[Model] Parameter json saved to SoC_proxy_TSA/data/parameters/f4f6278faa202d82ee49.json
[TSA] Extracting features dataframe for f4f6278faa202d82ee49
[SoC Proxy] Tuner: c*=0.742054 lost=0.000e+00 | margin=4.000% -> curtailment=0.712372
[SoC Proxy] curtailment forecast: 71.24%
[TSA]: Applying hierarchical clustering method, with medoidRepresentation representation.
[TSA] successfully applied. Results saved to SoC_proxy_TSA/data/cluster_maps/f4f6278faa202d82ee49.csv.
[TSA] cluster completed in 3.93
[Calliope] Validating and Configuring Calliope model: f4f6278faa202d82ee49
[Calliope] Building Calliope model: f4f6278faa202d82ee49
[Calliope] Solving Calliope model: f4f6278faa202d82ee49
[Calliope] Solution saved to: SoC_proxy_TSA/data/calliope_models/f4f6278faa202d82ee49.nc
[SoC Proxy] Tuner: c*=0.755081 lost=0.000e+00 | margin=4.000% -> curtailment=0.724877
[SoC Proxy] curtailment forecast: 72.49%
 ------------------------------------------------------- 
 ----- K-Medoid, reps=30, SocDelta, W_proxy=1  -----
 -----      0ff5f79aec7527b80f85      ----- 
 ------------------------------------------------------- 
[Model] Parameter json saved to SoC_proxy_TSA/data/parameters/0ff5f79aec7527b80f85.json
[TSA] Extracting features dataframe for 0ff5f79aec7527b80f85
[SoC Proxy] Tuner: c*=0.742054 lost=0.000e+00 | margin=4.000% -> curtailment=0.712372
[SoC Proxy] curtailment forecast: 71.24%
[TSA]: Applying hierarchical clustering method, with medoidRepresentation representation.
weight of "solar" set to the minmal tolerable weighting
weight of "onshore_wind" set to the minmal tolerable weighting
weight of "offshore_wind" set to the minmal tolerable weighting
weight of "demand_power" set to the minmal tolerable weighting
[TSA] successfully applied. Results saved to SoC_proxy_TSA/data/cluster_maps/0ff5f79aec7527b80f85.csv.
[TSA] cluster completed in 3.80
[Calliope] Validating and Configuring Calliope model: 0ff5f79aec7527b80f85
[Calliope] Building Calliope model: 0ff5f79aec7527b80f85
[Calliope] Solving Calliope model: 0ff5f79aec7527b80f85
[Calliope] Solution saved to: SoC_proxy_TSA/data/calliope_models/0ff5f79aec7527b80f85.nc
[SoC Proxy] Tuner: c*=0.734407 lost=0.000e+00 | margin=4.000% -> curtailment=0.705031
[SoC Proxy] curtailment forecast: 70.50%
 ------------------------------------------------------- 
  
[Dispatch] running scenario Sensitivity_W_reps14
   
 ------------------------------------------------------- 
 ------------------------------------------------------- 
 ----- K-Medoid, reps=14, W_proxy=0.0  -----
 -----      c500096648a198c021a7      ----- 
 ------------------------------------------------------- 
[Model] Parameter json saved to SoC_proxy_TSA/data/parameters/c500096648a198c021a7.json
[TSA] Extracting features dataframe for c500096648a198c021a7
[TSA]: Applying hierarchical clustering method, with medoidRepresentation representation.
[TSA] successfully applied. Results saved to SoC_proxy_TSA/data/cluster_maps/c500096648a198c021a7.csv.
[TSA] cluster completed in 2.23
[Calliope] Validating and Configuring Calliope model: c500096648a198c021a7
[Calliope] Building Calliope model: c500096648a198c021a7
[Calliope] Solving Calliope model: c500096648a198c021a7
[Calliope] Solution saved to: SoC_proxy_TSA/data/calliope_models/c500096648a198c021a7.nc
 ------------------------------------------------------- 
 ----- K-Medoid, reps=14, SocDelta, W_proxy=0.25  -----
 -----      9f33ad6fc8f003216d23      ----- 
 ------------------------------------------------------- 
[Model] Parameter json saved to SoC_proxy_TSA/data/parameters/9f33ad6fc8f003216d23.json
[TSA] Extracting features dataframe for 9f33ad6fc8f003216d23
[SoC Proxy] Tuner: c*=0.741329 lost=0.000e+00 | margin=4.000% -> curtailment=0.711676
[SoC Proxy] curtailment forecast: 71.17%
[TSA]: Applying hierarchical clustering method, with medoidRepresentation representation.
[TSA] successfully applied. Results saved to SoC_proxy_TSA/data/cluster_maps/9f33ad6fc8f003216d23.csv.
[TSA] cluster completed in 3.76
[Calliope] Validating and Configuring Calliope model: 9f33ad6fc8f003216d23
[Calliope] Building Calliope model: 9f33ad6fc8f003216d23
[Calliope] Solving Calliope model: 9f33ad6fc8f003216d23
[Calliope] Solution saved to: SoC_proxy_TSA/data/calliope_models/9f33ad6fc8f003216d23.nc
[SoC Proxy] Tuner: c*=0.771255 lost=0.000e+00 | margin=4.000% -> curtailment=0.740405
[SoC Proxy] curtailment forecast: 74.04%
 ------------------------------------------------------- 
 ----- K-Medoid, reps=14, SocDelta, W_proxy=0.5  -----
 -----      33b10b6d8bd8392d8563      ----- 
 ------------------------------------------------------- 
[Model] Parameter json saved to SoC_proxy_TSA/data/parameters/33b10b6d8bd8392d8563.json
[TSA] Extracting features dataframe for 33b10b6d8bd8392d8563
[SoC Proxy] Tuner: c*=0.741329 lost=0.000e+00 | margin=4.000% -> curtailment=0.711676
[SoC Proxy] curtailment forecast: 71.17%
[TSA]: Applying hierarchical clustering method, with medoidRepresentation representation.
[TSA] successfully applied. Results saved to SoC_proxy_TSA/data/cluster_maps/33b10b6d8bd8392d8563.csv.
[TSA] cluster completed in 3.90
[Calliope] Validating and Configuring Calliope model: 33b10b6d8bd8392d8563
[Calliope] Building Calliope model: 33b10b6d8bd8392d8563
[Calliope] Solving Calliope model: 33b10b6d8bd8392d8563
[Calliope] Solution saved to: SoC_proxy_TSA/data/calliope_models/33b10b6d8bd8392d8563.nc
[SoC Proxy] Tuner: c*=0.758390 lost=0.000e+00 | margin=4.000% -> curtailment=0.728055
[SoC Proxy] curtailment forecast: 72.81%
 ------------------------------------------------------- 
 ----- K-Medoid, reps=14, SocDelta, W_proxy=0.75  -----
 -----      d36eb4e42d6825eea486      ----- 
 ------------------------------------------------------- 
[Model] Parameter json saved to SoC_proxy_TSA/data/parameters/d36eb4e42d6825eea486.json
[TSA] Extracting features dataframe for d36eb4e42d6825eea486
[SoC Proxy] Tuner: c*=0.741329 lost=0.000e+00 | margin=4.000% -> curtailment=0.711676
[SoC Proxy] curtailment forecast: 71.17%
[TSA]: Applying hierarchical clustering method, with medoidRepresentation representation.
[TSA] successfully applied. Results saved to SoC_proxy_TSA/data/cluster_maps/d36eb4e42d6825eea486.csv.
[TSA] cluster completed in 3.67
[Calliope] Validating and Configuring Calliope model: d36eb4e42d6825eea486
[Calliope] Building Calliope model: d36eb4e42d6825eea486
[Calliope] Solving Calliope model: d36eb4e42d6825eea486
[Calliope] Solution saved to: SoC_proxy_TSA/data/calliope_models/d36eb4e42d6825eea486.nc
[SoC Proxy] Tuner: c*=0.773641 lost=0.000e+00 | margin=4.000% -> curtailment=0.742695
[SoC Proxy] curtailment forecast: 74.27%
 ------------------------------------------------------- 
 ----- K-Medoid, reps=14, SocDelta, W_proxy=1  -----
 -----      1d85d1df4135845c28dc      ----- 
 ------------------------------------------------------- 
[Model] Parameter json saved to SoC_proxy_TSA/data/parameters/1d85d1df4135845c28dc.json
[TSA] Extracting features dataframe for 1d85d1df4135845c28dc
[SoC Proxy] Tuner: c*=0.741329 lost=0.000e+00 | margin=4.000% -> curtailment=0.711676
[SoC Proxy] curtailment forecast: 71.17%
[TSA]: Applying hierarchical clustering method, with medoidRepresentation representation.
weight of "solar" set to the minmal tolerable weighting
weight of "onshore_wind" set to the minmal tolerable weighting
weight of "offshore_wind" set to the minmal tolerable weighting
weight of "demand_power" set to the minmal tolerable weighting
[TSA] successfully applied. Results saved to SoC_proxy_TSA/data/cluster_maps/1d85d1df4135845c28dc.csv.
[TSA] cluster completed in 3.75
[Calliope] Validating and Configuring Calliope model: 1d85d1df4135845c28dc
[Calliope] Building Calliope model: 1d85d1df4135845c28dc
[Calliope] Solving Calliope model: 1d85d1df4135845c28dc
[Calliope] Solution saved to: SoC_proxy_TSA/data/calliope_models/1d85d1df4135845c28dc.nc
[SoC Proxy] Tuner: c*=0.738681 lost=0.000e+00 | margin=4.000% -> curtailment=0.709134
[SoC Proxy] curtailment forecast: 70.91%
 ------------------------------------------------------- 
  
[Dispatch] running scenario Sensitivity_W_reps30
   
 ------------------------------------------------------- 
 ------------------------------------------------------- 
 ----- K-Medoid, reps=30, W_proxy=0.0  -----
 -----      ebbe0e4d01bf669ab0fa      ----- 
 ------------------------------------------------------- 
[Model] Parameter json saved to SoC_proxy_TSA/data/parameters/ebbe0e4d01bf669ab0fa.json
[TSA] Extracting features dataframe for ebbe0e4d01bf669ab0fa
[TSA]: Applying hierarchical clustering method, with medoidRepresentation representation.
[TSA] successfully applied. Results saved to SoC_proxy_TSA/data/cluster_maps/ebbe0e4d01bf669ab0fa.csv.
[TSA] cluster completed in 2.16
[Calliope] Validating and Configuring Calliope model: ebbe0e4d01bf669ab0fa
[Calliope] Building Calliope model: ebbe0e4d01bf669ab0fa
[Calliope] Solving Calliope model: ebbe0e4d01bf669ab0fa
[Calliope] Solution saved to: SoC_proxy_TSA/data/calliope_models/ebbe0e4d01bf669ab0fa.nc
 ------------------------------------------------------- 
 ----- K-Medoid, reps=30, SocDelta, W_proxy=0.25  -----
 -----      6ebfe087a83e040ecf2a      ----- 
 ------------------------------------------------------- 
[Model] Parameter json saved to SoC_proxy_TSA/data/parameters/6ebfe087a83e040ecf2a.json
[TSA] Extracting features dataframe for 6ebfe087a83e040ecf2a
[SoC Proxy] Tuner: c*=0.741329 lost=0.000e+00 | margin=4.000% -> curtailment=0.711676
[SoC Proxy] curtailment forecast: 71.17%
[TSA]: Applying hierarchical clustering method, with medoidRepresentation representation.
[TSA] successfully applied. Results saved to SoC_proxy_TSA/data/cluster_maps/6ebfe087a83e040ecf2a.csv.
[TSA] cluster completed in 3.82
[Calliope] Validating and Configuring Calliope model: 6ebfe087a83e040ecf2a
[Calliope] Building Calliope model: 6ebfe087a83e040ecf2a
[Calliope] Solving Calliope model: 6ebfe087a83e040ecf2a
[Calliope] Solution saved to: SoC_proxy_TSA/data/calliope_models/6ebfe087a83e040ecf2a.nc
[SoC Proxy] Tuner: c*=0.753506 lost=0.000e+00 | margin=4.000% -> curtailment=0.723366
[SoC Proxy] curtailment forecast: 72.34%
 ------------------------------------------------------- 
 ----- K-Medoid, reps=30, SocDelta, W_proxy=0.5  -----
 -----      0aba411b4f15cc1925fd      ----- 
 ------------------------------------------------------- 
[Model] Parameter json saved to SoC_proxy_TSA/data/parameters/0aba411b4f15cc1925fd.json
[TSA] Extracting features dataframe for 0aba411b4f15cc1925fd
[SoC Proxy] Tuner: c*=0.741329 lost=0.000e+00 | margin=4.000% -> curtailment=0.711676
[SoC Proxy] curtailment forecast: 71.17%
[TSA]: Applying hierarchical clustering method, with medoidRepresentation representation.
[TSA] successfully applied. Results saved to SoC_proxy_TSA/data/cluster_maps/0aba411b4f15cc1925fd.csv.
[TSA] cluster completed in 4.49
[Calliope] Validating and Configuring Calliope model: 0aba411b4f15cc1925fd
[Calliope] Building Calliope model: 0aba411b4f15cc1925fd
[Calliope] Solving Calliope model: 0aba411b4f15cc1925fd
[Calliope] Solution saved to: SoC_proxy_TSA/data/calliope_models/0aba411b4f15cc1925fd.nc
[SoC Proxy] Tuner: c*=0.744541 lost=0.000e+00 | margin=4.000% -> curtailment=0.714760
[SoC Proxy] curtailment forecast: 71.48%
 ------------------------------------------------------- 
 ----- K-Medoid, reps=30, SocDelta, W_proxy=0.75  -----
 -----      386df85d2d5df889549d      ----- 
 ------------------------------------------------------- 
[Model] Parameter json saved to SoC_proxy_TSA/data/parameters/386df85d2d5df889549d.json
[TSA] Extracting features dataframe for 386df85d2d5df889549d
[SoC Proxy] Tuner: c*=0.741329 lost=0.000e+00 | margin=4.000% -> curtailment=0.711676
[SoC Proxy] curtailment forecast: 71.17%
[TSA]: Applying hierarchical clustering method, with medoidRepresentation representation.
[TSA] successfully applied. Results saved to SoC_proxy_TSA/data/cluster_maps/386df85d2d5df889549d.csv.
[TSA] cluster completed in 3.68
[Calliope] Validating and Configuring Calliope model: 386df85d2d5df889549d
[Calliope] Building Calliope model: 386df85d2d5df889549d
[Calliope] Solving Calliope model: 386df85d2d5df889549d
[Calliope] Solution saved to: SoC_proxy_TSA/data/calliope_models/386df85d2d5df889549d.nc
[SoC Proxy] Tuner: c*=0.744950 lost=0.000e+00 | margin=4.000% -> curtailment=0.715152
[SoC Proxy] curtailment forecast: 71.52%
 ------------------------------------------------------- 
 ----- K-Medoid, reps=30, SocDelta, W_proxy=1  -----
 -----      ee5d084890416306d9d8      ----- 
 ------------------------------------------------------- 
[Model] Parameter json saved to SoC_proxy_TSA/data/parameters/ee5d084890416306d9d8.json
[TSA] Extracting features dataframe for ee5d084890416306d9d8
[SoC Proxy] Tuner: c*=0.741329 lost=0.000e+00 | margin=4.000% -> curtailment=0.711676
[SoC Proxy] curtailment forecast: 71.17%
[TSA]: Applying hierarchical clustering method, with medoidRepresentation representation.
weight of "solar" set to the minmal tolerable weighting
weight of "onshore_wind" set to the minmal tolerable weighting
weight of "offshore_wind" set to the minmal tolerable weighting
weight of "demand_power" set to the minmal tolerable weighting
[TSA] successfully applied. Results saved to SoC_proxy_TSA/data/cluster_maps/ee5d084890416306d9d8.csv.
[TSA] cluster completed in 4.24
[Calliope] Validating and Configuring Calliope model: ee5d084890416306d9d8
[Calliope] Building Calliope model: ee5d084890416306d9d8
[Calliope] Solving Calliope model: ee5d084890416306d9d8
[Calliope] Solution saved to: SoC_proxy_TSA/data/calliope_models/ee5d084890416306d9d8.nc
[SoC Proxy] Tuner: c*=0.754556 lost=0.000e+00 | margin=4.000% -> curtailment=0.724374
[SoC Proxy] curtailment forecast: 72.44%
 ------------------------------------------------------- 
  
[Dispatch] running scenario Sensitivity_W_reps14
   
 ------------------------------------------------------- 
 ------------------------------------------------------- 
 ----- K-Medoid, reps=14, W_proxy=0.0  -----
 -----      1eb5b2d81b3d9678bb5d      ----- 
 ------------------------------------------------------- 
[Model] Parameter json saved to SoC_proxy_TSA/data/parameters/1eb5b2d81b3d9678bb5d.json
[TSA] Extracting features dataframe for 1eb5b2d81b3d9678bb5d
[TSA]: Applying hierarchical clustering method, with medoidRepresentation representation.
[TSA] successfully applied. Results saved to SoC_proxy_TSA/data/cluster_maps/1eb5b2d81b3d9678bb5d.csv.
[TSA] cluster completed in 2.44
[Calliope] Validating and Configuring Calliope model: 1eb5b2d81b3d9678bb5d
[Calliope] Building Calliope model: 1eb5b2d81b3d9678bb5d
[Calliope] Solving Calliope model: 1eb5b2d81b3d9678bb5d
[Calliope] Solution saved to: SoC_proxy_TSA/data/calliope_models/1eb5b2d81b3d9678bb5d.nc
 ------------------------------------------------------- 
 ----- K-Medoid, reps=14, SocDelta, W_proxy=0.25  -----
 -----      47723a5f707245e900e7      ----- 
 ------------------------------------------------------- 
[Model] Parameter json saved to SoC_proxy_TSA/data/parameters/47723a5f707245e900e7.json
[TSA] Extracting features dataframe for 47723a5f707245e900e7
[SoC Proxy] Tuner: c*=0.740200 lost=0.000e+00 | margin=4.000% -> curtailment=0.710592
[SoC Proxy] ⚠ Warning: SoC Proxy severely non-cyclical (end-start = -1.000e+04)
[SoC Proxy] curtailment forecast: 71.06%
[TSA]: Applying hierarchical clustering method, with medoidRepresentation representation.
[TSA] successfully applied. Results saved to SoC_proxy_TSA/data/cluster_maps/47723a5f707245e900e7.csv.
[TSA] cluster completed in 3.77
[Calliope] Validating and Configuring Calliope model: 47723a5f707245e900e7
[Calliope] Building Calliope model: 47723a5f707245e900e7
[Calliope] Solving Calliope model: 47723a5f707245e900e7
[Calliope] Solution saved to: SoC_proxy_TSA/data/calliope_models/47723a5f707245e900e7.nc
[SoC Proxy] Tuner: c*=0.756733 lost=0.000e+00 | margin=4.000% -> curtailment=0.726464
[SoC Proxy] curtailment forecast: 72.65%
 ------------------------------------------------------- 
 ----- K-Medoid, reps=14, SocDelta, W_proxy=0.5  -----
 -----      1c73263703f6885cc8bc      ----- 
 ------------------------------------------------------- 
[Model] Parameter json saved to SoC_proxy_TSA/data/parameters/1c73263703f6885cc8bc.json
[TSA] Extracting features dataframe for 1c73263703f6885cc8bc
[SoC Proxy] Tuner: c*=0.740200 lost=0.000e+00 | margin=4.000% -> curtailment=0.710592
[SoC Proxy] ⚠ Warning: SoC Proxy severely non-cyclical (end-start = -1.000e+04)
[SoC Proxy] curtailment forecast: 71.06%
[TSA]: Applying hierarchical clustering method, with medoidRepresentation representation.
[TSA] successfully applied. Results saved to SoC_proxy_TSA/data/cluster_maps/1c73263703f6885cc8bc.csv.
[TSA] cluster completed in 3.85
[Calliope] Validating and Configuring Calliope model: 1c73263703f6885cc8bc
[Calliope] Building Calliope model: 1c73263703f6885cc8bc
[Calliope] Solving Calliope model: 1c73263703f6885cc8bc
[Calliope] Solution saved to: SoC_proxy_TSA/data/calliope_models/1c73263703f6885cc8bc.nc
[SoC Proxy] Tuner: c*=0.758376 lost=0.000e+00 | margin=4.000% -> curtailment=0.728041
[SoC Proxy] curtailment forecast: 72.80%
 ------------------------------------------------------- 
 ----- K-Medoid, reps=14, SocDelta, W_proxy=0.75  -----
 -----      aa8e61af09ea560508a9      ----- 
 ------------------------------------------------------- 
[Model] Parameter json saved to SoC_proxy_TSA/data/parameters/aa8e61af09ea560508a9.json
[TSA] Extracting features dataframe for aa8e61af09ea560508a9
[SoC Proxy] Tuner: c*=0.740200 lost=0.000e+00 | margin=4.000% -> curtailment=0.710592
[SoC Proxy] ⚠ Warning: SoC Proxy severely non-cyclical (end-start = -1.000e+04)
[SoC Proxy] curtailment forecast: 71.06%
[TSA]: Applying hierarchical clustering method, with medoidRepresentation representation.
[TSA] successfully applied. Results saved to SoC_proxy_TSA/data/cluster_maps/aa8e61af09ea560508a9.csv.
[TSA] cluster completed in 4.03
[Calliope] Validating and Configuring Calliope model: aa8e61af09ea560508a9
[Calliope] Building Calliope model: aa8e61af09ea560508a9
[Calliope] Solving Calliope model: aa8e61af09ea560508a9
[Calliope] Solution saved to: SoC_proxy_TSA/data/calliope_models/aa8e61af09ea560508a9.nc
[SoC Proxy] Tuner: c*=0.745969 lost=0.000e+00 | margin=4.000% -> curtailment=0.716130
[SoC Proxy] ⚠ Warning: SoC Proxy severely non-cyclical (end-start = -1.155e+04)
[SoC Proxy] curtailment forecast: 71.61%
 ------------------------------------------------------- 
 ----- K-Medoid, reps=14, SocDelta, W_proxy=1  -----
 -----      d40dfd11638b05425386      ----- 
 ------------------------------------------------------- 
[Model] Parameter json saved to SoC_proxy_TSA/data/parameters/d40dfd11638b05425386.json
[TSA] Extracting features dataframe for d40dfd11638b05425386
[SoC Proxy] Tuner: c*=0.740200 lost=0.000e+00 | margin=4.000% -> curtailment=0.710592
[SoC Proxy] ⚠ Warning: SoC Proxy severely non-cyclical (end-start = -1.000e+04)
[SoC Proxy] curtailment forecast: 71.06%
[TSA]: Applying hierarchical clustering method, with medoidRepresentation representation.
weight of "solar" set to the minmal tolerable weighting
weight of "onshore_wind" set to the minmal tolerable weighting
weight of "offshore_wind" set to the minmal tolerable weighting
weight of "demand_power" set to the minmal tolerable weighting
[TSA] successfully applied. Results saved to SoC_proxy_TSA/data/cluster_maps/d40dfd11638b05425386.csv.
[TSA] cluster completed in 3.60
[Calliope] Validating and Configuring Calliope model: d40dfd11638b05425386
[Calliope] Building Calliope model: d40dfd11638b05425386
[Calliope] Solving Calliope model: d40dfd11638b05425386
[Calliope] Solution saved to: SoC_proxy_TSA/data/calliope_models/d40dfd11638b05425386.nc
[SoC Proxy] Tuner: c*=0.754664 lost=0.000e+00 | margin=4.000% -> curtailment=0.724477
[SoC Proxy] ⚠ Warning: SoC Proxy severely non-cyclical (end-start = -1.022e+04)
[SoC Proxy] curtailment forecast: 72.45%
 ------------------------------------------------------- 
  
[Dispatch] running scenario Sensitivity_W_reps30
   
 ------------------------------------------------------- 
 ------------------------------------------------------- 
 ----- K-Medoid, reps=30, W_proxy=0.0  -----
 -----      c4c5888777bb02fbf18d      ----- 
 ------------------------------------------------------- 
[Model] Parameter json saved to SoC_proxy_TSA/data/parameters/c4c5888777bb02fbf18d.json
[TSA] Extracting features dataframe for c4c5888777bb02fbf18d
[TSA]: Applying hierarchical clustering method, with medoidRepresentation representation.
[TSA] successfully applied. Results saved to SoC_proxy_TSA/data/cluster_maps/c4c5888777bb02fbf18d.csv.
[TSA] cluster completed in 2.14
[Calliope] Validating and Configuring Calliope model: c4c5888777bb02fbf18d
[Calliope] Building Calliope model: c4c5888777bb02fbf18d
[Calliope] Solving Calliope model: c4c5888777bb02fbf18d
[Calliope] Solution saved to: SoC_proxy_TSA/data/calliope_models/c4c5888777bb02fbf18d.nc
 ------------------------------------------------------- 
 ----- K-Medoid, reps=30, SocDelta, W_proxy=0.25  -----
 -----      faee6ce5b219a6b8c8fc      ----- 
 ------------------------------------------------------- 
[Model] Parameter json saved to SoC_proxy_TSA/data/parameters/faee6ce5b219a6b8c8fc.json
[TSA] Extracting features dataframe for faee6ce5b219a6b8c8fc
[SoC Proxy] Tuner: c*=0.740200 lost=0.000e+00 | margin=4.000% -> curtailment=0.710592
[SoC Proxy] ⚠ Warning: SoC Proxy severely non-cyclical (end-start = -1.000e+04)
[SoC Proxy] curtailment forecast: 71.06%
[TSA]: Applying hierarchical clustering method, with medoidRepresentation representation.
[TSA] successfully applied. Results saved to SoC_proxy_TSA/data/cluster_maps/faee6ce5b219a6b8c8fc.csv.
[TSA] cluster completed in 3.65
[Calliope] Validating and Configuring Calliope model: faee6ce5b219a6b8c8fc
[Calliope] Building Calliope model: faee6ce5b219a6b8c8fc
[Calliope] Solving Calliope model: faee6ce5b219a6b8c8fc
[Calliope] Solution saved to: SoC_proxy_TSA/data/calliope_models/faee6ce5b219a6b8c8fc.nc
[SoC Proxy] Tuner: c*=0.748172 lost=0.000e+00 | margin=4.000% -> curtailment=0.718245
[SoC Proxy] curtailment forecast: 71.82%
 ------------------------------------------------------- 
 ----- K-Medoid, reps=30, SocDelta, W_proxy=0.5  -----
 -----      df4eb43b9a3f65aafb12      ----- 
 ------------------------------------------------------- 
[Model] Parameter json saved to SoC_proxy_TSA/data/parameters/df4eb43b9a3f65aafb12.json
[TSA] Extracting features dataframe for df4eb43b9a3f65aafb12
[SoC Proxy] Tuner: c*=0.740200 lost=0.000e+00 | margin=4.000% -> curtailment=0.710592
[SoC Proxy] ⚠ Warning: SoC Proxy severely non-cyclical (end-start = -1.000e+04)
[SoC Proxy] curtailment forecast: 71.06%
[TSA]: Applying hierarchical clustering method, with medoidRepresentation representation.
[TSA] successfully applied. Results saved to SoC_proxy_TSA/data/cluster_maps/df4eb43b9a3f65aafb12.csv.
[TSA] cluster completed in 3.72
[Calliope] Validating and Configuring Calliope model: df4eb43b9a3f65aafb12
[Calliope] Building Calliope model: df4eb43b9a3f65aafb12
[Calliope] Solving Calliope model: df4eb43b9a3f65aafb12
[Calliope] Solution saved to: SoC_proxy_TSA/data/calliope_models/df4eb43b9a3f65aafb12.nc
[SoC Proxy] Tuner: c*=0.746695 lost=0.000e+00 | margin=4.000% -> curtailment=0.716828
[SoC Proxy] curtailment forecast: 71.68%
 ------------------------------------------------------- 
 ----- K-Medoid, reps=30, SocDelta, W_proxy=0.75  -----
 -----      6ae818467a324f0b81bc      ----- 
 ------------------------------------------------------- 
[Model] Parameter json saved to SoC_proxy_TSA/data/parameters/6ae818467a324f0b81bc.json
[TSA] Extracting features dataframe for 6ae818467a324f0b81bc
[SoC Proxy] Tuner: c*=0.740200 lost=0.000e+00 | margin=4.000% -> curtailment=0.710592
[SoC Proxy] ⚠ Warning: SoC Proxy severely non-cyclical (end-start = -1.000e+04)
[SoC Proxy] curtailment forecast: 71.06%
[TSA]: Applying hierarchical clustering method, with medoidRepresentation representation.
[TSA] successfully applied. Results saved to SoC_proxy_TSA/data/cluster_maps/6ae818467a324f0b81bc.csv.
[TSA] cluster completed in 3.79
[Calliope] Validating and Configuring Calliope model: 6ae818467a324f0b81bc
[Calliope] Building Calliope model: 6ae818467a324f0b81bc
[Calliope] Solving Calliope model: 6ae818467a324f0b81bc
[Calliope] Solution saved to: SoC_proxy_TSA/data/calliope_models/6ae818467a324f0b81bc.nc
[SoC Proxy] Tuner: c*=0.747285 lost=0.000e+00 | margin=4.000% -> curtailment=0.717393
[SoC Proxy] ⚠ Warning: SoC Proxy severely non-cyclical (end-start = -1.103e+04)
[SoC Proxy] curtailment forecast: 71.74%
 ------------------------------------------------------- 
 ----- K-Medoid, reps=30, SocDelta, W_proxy=1  -----
 -----      9276bcc1996eb837360d      ----- 
 ------------------------------------------------------- 
[Model] Parameter json saved to SoC_proxy_TSA/data/parameters/9276bcc1996eb837360d.json
[TSA] Extracting features dataframe for 9276bcc1996eb837360d
[SoC Proxy] Tuner: c*=0.740200 lost=0.000e+00 | margin=4.000% -> curtailment=0.710592
[SoC Proxy] ⚠ Warning: SoC Proxy severely non-cyclical (end-start = -1.000e+04)
[SoC Proxy] curtailment forecast: 71.06%
[TSA]: Applying hierarchical clustering method, with medoidRepresentation representation.
weight of "solar" set to the minmal tolerable weighting
weight of "onshore_wind" set to the minmal tolerable weighting
weight of "offshore_wind" set to the minmal tolerable weighting
weight of "demand_power" set to the minmal tolerable weighting
[TSA] successfully applied. Results saved to SoC_proxy_TSA/data/cluster_maps/9276bcc1996eb837360d.csv.
[TSA] cluster completed in 3.82
[Calliope] Validating and Configuring Calliope model: 9276bcc1996eb837360d
[Calliope] Building Calliope model: 9276bcc1996eb837360d
[Calliope] Solving Calliope model: 9276bcc1996eb837360d
[Calliope] Solution saved to: SoC_proxy_TSA/data/calliope_models/9276bcc1996eb837360d.nc
[SoC Proxy] Tuner: c*=0.730850 lost=0.000e+00 | margin=4.000% -> curtailment=0.701616
[SoC Proxy] curtailment forecast: 70.16%
 ------------------------------------------------------- 
  
[Dispatch] running scenario Sensitivity_W_reps14
   
 ------------------------------------------------------- 
 ------------------------------------------------------- 
 ----- K-Medoid, reps=14, W_proxy=0.0  -----
 -----      d805feb127e8b110555c      ----- 
 ------------------------------------------------------- 
[Model] Parameter json saved to SoC_proxy_TSA/data/parameters/d805feb127e8b110555c.json
[TSA] Extracting features dataframe for d805feb127e8b110555c
[TSA]: Applying hierarchical clustering method, with medoidRepresentation representation.
[TSA] successfully applied. Results saved to SoC_proxy_TSA/data/cluster_maps/d805feb127e8b110555c.csv.
[TSA] cluster completed in 2.44
[Calliope] Validating and Configuring Calliope model: d805feb127e8b110555c
[Calliope] Building Calliope model: d805feb127e8b110555c
[Calliope] Solving Calliope model: d805feb127e8b110555c
[Calliope] Solution saved to: SoC_proxy_TSA/data/calliope_models/d805feb127e8b110555c.nc
 ------------------------------------------------------- 
 ----- K-Medoid, reps=14, SocDelta, W_proxy=0.25  -----
 -----      741126afb64c267f3d0b      ----- 
 ------------------------------------------------------- 
[Model] Parameter json saved to SoC_proxy_TSA/data/parameters/741126afb64c267f3d0b.json
[TSA] Extracting features dataframe for 741126afb64c267f3d0b
[SoC Proxy] Tuner: c*=0.787528 lost=0.000e+00 | margin=4.000% -> curtailment=0.756027
[SoC Proxy] curtailment forecast: 75.60%
[TSA]: Applying hierarchical clustering method, with medoidRepresentation representation.
[TSA] successfully applied. Results saved to SoC_proxy_TSA/data/cluster_maps/741126afb64c267f3d0b.csv.
[TSA] cluster completed in 4.04
[Calliope] Validating and Configuring Calliope model: 741126afb64c267f3d0b
[Calliope] Building Calliope model: 741126afb64c267f3d0b
[Calliope] Solving Calliope model: 741126afb64c267f3d0b
[Calliope] Solution saved to: SoC_proxy_TSA/data/calliope_models/741126afb64c267f3d0b.nc
[SoC Proxy] Tuner: c*=0.805095 lost=0.000e+00 | margin=4.000% -> curtailment=0.772891
[SoC Proxy] curtailment forecast: 77.29%
 ------------------------------------------------------- 
 ----- K-Medoid, reps=14, SocDelta, W_proxy=0.5  -----
 -----      e9a9a9a61f458fa9cca5      ----- 
 ------------------------------------------------------- 
[Model] Parameter json saved to SoC_proxy_TSA/data/parameters/e9a9a9a61f458fa9cca5.json
[TSA] Extracting features dataframe for e9a9a9a61f458fa9cca5
[SoC Proxy] Tuner: c*=0.787528 lost=0.000e+00 | margin=4.000% -> curtailment=0.756027
[SoC Proxy] curtailment forecast: 75.60%
[TSA]: Applying hierarchical clustering method, with medoidRepresentation representation.
[TSA] successfully applied. Results saved to SoC_proxy_TSA/data/cluster_maps/e9a9a9a61f458fa9cca5.csv.
[TSA] cluster completed in 3.76
[Calliope] Validating and Configuring Calliope model: e9a9a9a61f458fa9cca5
[Calliope] Building Calliope model: e9a9a9a61f458fa9cca5
[Calliope] Solving Calliope model: e9a9a9a61f458fa9cca5
[Calliope] Solution saved to: SoC_proxy_TSA/data/calliope_models/e9a9a9a61f458fa9cca5.nc
[SoC Proxy] Tuner: c*=0.803291 lost=0.000e+00 | margin=4.000% -> curtailment=0.771160
[SoC Proxy] curtailment forecast: 77.12%
 ------------------------------------------------------- 
 ----- K-Medoid, reps=14, SocDelta, W_proxy=0.75  -----
 -----      908acd700ee74a47a180      ----- 
 ------------------------------------------------------- 
[Model] Parameter json saved to SoC_proxy_TSA/data/parameters/908acd700ee74a47a180.json
[TSA] Extracting features dataframe for 908acd700ee74a47a180
[SoC Proxy] Tuner: c*=0.787528 lost=0.000e+00 | margin=4.000% -> curtailment=0.756027
[SoC Proxy] curtailment forecast: 75.60%
[TSA]: Applying hierarchical clustering method, with medoidRepresentation representation.
[TSA] successfully applied. Results saved to SoC_proxy_TSA/data/cluster_maps/908acd700ee74a47a180.csv.
[TSA] cluster completed in 3.77
[Calliope] Validating and Configuring Calliope model: 908acd700ee74a47a180
[Calliope] Building Calliope model: 908acd700ee74a47a180
[Calliope] Solving Calliope model: 908acd700ee74a47a180
[Calliope] Solution saved to: SoC_proxy_TSA/data/calliope_models/908acd700ee74a47a180.nc
[SoC Proxy] Tuner: c*=0.795925 lost=0.000e+00 | margin=4.000% -> curtailment=0.764088
[SoC Proxy] curtailment forecast: 76.41%
 ------------------------------------------------------- 
 ----- K-Medoid, reps=14, SocDelta, W_proxy=1  -----
 -----      f6ed2fce2443deab5f47      ----- 
 ------------------------------------------------------- 
[Model] Parameter json saved to SoC_proxy_TSA/data/parameters/f6ed2fce2443deab5f47.json
[TSA] Extracting features dataframe for f6ed2fce2443deab5f47
[SoC Proxy] Tuner: c*=0.787528 lost=0.000e+00 | margin=4.000% -> curtailment=0.756027
[SoC Proxy] curtailment forecast: 75.60%
[TSA]: Applying hierarchical clustering method, with medoidRepresentation representation.
weight of "solar" set to the minmal tolerable weighting
weight of "onshore_wind" set to the minmal tolerable weighting
weight of "offshore_wind" set to the minmal tolerable weighting
weight of "demand_power" set to the minmal tolerable weighting
[TSA] successfully applied. Results saved to SoC_proxy_TSA/data/cluster_maps/f6ed2fce2443deab5f47.csv.
[TSA] cluster completed in 3.99
[Calliope] Validating and Configuring Calliope model: f6ed2fce2443deab5f47
[Calliope] Building Calliope model: f6ed2fce2443deab5f47
[Calliope] Solving Calliope model: f6ed2fce2443deab5f47
[Calliope] Solution saved to: SoC_proxy_TSA/data/calliope_models/f6ed2fce2443deab5f47.nc
[SoC Proxy] Tuner: c*=0.798567 lost=0.000e+00 | margin=4.000% -> curtailment=0.766625
[SoC Proxy] curtailment forecast: 76.66%
 ------------------------------------------------------- 
  
[Dispatch] running scenario Sensitivity_W_reps30
   
 ------------------------------------------------------- 
 ------------------------------------------------------- 
 ----- K-Medoid, reps=30, W_proxy=0.0  -----
 -----      bab6c127b170f4a8d870      ----- 
 ------------------------------------------------------- 
[Model] Parameter json saved to SoC_proxy_TSA/data/parameters/bab6c127b170f4a8d870.json
[TSA] Extracting features dataframe for bab6c127b170f4a8d870
[TSA]: Applying hierarchical clustering method, with medoidRepresentation representation.
[TSA] successfully applied. Results saved to SoC_proxy_TSA/data/cluster_maps/bab6c127b170f4a8d870.csv.
[TSA] cluster completed in 2.52
[Calliope] Validating and Configuring Calliope model: bab6c127b170f4a8d870
[Calliope] Building Calliope model: bab6c127b170f4a8d870
[Calliope] Solving Calliope model: bab6c127b170f4a8d870
[Calliope] Solution saved to: SoC_proxy_TSA/data/calliope_models/bab6c127b170f4a8d870.nc
 ------------------------------------------------------- 
 ----- K-Medoid, reps=30, SocDelta, W_proxy=0.25  -----
 -----      73d7a1d25f4b74b51915      ----- 
 ------------------------------------------------------- 
[Model] Parameter json saved to SoC_proxy_TSA/data/parameters/73d7a1d25f4b74b51915.json
[TSA] Extracting features dataframe for 73d7a1d25f4b74b51915
[SoC Proxy] Tuner: c*=0.787528 lost=0.000e+00 | margin=4.000% -> curtailment=0.756027
[SoC Proxy] curtailment forecast: 75.60%
[TSA]: Applying hierarchical clustering method, with medoidRepresentation representation.
[TSA] successfully applied. Results saved to SoC_proxy_TSA/data/cluster_maps/73d7a1d25f4b74b51915.csv.
[TSA] cluster completed in 3.88
[Calliope] Validating and Configuring Calliope model: 73d7a1d25f4b74b51915
[Calliope] Building Calliope model: 73d7a1d25f4b74b51915
[Calliope] Solving Calliope model: 73d7a1d25f4b74b51915
[Calliope] Solution saved to: SoC_proxy_TSA/data/calliope_models/73d7a1d25f4b74b51915.nc
[SoC Proxy] Tuner: c*=0.804467 lost=0.000e+00 | margin=4.000% -> curtailment=0.772288
[SoC Proxy] curtailment forecast: 77.23%
 ------------------------------------------------------- 
 ----- K-Medoid, reps=30, SocDelta, W_proxy=0.5  -----
 -----      5425235b30f01d81d838      ----- 
 ------------------------------------------------------- 
[Model] Parameter json saved to SoC_proxy_TSA/data/parameters/5425235b30f01d81d838.json
[TSA] Extracting features dataframe for 5425235b30f01d81d838
[SoC Proxy] Tuner: c*=0.787528 lost=0.000e+00 | margin=4.000% -> curtailment=0.756027
[SoC Proxy] curtailment forecast: 75.60%
[TSA]: Applying hierarchical clustering method, with medoidRepresentation representation.
[TSA] successfully applied. Results saved to SoC_proxy_TSA/data/cluster_maps/5425235b30f01d81d838.csv.
[TSA] cluster completed in 3.93
[Calliope] Validating and Configuring Calliope model: 5425235b30f01d81d838
[Calliope] Building Calliope model: 5425235b30f01d81d838
[Calliope] Solving Calliope model: 5425235b30f01d81d838
[Calliope] Solution saved to: SoC_proxy_TSA/data/calliope_models/5425235b30f01d81d838.nc
[SoC Proxy] Tuner: c*=0.803156 lost=0.000e+00 | margin=4.000% -> curtailment=0.771030
[SoC Proxy] curtailment forecast: 77.10%
 ------------------------------------------------------- 
 ----- K-Medoid, reps=30, SocDelta, W_proxy=0.75  -----
 -----      37d1c56f534acb62204a      ----- 
 ------------------------------------------------------- 
[Model] Parameter json saved to SoC_proxy_TSA/data/parameters/37d1c56f534acb62204a.json
[TSA] Extracting features dataframe for 37d1c56f534acb62204a
[SoC Proxy] Tuner: c*=0.787528 lost=0.000e+00 | margin=4.000% -> curtailment=0.756027
[SoC Proxy] curtailment forecast: 75.60%
[TSA]: Applying hierarchical clustering method, with medoidRepresentation representation.
[TSA] successfully applied. Results saved to SoC_proxy_TSA/data/cluster_maps/37d1c56f534acb62204a.csv.
[TSA] cluster completed in 3.83
[Calliope] Validating and Configuring Calliope model: 37d1c56f534acb62204a
[Calliope] Building Calliope model: 37d1c56f534acb62204a
[Calliope] Solving Calliope model: 37d1c56f534acb62204a
[Calliope] Solution saved to: SoC_proxy_TSA/data/calliope_models/37d1c56f534acb62204a.nc
[SoC Proxy] Tuner: c*=0.793161 lost=0.000e+00 | margin=4.000% -> curtailment=0.761435
[SoC Proxy] curtailment forecast: 76.14%
 ------------------------------------------------------- 
 ----- K-Medoid, reps=30, SocDelta, W_proxy=1  -----
 -----      853ab856c9431f05de72      ----- 
 ------------------------------------------------------- 
[Model] Parameter json saved to SoC_proxy_TSA/data/parameters/853ab856c9431f05de72.json
[TSA] Extracting features dataframe for 853ab856c9431f05de72
[SoC Proxy] Tuner: c*=0.787528 lost=0.000e+00 | margin=4.000% -> curtailment=0.756027
[SoC Proxy] curtailment forecast: 75.60%
[TSA]: Applying hierarchical clustering method, with medoidRepresentation representation.
weight of "solar" set to the minmal tolerable weighting
weight of "onshore_wind" set to the minmal tolerable weighting
weight of "offshore_wind" set to the minmal tolerable weighting
weight of "demand_power" set to the minmal tolerable weighting
[TSA] successfully applied. Results saved to SoC_proxy_TSA/data/cluster_maps/853ab856c9431f05de72.csv.
[TSA] cluster completed in 3.98
[Calliope] Validating and Configuring Calliope model: 853ab856c9431f05de72
[Calliope] Building Calliope model: 853ab856c9431f05de72
[Calliope] Solving Calliope model: 853ab856c9431f05de72
[Calliope] Solution saved to: SoC_proxy_TSA/data/calliope_models/853ab856c9431f05de72.nc
[SoC Proxy] Tuner: c*=0.791917 lost=0.000e+00 | margin=4.000% -> curtailment=0.760240
[SoC Proxy] curtailment forecast: 76.02%
 ------------------------------------------------------- 
  
[Dispatch] running scenario Sensitivity_W_reps14
   
 ------------------------------------------------------- 
 ------------------------------------------------------- 
 ----- K-Medoid, reps=14, W_proxy=0.0  -----
 -----      9fccb2d1f4251982fa4d      ----- 
 ------------------------------------------------------- 
[Model] Parameter json saved to SoC_proxy_TSA/data/parameters/9fccb2d1f4251982fa4d.json
[TSA] Extracting features dataframe for 9fccb2d1f4251982fa4d
[TSA]: Applying hierarchical clustering method, with medoidRepresentation representation.
[TSA] successfully applied. Results saved to SoC_proxy_TSA/data/cluster_maps/9fccb2d1f4251982fa4d.csv.
[TSA] cluster completed in 2.52
[Calliope] Validating and Configuring Calliope model: 9fccb2d1f4251982fa4d
[Calliope] Building Calliope model: 9fccb2d1f4251982fa4d
[Calliope] Solving Calliope model: 9fccb2d1f4251982fa4d
[Calliope] Solution saved to: SoC_proxy_TSA/data/calliope_models/9fccb2d1f4251982fa4d.nc
 ------------------------------------------------------- 
 ----- K-Medoid, reps=14, SocDelta, W_proxy=0.25  -----
 -----      5b2fb7bce8883e803dcd      ----- 
 ------------------------------------------------------- 
[Model] Parameter json saved to SoC_proxy_TSA/data/parameters/5b2fb7bce8883e803dcd.json
[TSA] Extracting features dataframe for 5b2fb7bce8883e803dcd
[SoC Proxy] Tuner: c*=0.783823 lost=0.000e+00 | margin=4.000% -> curtailment=0.752470
[SoC Proxy] curtailment forecast: 75.25%
[TSA]: Applying hierarchical clustering method, with medoidRepresentation representation.
[TSA] successfully applied. Results saved to SoC_proxy_TSA/data/cluster_maps/5b2fb7bce8883e803dcd.csv.
[TSA] cluster completed in 3.95
[Calliope] Validating and Configuring Calliope model: 5b2fb7bce8883e803dcd
[Calliope] Building Calliope model: 5b2fb7bce8883e803dcd
[Calliope] Solving Calliope model: 5b2fb7bce8883e803dcd
[Calliope] Solution saved to: SoC_proxy_TSA/data/calliope_models/5b2fb7bce8883e803dcd.nc
[SoC Proxy] Tuner: c*=0.803114 lost=0.000e+00 | margin=4.000% -> curtailment=0.770990
[SoC Proxy] curtailment forecast: 77.10%
 ------------------------------------------------------- 
 ----- K-Medoid, reps=14, SocDelta, W_proxy=0.5  -----
 -----      fe4c97d3186e1a4bc050      ----- 
 ------------------------------------------------------- 
[Model] Parameter json saved to SoC_proxy_TSA/data/parameters/fe4c97d3186e1a4bc050.json
[TSA] Extracting features dataframe for fe4c97d3186e1a4bc050
[SoC Proxy] Tuner: c*=0.783823 lost=0.000e+00 | margin=4.000% -> curtailment=0.752470
[SoC Proxy] curtailment forecast: 75.25%
[TSA]: Applying hierarchical clustering method, with medoidRepresentation representation.
[TSA] successfully applied. Results saved to SoC_proxy_TSA/data/cluster_maps/fe4c97d3186e1a4bc050.csv.
[TSA] cluster completed in 3.97
[Calliope] Validating and Configuring Calliope model: fe4c97d3186e1a4bc050
[Calliope] Building Calliope model: fe4c97d3186e1a4bc050
[Calliope] Solving Calliope model: fe4c97d3186e1a4bc050
[Calliope] Solution saved to: SoC_proxy_TSA/data/calliope_models/fe4c97d3186e1a4bc050.nc
[SoC Proxy] Tuner: c*=0.797307 lost=0.000e+00 | margin=4.000% -> curtailment=0.765415
[SoC Proxy] curtailment forecast: 76.54%
 ------------------------------------------------------- 
 ----- K-Medoid, reps=14, SocDelta, W_proxy=0.75  -----
 -----      9384f125383e9202b342      ----- 
 ------------------------------------------------------- 
[Model] Parameter json saved to SoC_proxy_TSA/data/parameters/9384f125383e9202b342.json
[TSA] Extracting features dataframe for 9384f125383e9202b342
[SoC Proxy] Tuner: c*=0.783823 lost=0.000e+00 | margin=4.000% -> curtailment=0.752470
[SoC Proxy] curtailment forecast: 75.25%
[TSA]: Applying hierarchical clustering method, with medoidRepresentation representation.
[TSA] successfully applied. Results saved to SoC_proxy_TSA/data/cluster_maps/9384f125383e9202b342.csv.
[TSA] cluster completed in 3.86
[Calliope] Validating and Configuring Calliope model: 9384f125383e9202b342
[Calliope] Building Calliope model: 9384f125383e9202b342
[Calliope] Solving Calliope model: 9384f125383e9202b342
[Calliope] Solution saved to: SoC_proxy_TSA/data/calliope_models/9384f125383e9202b342.nc
[SoC Proxy] Tuner: c*=0.790194 lost=0.000e+00 | margin=4.000% -> curtailment=0.758586
[SoC Proxy] curtailment forecast: 75.86%
 ------------------------------------------------------- 
 ----- K-Medoid, reps=14, SocDelta, W_proxy=1  -----
 -----      07c58affead6d6c2a49c      ----- 
 ------------------------------------------------------- 
[Model] Parameter json saved to SoC_proxy_TSA/data/parameters/07c58affead6d6c2a49c.json
[TSA] Extracting features dataframe for 07c58affead6d6c2a49c
[SoC Proxy] Tuner: c*=0.783823 lost=0.000e+00 | margin=4.000% -> curtailment=0.752470
[SoC Proxy] curtailment forecast: 75.25%
[TSA]: Applying hierarchical clustering method, with medoidRepresentation representation.
weight of "solar" set to the minmal tolerable weighting
weight of "onshore_wind" set to the minmal tolerable weighting
weight of "offshore_wind" set to the minmal tolerable weighting
weight of "demand_power" set to the minmal tolerable weighting
[TSA] successfully applied. Results saved to SoC_proxy_TSA/data/cluster_maps/07c58affead6d6c2a49c.csv.
[TSA] cluster completed in 4.07
[Calliope] Validating and Configuring Calliope model: 07c58affead6d6c2a49c
[Calliope] Building Calliope model: 07c58affead6d6c2a49c
[Calliope] Solving Calliope model: 07c58affead6d6c2a49c
[Calliope] Solution saved to: SoC_proxy_TSA/data/calliope_models/07c58affead6d6c2a49c.nc
[SoC Proxy] Tuner: c*=0.784407 lost=0.000e+00 | margin=4.000% -> curtailment=0.753031
[SoC Proxy] curtailment forecast: 75.30%
 ------------------------------------------------------- 
  
[Dispatch] running scenario Sensitivity_W_reps30
   
 ------------------------------------------------------- 
 ------------------------------------------------------- 
 ----- K-Medoid, reps=30, W_proxy=0.0  -----
 -----      d05b5ce0a1c005fa8f96      ----- 
 ------------------------------------------------------- 
[Model] Parameter json saved to SoC_proxy_TSA/data/parameters/d05b5ce0a1c005fa8f96.json
[TSA] Extracting features dataframe for d05b5ce0a1c005fa8f96
[TSA]: Applying hierarchical clustering method, with medoidRepresentation representation.
[TSA] successfully applied. Results saved to SoC_proxy_TSA/data/cluster_maps/d05b5ce0a1c005fa8f96.csv.
[TSA] cluster completed in 2.32
[Calliope] Validating and Configuring Calliope model: d05b5ce0a1c005fa8f96
[Calliope] Building Calliope model: d05b5ce0a1c005fa8f96
[Calliope] Solving Calliope model: d05b5ce0a1c005fa8f96
[Calliope] Solution saved to: SoC_proxy_TSA/data/calliope_models/d05b5ce0a1c005fa8f96.nc
 ------------------------------------------------------- 
 ----- K-Medoid, reps=30, SocDelta, W_proxy=0.25  -----
 -----      c18a066c2a1f01cf0f32      ----- 
 ------------------------------------------------------- 
[Model] Parameter json saved to SoC_proxy_TSA/data/parameters/c18a066c2a1f01cf0f32.json
[TSA] Extracting features dataframe for c18a066c2a1f01cf0f32
[SoC Proxy] Tuner: c*=0.783823 lost=0.000e+00 | margin=4.000% -> curtailment=0.752470
[SoC Proxy] curtailment forecast: 75.25%
[TSA]: Applying hierarchical clustering method, with medoidRepresentation representation.
[TSA] successfully applied. Results saved to SoC_proxy_TSA/data/cluster_maps/c18a066c2a1f01cf0f32.csv.
[TSA] cluster completed in 3.98
[Calliope] Validating and Configuring Calliope model: c18a066c2a1f01cf0f32
[Calliope] Building Calliope model: c18a066c2a1f01cf0f32
[Calliope] Solving Calliope model: c18a066c2a1f01cf0f32
[Calliope] Solution saved to: SoC_proxy_TSA/data/calliope_models/c18a066c2a1f01cf0f32.nc
[SoC Proxy] Tuner: c*=0.798488 lost=0.000e+00 | margin=4.000% -> curtailment=0.766548
[SoC Proxy] curtailment forecast: 76.65%
 ------------------------------------------------------- 
 ----- K-Medoid, reps=30, SocDelta, W_proxy=0.5  -----
 -----      0dfa26fb4c906fb24675      ----- 
 ------------------------------------------------------- 
[Model] Parameter json saved to SoC_proxy_TSA/data/parameters/0dfa26fb4c906fb24675.json
[TSA] Extracting features dataframe for 0dfa26fb4c906fb24675
[SoC Proxy] Tuner: c*=0.783823 lost=0.000e+00 | margin=4.000% -> curtailment=0.752470
[SoC Proxy] curtailment forecast: 75.25%
[TSA]: Applying hierarchical clustering method, with medoidRepresentation representation.
[TSA] successfully applied. Results saved to SoC_proxy_TSA/data/cluster_maps/0dfa26fb4c906fb24675.csv.
[TSA] cluster completed in 4.46
[Calliope] Validating and Configuring Calliope model: 0dfa26fb4c906fb24675
[Calliope] Building Calliope model: 0dfa26fb4c906fb24675
[Calliope] Solving Calliope model: 0dfa26fb4c906fb24675
[Calliope] Solution saved to: SoC_proxy_TSA/data/calliope_models/0dfa26fb4c906fb24675.nc
[SoC Proxy] Tuner: c*=0.796642 lost=0.000e+00 | margin=4.000% -> curtailment=0.764776
[SoC Proxy] curtailment forecast: 76.48%
 ------------------------------------------------------- 
 ----- K-Medoid, reps=30, SocDelta, W_proxy=0.75  -----
 -----      3c2e23b6ed933b2ff1b2      ----- 
 ------------------------------------------------------- 
[Model] Parameter json saved to SoC_proxy_TSA/data/parameters/3c2e23b6ed933b2ff1b2.json
[TSA] Extracting features dataframe for 3c2e23b6ed933b2ff1b2
[SoC Proxy] Tuner: c*=0.783823 lost=0.000e+00 | margin=4.000% -> curtailment=0.752470
[SoC Proxy] curtailment forecast: 75.25%
[TSA]: Applying hierarchical clustering method, with medoidRepresentation representation.
[TSA] successfully applied. Results saved to SoC_proxy_TSA/data/cluster_maps/3c2e23b6ed933b2ff1b2.csv.
[TSA] cluster completed in 3.87
[Calliope] Validating and Configuring Calliope model: 3c2e23b6ed933b2ff1b2
[Calliope] Building Calliope model: 3c2e23b6ed933b2ff1b2
[Calliope] Solving Calliope model: 3c2e23b6ed933b2ff1b2
[Calliope] Solution saved to: SoC_proxy_TSA/data/calliope_models/3c2e23b6ed933b2ff1b2.nc
[SoC Proxy] Tuner: c*=0.787704 lost=0.000e+00 | margin=4.000% -> curtailment=0.756196
[SoC Proxy] curtailment forecast: 75.62%
 ------------------------------------------------------- 
 ----- K-Medoid, reps=30, SocDelta, W_proxy=1  -----
 -----      0ef5184bfefa0459f7c6      ----- 
 ------------------------------------------------------- 
[Model] Parameter json saved to SoC_proxy_TSA/data/parameters/0ef5184bfefa0459f7c6.json
[TSA] Extracting features dataframe for 0ef5184bfefa0459f7c6
[SoC Proxy] Tuner: c*=0.783823 lost=0.000e+00 | margin=4.000% -> curtailment=0.752470
[SoC Proxy] curtailment forecast: 75.25%
[TSA]: Applying hierarchical clustering method, with medoidRepresentation representation.
weight of "solar" set to the minmal tolerable weighting
weight of "onshore_wind" set to the minmal tolerable weighting
weight of "offshore_wind" set to the minmal tolerable weighting
weight of "demand_power" set to the minmal tolerable weighting
[TSA] successfully applied. Results saved to SoC_proxy_TSA/data/cluster_maps/0ef5184bfefa0459f7c6.csv.
[TSA] cluster completed in 3.98
[Calliope] Validating and Configuring Calliope model: 0ef5184bfefa0459f7c6
[Calliope] Building Calliope model: 0ef5184bfefa0459f7c6
[Calliope] Solving Calliope model: 0ef5184bfefa0459f7c6
[Calliope] Solution saved to: SoC_proxy_TSA/data/calliope_models/0ef5184bfefa0459f7c6.nc
[SoC Proxy] Tuner: c*=0.775961 lost=0.000e+00 | margin=4.000% -> curtailment=0.744922
[SoC Proxy] curtailment forecast: 74.49%
 ------------------------------------------------------- 
  
[Dispatch] running scenario Sensitivity_W_reps14
   
 ------------------------------------------------------- 
 ------------------------------------------------------- 
 ----- K-Medoid, reps=14, W_proxy=0.0  -----
 -----      c8cd1aab266275fc9742      ----- 
 ------------------------------------------------------- 
[Model] Parameter json saved to SoC_proxy_TSA/data/parameters/c8cd1aab266275fc9742.json
[TSA] Extracting features dataframe for c8cd1aab266275fc9742
[TSA]: Applying hierarchical clustering method, with medoidRepresentation representation.
[TSA] successfully applied. Results saved to SoC_proxy_TSA/data/cluster_maps/c8cd1aab266275fc9742.csv.
[TSA] cluster completed in 2.26
[Calliope] Validating and Configuring Calliope model: c8cd1aab266275fc9742
[Calliope] Building Calliope model: c8cd1aab266275fc9742
[Calliope] Solving Calliope model: c8cd1aab266275fc9742
[Calliope] Solution saved to: SoC_proxy_TSA/data/calliope_models/c8cd1aab266275fc9742.nc
 ------------------------------------------------------- 
 ----- K-Medoid, reps=14, SocDelta, W_proxy=0.25  -----
 -----      0acce3ca610c58d0a145      ----- 
 ------------------------------------------------------- 
[Model] Parameter json saved to SoC_proxy_TSA/data/parameters/0acce3ca610c58d0a145.json
[TSA] Extracting features dataframe for 0acce3ca610c58d0a145
[SoC Proxy] Tuner: c*=0.780800 lost=0.000e+00 | margin=4.000% -> curtailment=0.749568
[SoC Proxy] curtailment forecast: 74.96%
[TSA]: Applying hierarchical clustering method, with medoidRepresentation representation.
[TSA] successfully applied. Results saved to SoC_proxy_TSA/data/cluster_maps/0acce3ca610c58d0a145.csv.
[TSA] cluster completed in 3.92
[Calliope] Validating and Configuring Calliope model: 0acce3ca610c58d0a145
[Calliope] Building Calliope model: 0acce3ca610c58d0a145
[Calliope] Solving Calliope model: 0acce3ca610c58d0a145
[Calliope] Solution saved to: SoC_proxy_TSA/data/calliope_models/0acce3ca610c58d0a145.nc
[SoC Proxy] Tuner: c*=0.799619 lost=0.000e+00 | margin=4.000% -> curtailment=0.767634
[SoC Proxy] curtailment forecast: 76.76%
 ------------------------------------------------------- 
 ----- K-Medoid, reps=14, SocDelta, W_proxy=0.5  -----
 -----      43d822337a2d2d1a8ac0      ----- 
 ------------------------------------------------------- 
[Model] Parameter json saved to SoC_proxy_TSA/data/parameters/43d822337a2d2d1a8ac0.json
[TSA] Extracting features dataframe for 43d822337a2d2d1a8ac0
[SoC Proxy] Tuner: c*=0.780800 lost=0.000e+00 | margin=4.000% -> curtailment=0.749568
[SoC Proxy] curtailment forecast: 74.96%
[TSA]: Applying hierarchical clustering method, with medoidRepresentation representation.
[TSA] successfully applied. Results saved to SoC_proxy_TSA/data/cluster_maps/43d822337a2d2d1a8ac0.csv.
[TSA] cluster completed in 4.10
[Calliope] Validating and Configuring Calliope model: 43d822337a2d2d1a8ac0
[Calliope] Building Calliope model: 43d822337a2d2d1a8ac0
[Calliope] Solving Calliope model: 43d822337a2d2d1a8ac0
[Calliope] Solution saved to: SoC_proxy_TSA/data/calliope_models/43d822337a2d2d1a8ac0.nc
[SoC Proxy] Tuner: c*=0.801681 lost=0.000e+00 | margin=4.000% -> curtailment=0.769613
[SoC Proxy] curtailment forecast: 76.96%
 ------------------------------------------------------- 
 ----- K-Medoid, reps=14, SocDelta, W_proxy=0.75  -----
 -----      b460166811f622de8577      ----- 
 ------------------------------------------------------- 
[Model] Parameter json saved to SoC_proxy_TSA/data/parameters/b460166811f622de8577.json
[TSA] Extracting features dataframe for b460166811f622de8577
[SoC Proxy] Tuner: c*=0.780800 lost=0.000e+00 | margin=4.000% -> curtailment=0.749568
[SoC Proxy] curtailment forecast: 74.96%
[TSA]: Applying hierarchical clustering method, with medoidRepresentation representation.
[TSA] successfully applied. Results saved to SoC_proxy_TSA/data/cluster_maps/b460166811f622de8577.csv.
[TSA] cluster completed in 4.12
[Calliope] Validating and Configuring Calliope model: b460166811f622de8577
[Calliope] Building Calliope model: b460166811f622de8577
[Calliope] Solving Calliope model: b460166811f622de8577
[Calliope] Solution saved to: SoC_proxy_TSA/data/calliope_models/b460166811f622de8577.nc
[SoC Proxy] Tuner: c*=0.790981 lost=0.000e+00 | margin=4.000% -> curtailment=0.759342
[SoC Proxy] curtailment forecast: 75.93%
 ------------------------------------------------------- 
 ----- K-Medoid, reps=14, SocDelta, W_proxy=1  -----
 -----      1e7bac5e2f311fc3c4f8      ----- 
 ------------------------------------------------------- 
[Model] Parameter json saved to SoC_proxy_TSA/data/parameters/1e7bac5e2f311fc3c4f8.json
[TSA] Extracting features dataframe for 1e7bac5e2f311fc3c4f8
[SoC Proxy] Tuner: c*=0.780800 lost=0.000e+00 | margin=4.000% -> curtailment=0.749568
[SoC Proxy] curtailment forecast: 74.96%
[TSA]: Applying hierarchical clustering method, with medoidRepresentation representation.
weight of "solar" set to the minmal tolerable weighting
weight of "onshore_wind" set to the minmal tolerable weighting
weight of "offshore_wind" set to the minmal tolerable weighting
weight of "demand_power" set to the minmal tolerable weighting
[TSA] successfully applied. Results saved to SoC_proxy_TSA/data/cluster_maps/1e7bac5e2f311fc3c4f8.csv.
[TSA] cluster completed in 4.21
[Calliope] Validating and Configuring Calliope model: 1e7bac5e2f311fc3c4f8
[Calliope] Building Calliope model: 1e7bac5e2f311fc3c4f8
[Calliope] Solving Calliope model: 1e7bac5e2f311fc3c4f8
[Calliope] Solution saved to: SoC_proxy_TSA/data/calliope_models/1e7bac5e2f311fc3c4f8.nc
[SoC Proxy] Tuner: c*=0.773759 lost=0.000e+00 | margin=4.000% -> curtailment=0.742808
[SoC Proxy] curtailment forecast: 74.28%
 ------------------------------------------------------- 
  
[Dispatch] running scenario Sensitivity_W_reps30
   
 ------------------------------------------------------- 
 ------------------------------------------------------- 
 ----- K-Medoid, reps=30, W_proxy=0.0  -----
 -----      35565e407990a070c69d      ----- 
 ------------------------------------------------------- 
[Model] Parameter json saved to SoC_proxy_TSA/data/parameters/35565e407990a070c69d.json
[TSA] Extracting features dataframe for 35565e407990a070c69d
[TSA]: Applying hierarchical clustering method, with medoidRepresentation representation.
[TSA] successfully applied. Results saved to SoC_proxy_TSA/data/cluster_maps/35565e407990a070c69d.csv.
[TSA] cluster completed in 2.28
[Calliope] Validating and Configuring Calliope model: 35565e407990a070c69d
[Calliope] Building Calliope model: 35565e407990a070c69d
[Calliope] Solving Calliope model: 35565e407990a070c69d
[Calliope] Solution saved to: SoC_proxy_TSA/data/calliope_models/35565e407990a070c69d.nc
 ------------------------------------------------------- 
 ----- K-Medoid, reps=30, SocDelta, W_proxy=0.25  -----
 -----      7bfd5ba3b0f430b2cf25      ----- 
 ------------------------------------------------------- 
[Model] Parameter json saved to SoC_proxy_TSA/data/parameters/7bfd5ba3b0f430b2cf25.json
[TSA] Extracting features dataframe for 7bfd5ba3b0f430b2cf25
[SoC Proxy] Tuner: c*=0.780800 lost=0.000e+00 | margin=4.000% -> curtailment=0.749568
[SoC Proxy] curtailment forecast: 74.96%
[TSA]: Applying hierarchical clustering method, with medoidRepresentation representation.
[TSA] successfully applied. Results saved to SoC_proxy_TSA/data/cluster_maps/7bfd5ba3b0f430b2cf25.csv.
[TSA] cluster completed in 3.90
[Calliope] Validating and Configuring Calliope model: 7bfd5ba3b0f430b2cf25
[Calliope] Building Calliope model: 7bfd5ba3b0f430b2cf25
[Calliope] Solving Calliope model: 7bfd5ba3b0f430b2cf25
[Calliope] Solution saved to: SoC_proxy_TSA/data/calliope_models/7bfd5ba3b0f430b2cf25.nc
[SoC Proxy] Tuner: c*=0.796439 lost=0.000e+00 | margin=4.000% -> curtailment=0.764582
[SoC Proxy] curtailment forecast: 76.46%
 ------------------------------------------------------- 
 ----- K-Medoid, reps=30, SocDelta, W_proxy=0.5  -----
 -----      a48a7106aa3793f8049f      ----- 
 ------------------------------------------------------- 
[Model] Parameter json saved to SoC_proxy_TSA/data/parameters/a48a7106aa3793f8049f.json
[TSA] Extracting features dataframe for a48a7106aa3793f8049f
[SoC Proxy] Tuner: c*=0.780800 lost=0.000e+00 | margin=4.000% -> curtailment=0.749568
[SoC Proxy] curtailment forecast: 74.96%
[TSA]: Applying hierarchical clustering method, with medoidRepresentation representation.
[TSA] successfully applied. Results saved to SoC_proxy_TSA/data/cluster_maps/a48a7106aa3793f8049f.csv.
[TSA] cluster completed in 3.92
[Calliope] Validating and Configuring Calliope model: a48a7106aa3793f8049f
[Calliope] Building Calliope model: a48a7106aa3793f8049f
[Calliope] Solving Calliope model: a48a7106aa3793f8049f
[Calliope] Solution saved to: SoC_proxy_TSA/data/calliope_models/a48a7106aa3793f8049f.nc
[SoC Proxy] Tuner: c*=0.792243 lost=0.000e+00 | margin=4.000% -> curtailment=0.760554
[SoC Proxy] curtailment forecast: 76.06%
 ------------------------------------------------------- 
 ----- K-Medoid, reps=30, SocDelta, W_proxy=0.75  -----
 -----      b76a220388e107ca2b54      ----- 
 ------------------------------------------------------- 
[Model] Parameter json saved to SoC_proxy_TSA/data/parameters/b76a220388e107ca2b54.json
[TSA] Extracting features dataframe for b76a220388e107ca2b54
[SoC Proxy] Tuner: c*=0.780800 lost=0.000e+00 | margin=4.000% -> curtailment=0.749568
[SoC Proxy] curtailment forecast: 74.96%
[TSA]: Applying hierarchical clustering method, with medoidRepresentation representation.
[TSA] successfully applied. Results saved to SoC_proxy_TSA/data/cluster_maps/b76a220388e107ca2b54.csv.
[TSA] cluster completed in 4.04
[Calliope] Validating and Configuring Calliope model: b76a220388e107ca2b54
[Calliope] Building Calliope model: b76a220388e107ca2b54
[Calliope] Solving Calliope model: b76a220388e107ca2b54
[Calliope] Solution saved to: SoC_proxy_TSA/data/calliope_models/b76a220388e107ca2b54.nc
[SoC Proxy] Tuner: c*=0.786463 lost=0.000e+00 | margin=4.000% -> curtailment=0.755005
[SoC Proxy] curtailment forecast: 75.50%
 ------------------------------------------------------- 
 ----- K-Medoid, reps=30, SocDelta, W_proxy=1  -----
 -----      d8fb9d629b5ef097f544      ----- 
 ------------------------------------------------------- 
[Model] Parameter json saved to SoC_proxy_TSA/data/parameters/d8fb9d629b5ef097f544.json
[TSA] Extracting features dataframe for d8fb9d629b5ef097f544
[SoC Proxy] Tuner: c*=0.780800 lost=0.000e+00 | margin=4.000% -> curtailment=0.749568
[SoC Proxy] curtailment forecast: 74.96%
[TSA]: Applying hierarchical clustering method, with medoidRepresentation representation.
weight of "solar" set to the minmal tolerable weighting
weight of "onshore_wind" set to the minmal tolerable weighting
weight of "offshore_wind" set to the minmal tolerable weighting
weight of "demand_power" set to the minmal tolerable weighting
[TSA] successfully applied. Results saved to SoC_proxy_TSA/data/cluster_maps/d8fb9d629b5ef097f544.csv.
[TSA] cluster completed in 4.89
[Calliope] Validating and Configuring Calliope model: d8fb9d629b5ef097f544
[Calliope] Building Calliope model: d8fb9d629b5ef097f544
[Calliope] Solving Calliope model: d8fb9d629b5ef097f544
[Calliope] Solution saved to: SoC_proxy_TSA/data/calliope_models/d8fb9d629b5ef097f544.nc
[SoC Proxy] Tuner: c*=0.768214 lost=0.000e+00 | margin=4.000% -> curtailment=0.737485
[SoC Proxy] curtailment forecast: 73.75%
 ------------------------------------------------------- 
  
[Dispatch] running scenario Sensitivity_W_reps14
   
 ------------------------------------------------------- 
 ------------------------------------------------------- 
 ----- K-Medoid, reps=14, W_proxy=0.0  -----
 -----      0ea737b5b23d0e26cabe      ----- 
 ------------------------------------------------------- 
[Model] Parameter json saved to SoC_proxy_TSA/data/parameters/0ea737b5b23d0e26cabe.json
[TSA] Extracting features dataframe for 0ea737b5b23d0e26cabe
[TSA]: Applying hierarchical clustering method, with medoidRepresentation representation.
[TSA] successfully applied. Results saved to SoC_proxy_TSA/data/cluster_maps/0ea737b5b23d0e26cabe.csv.
[TSA] cluster completed in 2.38
[Calliope] Validating and Configuring Calliope model: 0ea737b5b23d0e26cabe
[Calliope] Building Calliope model: 0ea737b5b23d0e26cabe
[Calliope] Solving Calliope model: 0ea737b5b23d0e26cabe
[Calliope] Solution saved to: SoC_proxy_TSA/data/calliope_models/0ea737b5b23d0e26cabe.nc
 ------------------------------------------------------- 
 ----- K-Medoid, reps=14, SocDelta, W_proxy=0.25  -----
 -----      f9583c6941a0df88a72d      ----- 
 ------------------------------------------------------- 
[Model] Parameter json saved to SoC_proxy_TSA/data/parameters/f9583c6941a0df88a72d.json
[TSA] Extracting features dataframe for f9583c6941a0df88a72d
[SoC Proxy] Tuner: c*=0.777300 lost=0.000e+00 | margin=4.000% -> curtailment=0.746208
[SoC Proxy] curtailment forecast: 74.62%
[TSA]: Applying hierarchical clustering method, with medoidRepresentation representation.
[TSA] successfully applied. Results saved to SoC_proxy_TSA/data/cluster_maps/f9583c6941a0df88a72d.csv.
[TSA] cluster completed in 3.85
[Calliope] Validating and Configuring Calliope model: f9583c6941a0df88a72d
[Calliope] Building Calliope model: f9583c6941a0df88a72d
[Calliope] Solving Calliope model: f9583c6941a0df88a72d
[Calliope] Solution saved to: SoC_proxy_TSA/data/calliope_models/f9583c6941a0df88a72d.nc
[SoC Proxy] Tuner: c*=0.797075 lost=0.000e+00 | margin=4.000% -> curtailment=0.765192
[SoC Proxy] curtailment forecast: 76.52%
 ------------------------------------------------------- 
 ----- K-Medoid, reps=14, SocDelta, W_proxy=0.5  -----
 -----      9ddbfe44a8cfe2e21a79      ----- 
 ------------------------------------------------------- 
[Model] Parameter json saved to SoC_proxy_TSA/data/parameters/9ddbfe44a8cfe2e21a79.json
[TSA] Extracting features dataframe for 9ddbfe44a8cfe2e21a79
[SoC Proxy] Tuner: c*=0.777300 lost=0.000e+00 | margin=4.000% -> curtailment=0.746208
[SoC Proxy] curtailment forecast: 74.62%
[TSA]: Applying hierarchical clustering method, with medoidRepresentation representation.
[TSA] successfully applied. Results saved to SoC_proxy_TSA/data/cluster_maps/9ddbfe44a8cfe2e21a79.csv.
[TSA] cluster completed in 3.99
[Calliope] Validating and Configuring Calliope model: 9ddbfe44a8cfe2e21a79
[Calliope] Building Calliope model: 9ddbfe44a8cfe2e21a79
[Calliope] Solving Calliope model: 9ddbfe44a8cfe2e21a79
[Calliope] Solution saved to: SoC_proxy_TSA/data/calliope_models/9ddbfe44a8cfe2e21a79.nc
[SoC Proxy] Tuner: c*=0.805773 lost=0.000e+00 | margin=4.000% -> curtailment=0.773542
[SoC Proxy] curtailment forecast: 77.35%
 ------------------------------------------------------- 
 ----- K-Medoid, reps=14, SocDelta, W_proxy=0.75  -----
 -----      dc75c79c09d166d8220e      ----- 
 ------------------------------------------------------- 
[Model] Parameter json saved to SoC_proxy_TSA/data/parameters/dc75c79c09d166d8220e.json
[TSA] Extracting features dataframe for dc75c79c09d166d8220e
[SoC Proxy] Tuner: c*=0.777300 lost=0.000e+00 | margin=4.000% -> curtailment=0.746208
[SoC Proxy] curtailment forecast: 74.62%
[TSA]: Applying hierarchical clustering method, with medoidRepresentation representation.
[TSA] successfully applied. Results saved to SoC_proxy_TSA/data/cluster_maps/dc75c79c09d166d8220e.csv.
[TSA] cluster completed in 3.84
[Calliope] Validating and Configuring Calliope model: dc75c79c09d166d8220e
[Calliope] Building Calliope model: dc75c79c09d166d8220e
[Calliope] Solving Calliope model: dc75c79c09d166d8220e
[Calliope] Solution saved to: SoC_proxy_TSA/data/calliope_models/dc75c79c09d166d8220e.nc
[SoC Proxy] Tuner: c*=0.791556 lost=0.000e+00 | margin=4.000% -> curtailment=0.759894
[SoC Proxy] curtailment forecast: 75.99%
 ------------------------------------------------------- 
 ----- K-Medoid, reps=14, SocDelta, W_proxy=1  -----
 -----      cb36a26f2436cf3a3fc6      ----- 
 ------------------------------------------------------- 
[Model] Parameter json saved to SoC_proxy_TSA/data/parameters/cb36a26f2436cf3a3fc6.json
[TSA] Extracting features dataframe for cb36a26f2436cf3a3fc6
[SoC Proxy] Tuner: c*=0.777300 lost=0.000e+00 | margin=4.000% -> curtailment=0.746208
[SoC Proxy] curtailment forecast: 74.62%
[TSA]: Applying hierarchical clustering method, with medoidRepresentation representation.
weight of "solar" set to the minmal tolerable weighting
weight of "onshore_wind" set to the minmal tolerable weighting
weight of "offshore_wind" set to the minmal tolerable weighting
weight of "demand_power" set to the minmal tolerable weighting
[TSA] successfully applied. Results saved to SoC_proxy_TSA/data/cluster_maps/cb36a26f2436cf3a3fc6.csv.
[TSA] cluster completed in 4.05
[Calliope] Validating and Configuring Calliope model: cb36a26f2436cf3a3fc6
[Calliope] Building Calliope model: cb36a26f2436cf3a3fc6
[Calliope] Solving Calliope model: cb36a26f2436cf3a3fc6
[Calliope] Solution saved to: SoC_proxy_TSA/data/calliope_models/cb36a26f2436cf3a3fc6.nc
[SoC Proxy] Tuner: c*=0.749986 lost=0.000e+00 | margin=4.000% -> curtailment=0.719986
[SoC Proxy] curtailment forecast: 72.00%
 ------------------------------------------------------- 
  
[Dispatch] running scenario Sensitivity_W_reps30
   
 ------------------------------------------------------- 
 ------------------------------------------------------- 
 ----- K-Medoid, reps=30, W_proxy=0.0  -----
 -----      8ccc9d6232e03f17d17d      ----- 
 ------------------------------------------------------- 
[Model] Parameter json saved to SoC_proxy_TSA/data/parameters/8ccc9d6232e03f17d17d.json
[TSA] Extracting features dataframe for 8ccc9d6232e03f17d17d
[TSA]: Applying hierarchical clustering method, with medoidRepresentation representation.
[TSA] successfully applied. Results saved to SoC_proxy_TSA/data/cluster_maps/8ccc9d6232e03f17d17d.csv.
[TSA] cluster completed in 2.64
[Calliope] Validating and Configuring Calliope model: 8ccc9d6232e03f17d17d
[Calliope] Building Calliope model: 8ccc9d6232e03f17d17d
[Calliope] Solving Calliope model: 8ccc9d6232e03f17d17d
[Calliope] Solution saved to: SoC_proxy_TSA/data/calliope_models/8ccc9d6232e03f17d17d.nc
 ------------------------------------------------------- 
 ----- K-Medoid, reps=30, SocDelta, W_proxy=0.25  -----
 -----      cd47ebd4e1fd29036a11      ----- 
 ------------------------------------------------------- 
[Model] Parameter json saved to SoC_proxy_TSA/data/parameters/cd47ebd4e1fd29036a11.json
[TSA] Extracting features dataframe for cd47ebd4e1fd29036a11
[SoC Proxy] Tuner: c*=0.777300 lost=0.000e+00 | margin=4.000% -> curtailment=0.746208
[SoC Proxy] curtailment forecast: 74.62%
[TSA]: Applying hierarchical clustering method, with medoidRepresentation representation.
[TSA] successfully applied. Results saved to SoC_proxy_TSA/data/cluster_maps/cd47ebd4e1fd29036a11.csv.
[TSA] cluster completed in 4.03
[Calliope] Validating and Configuring Calliope model: cd47ebd4e1fd29036a11
[Calliope] Building Calliope model: cd47ebd4e1fd29036a11
[Calliope] Solving Calliope model: cd47ebd4e1fd29036a11
[Calliope] Solution saved to: SoC_proxy_TSA/data/calliope_models/cd47ebd4e1fd29036a11.nc
[SoC Proxy] Tuner: c*=0.795379 lost=0.000e+00 | margin=4.000% -> curtailment=0.763563
[SoC Proxy] curtailment forecast: 76.36%
 ------------------------------------------------------- 
 ----- K-Medoid, reps=30, SocDelta, W_proxy=0.5  -----
 -----      02dcae8e90085cc686ee      ----- 
 ------------------------------------------------------- 
[Model] Parameter json saved to SoC_proxy_TSA/data/parameters/02dcae8e90085cc686ee.json
[TSA] Extracting features dataframe for 02dcae8e90085cc686ee
[SoC Proxy] Tuner: c*=0.777300 lost=0.000e+00 | margin=4.000% -> curtailment=0.746208
[SoC Proxy] curtailment forecast: 74.62%
[TSA]: Applying hierarchical clustering method, with medoidRepresentation representation.
[TSA] successfully applied. Results saved to SoC_proxy_TSA/data/cluster_maps/02dcae8e90085cc686ee.csv.
[TSA] cluster completed in 4.26
[Calliope] Validating and Configuring Calliope model: 02dcae8e90085cc686ee
[Calliope] Building Calliope model: 02dcae8e90085cc686ee
[Calliope] Solving Calliope model: 02dcae8e90085cc686ee
[Calliope] Solution saved to: SoC_proxy_TSA/data/calliope_models/02dcae8e90085cc686ee.nc
[SoC Proxy] Tuner: c*=0.796317 lost=0.000e+00 | margin=4.000% -> curtailment=0.764465
[SoC Proxy] curtailment forecast: 76.45%
 ------------------------------------------------------- 
 ----- K-Medoid, reps=30, SocDelta, W_proxy=0.75  -----
 -----      39cb1ca4868c4b8df605      ----- 
 ------------------------------------------------------- 
[Model] Parameter json saved to SoC_proxy_TSA/data/parameters/39cb1ca4868c4b8df605.json
[TSA] Extracting features dataframe for 39cb1ca4868c4b8df605
[SoC Proxy] Tuner: c*=0.777300 lost=0.000e+00 | margin=4.000% -> curtailment=0.746208
[SoC Proxy] curtailment forecast: 74.62%
[TSA]: Applying hierarchical clustering method, with medoidRepresentation representation.
[TSA] successfully applied. Results saved to SoC_proxy_TSA/data/cluster_maps/39cb1ca4868c4b8df605.csv.
[TSA] cluster completed in 3.95
[Calliope] Validating and Configuring Calliope model: 39cb1ca4868c4b8df605
[Calliope] Building Calliope model: 39cb1ca4868c4b8df605
[Calliope] Solving Calliope model: 39cb1ca4868c4b8df605
[Calliope] Solution saved to: SoC_proxy_TSA/data/calliope_models/39cb1ca4868c4b8df605.nc
[SoC Proxy] Tuner: c*=0.781895 lost=0.000e+00 | margin=4.000% -> curtailment=0.750619
[SoC Proxy] curtailment forecast: 75.06%
 ------------------------------------------------------- 
 ----- K-Medoid, reps=30, SocDelta, W_proxy=1  -----
 -----      50e18acd6b5e72d20723      ----- 
 ------------------------------------------------------- 
[Model] Parameter json saved to SoC_proxy_TSA/data/parameters/50e18acd6b5e72d20723.json
[TSA] Extracting features dataframe for 50e18acd6b5e72d20723
[SoC Proxy] Tuner: c*=0.777300 lost=0.000e+00 | margin=4.000% -> curtailment=0.746208
[SoC Proxy] curtailment forecast: 74.62%
[TSA]: Applying hierarchical clustering method, with medoidRepresentation representation.
weight of "solar" set to the minmal tolerable weighting
weight of "onshore_wind" set to the minmal tolerable weighting
weight of "offshore_wind" set to the minmal tolerable weighting
weight of "demand_power" set to the minmal tolerable weighting
[TSA] successfully applied. Results saved to SoC_proxy_TSA/data/cluster_maps/50e18acd6b5e72d20723.csv.
[TSA] cluster completed in 4.25
[Calliope] Validating and Configuring Calliope model: 50e18acd6b5e72d20723
[Calliope] Building Calliope model: 50e18acd6b5e72d20723
[Calliope] Solving Calliope model: 50e18acd6b5e72d20723
[Calliope] Solution saved to: SoC_proxy_TSA/data/calliope_models/50e18acd6b5e72d20723.nc
[SoC Proxy] Tuner: c*=0.782590 lost=0.000e+00 | margin=4.000% -> curtailment=0.751287
[SoC Proxy] curtailment forecast: 75.13%
 ------------------------------------------------------- 
  
[Dispatch] running scenario Sensitivity_W_reps14
   
 ------------------------------------------------------- 
 ------------------------------------------------------- 
 ----- K-Medoid, reps=14, W_proxy=0.0  -----
 -----      56a7b65b2d88da0c379c      ----- 
 ------------------------------------------------------- 
[Model] Parameter json saved to SoC_proxy_TSA/data/parameters/56a7b65b2d88da0c379c.json
[TSA] Extracting features dataframe for 56a7b65b2d88da0c379c
[TSA]: Applying hierarchical clustering method, with medoidRepresentation representation.
[TSA] successfully applied. Results saved to SoC_proxy_TSA/data/cluster_maps/56a7b65b2d88da0c379c.csv.
[TSA] cluster completed in 2.36
[Calliope] Validating and Configuring Calliope model: 56a7b65b2d88da0c379c
[Calliope] Building Calliope model: 56a7b65b2d88da0c379c
[Calliope] Solving Calliope model: 56a7b65b2d88da0c379c
[Calliope] Solution saved to: SoC_proxy_TSA/data/calliope_models/56a7b65b2d88da0c379c.nc
 ------------------------------------------------------- 
 ----- K-Medoid, reps=14, SocDelta, W_proxy=0.25  -----
 -----      2edec760c3857d367faf      ----- 
 ------------------------------------------------------- 
[Model] Parameter json saved to SoC_proxy_TSA/data/parameters/2edec760c3857d367faf.json
[TSA] Extracting features dataframe for 2edec760c3857d367faf
[SoC Proxy] Tuner: c*=0.773118 lost=0.000e+00 | margin=4.000% -> curtailment=0.742193
[SoC Proxy] curtailment forecast: 74.22%
[TSA]: Applying hierarchical clustering method, with medoidRepresentation representation.
[TSA] successfully applied. Results saved to SoC_proxy_TSA/data/cluster_maps/2edec760c3857d367faf.csv.
[TSA] cluster completed in 4.00
[Calliope] Validating and Configuring Calliope model: 2edec760c3857d367faf
[Calliope] Building Calliope model: 2edec760c3857d367faf
[Calliope] Solving Calliope model: 2edec760c3857d367faf
[Calliope] Solution saved to: SoC_proxy_TSA/data/calliope_models/2edec760c3857d367faf.nc
[SoC Proxy] Tuner: c*=0.805682 lost=0.000e+00 | margin=4.000% -> curtailment=0.773454
[SoC Proxy] curtailment forecast: 77.35%
 ------------------------------------------------------- 
 ----- K-Medoid, reps=14, SocDelta, W_proxy=0.5  -----
 -----      b58a31ea056a5f7260db      ----- 
 ------------------------------------------------------- 
[Model] Parameter json saved to SoC_proxy_TSA/data/parameters/b58a31ea056a5f7260db.json
[TSA] Extracting features dataframe for b58a31ea056a5f7260db
[SoC Proxy] Tuner: c*=0.773118 lost=0.000e+00 | margin=4.000% -> curtailment=0.742193
[SoC Proxy] curtailment forecast: 74.22%
[TSA]: Applying hierarchical clustering method, with medoidRepresentation representation.
[TSA] successfully applied. Results saved to SoC_proxy_TSA/data/cluster_maps/b58a31ea056a5f7260db.csv.
[TSA] cluster completed in 4.17
[Calliope] Validating and Configuring Calliope model: b58a31ea056a5f7260db
[Calliope] Building Calliope model: b58a31ea056a5f7260db
[Calliope] Solving Calliope model: b58a31ea056a5f7260db
[Calliope] Solution saved to: SoC_proxy_TSA/data/calliope_models/b58a31ea056a5f7260db.nc
[SoC Proxy] Tuner: c*=0.794411 lost=0.000e+00 | margin=4.000% -> curtailment=0.762635
[SoC Proxy] curtailment forecast: 76.26%
 ------------------------------------------------------- 
 ----- K-Medoid, reps=14, SocDelta, W_proxy=0.75  -----
 -----      e2fd9a9e4e013b36ee9e      ----- 
 ------------------------------------------------------- 
[Model] Parameter json saved to SoC_proxy_TSA/data/parameters/e2fd9a9e4e013b36ee9e.json
[TSA] Extracting features dataframe for e2fd9a9e4e013b36ee9e
[SoC Proxy] Tuner: c*=0.773118 lost=0.000e+00 | margin=4.000% -> curtailment=0.742193
[SoC Proxy] curtailment forecast: 74.22%
[TSA]: Applying hierarchical clustering method, with medoidRepresentation representation.
[TSA] successfully applied. Results saved to SoC_proxy_TSA/data/cluster_maps/e2fd9a9e4e013b36ee9e.csv.
[TSA] cluster completed in 4.10
[Calliope] Validating and Configuring Calliope model: e2fd9a9e4e013b36ee9e
[Calliope] Building Calliope model: e2fd9a9e4e013b36ee9e
[Calliope] Solving Calliope model: e2fd9a9e4e013b36ee9e
[Calliope] Solution saved to: SoC_proxy_TSA/data/calliope_models/e2fd9a9e4e013b36ee9e.nc
[SoC Proxy] Tuner: c*=0.790729 lost=0.000e+00 | margin=4.000% -> curtailment=0.759099
[SoC Proxy] curtailment forecast: 75.91%
 ------------------------------------------------------- 
 ----- K-Medoid, reps=14, SocDelta, W_proxy=1  -----
 -----      af7bc1b7c4c0aa4da38c      ----- 
 ------------------------------------------------------- 
[Model] Parameter json saved to SoC_proxy_TSA/data/parameters/af7bc1b7c4c0aa4da38c.json
[TSA] Extracting features dataframe for af7bc1b7c4c0aa4da38c
[SoC Proxy] Tuner: c*=0.773118 lost=0.000e+00 | margin=4.000% -> curtailment=0.742193
[SoC Proxy] curtailment forecast: 74.22%
[TSA]: Applying hierarchical clustering method, with medoidRepresentation representation.
weight of "solar" set to the minmal tolerable weighting
weight of "onshore_wind" set to the minmal tolerable weighting
weight of "offshore_wind" set to the minmal tolerable weighting
weight of "demand_power" set to the minmal tolerable weighting
[TSA] successfully applied. Results saved to SoC_proxy_TSA/data/cluster_maps/af7bc1b7c4c0aa4da38c.csv.
[TSA] cluster completed in 3.93
[Calliope] Validating and Configuring Calliope model: af7bc1b7c4c0aa4da38c
[Calliope] Building Calliope model: af7bc1b7c4c0aa4da38c
[Calliope] Solving Calliope model: af7bc1b7c4c0aa4da38c
[Calliope] Solution saved to: SoC_proxy_TSA/data/calliope_models/af7bc1b7c4c0aa4da38c.nc
[SoC Proxy] Tuner: c*=0.763533 lost=0.000e+00 | margin=4.000% -> curtailment=0.732992
[SoC Proxy] curtailment forecast: 73.30%
 ------------------------------------------------------- 
  
[Dispatch] running scenario Sensitivity_W_reps30
   
 ------------------------------------------------------- 
 ------------------------------------------------------- 
 ----- K-Medoid, reps=30, W_proxy=0.0  -----
 -----      51decd75147dbd1d966c      ----- 
 ------------------------------------------------------- 
[Model] Parameter json saved to SoC_proxy_TSA/data/parameters/51decd75147dbd1d966c.json
[TSA] Extracting features dataframe for 51decd75147dbd1d966c
[TSA]: Applying hierarchical clustering method, with medoidRepresentation representation.
[TSA] successfully applied. Results saved to SoC_proxy_TSA/data/cluster_maps/51decd75147dbd1d966c.csv.
[TSA] cluster completed in 2.45
[Calliope] Validating and Configuring Calliope model: 51decd75147dbd1d966c
[Calliope] Building Calliope model: 51decd75147dbd1d966c
[Calliope] Solving Calliope model: 51decd75147dbd1d966c
[Calliope] Solution saved to: SoC_proxy_TSA/data/calliope_models/51decd75147dbd1d966c.nc
 ------------------------------------------------------- 
 ----- K-Medoid, reps=30, SocDelta, W_proxy=0.25  -----
 -----      90b103f62f8639e5fb2b      ----- 
 ------------------------------------------------------- 
[Model] Parameter json saved to SoC_proxy_TSA/data/parameters/90b103f62f8639e5fb2b.json
[TSA] Extracting features dataframe for 90b103f62f8639e5fb2b
[SoC Proxy] Tuner: c*=0.773118 lost=0.000e+00 | margin=4.000% -> curtailment=0.742193
[SoC Proxy] curtailment forecast: 74.22%
[TSA]: Applying hierarchical clustering method, with medoidRepresentation representation.
[TSA] successfully applied. Results saved to SoC_proxy_TSA/data/cluster_maps/90b103f62f8639e5fb2b.csv.
[TSA] cluster completed in 3.74
[Calliope] Validating and Configuring Calliope model: 90b103f62f8639e5fb2b
[Calliope] Building Calliope model: 90b103f62f8639e5fb2b
[Calliope] Solving Calliope model: 90b103f62f8639e5fb2b
[Calliope] Solution saved to: SoC_proxy_TSA/data/calliope_models/90b103f62f8639e5fb2b.nc
[SoC Proxy] Tuner: c*=0.785177 lost=0.000e+00 | margin=4.000% -> curtailment=0.753770
[SoC Proxy] curtailment forecast: 75.38%
 ------------------------------------------------------- 
 ----- K-Medoid, reps=30, SocDelta, W_proxy=0.5  -----
 -----      8e55796c79b95dd6018f      ----- 
 ------------------------------------------------------- 
[Model] Parameter json saved to SoC_proxy_TSA/data/parameters/8e55796c79b95dd6018f.json
[TSA] Extracting features dataframe for 8e55796c79b95dd6018f
[SoC Proxy] Tuner: c*=0.773118 lost=0.000e+00 | margin=4.000% -> curtailment=0.742193
[SoC Proxy] curtailment forecast: 74.22%
[TSA]: Applying hierarchical clustering method, with medoidRepresentation representation.
[TSA] successfully applied. Results saved to SoC_proxy_TSA/data/cluster_maps/8e55796c79b95dd6018f.csv.
[TSA] cluster completed in 4.37
[Calliope] Validating and Configuring Calliope model: 8e55796c79b95dd6018f
[Calliope] Building Calliope model: 8e55796c79b95dd6018f
[Calliope] Solving Calliope model: 8e55796c79b95dd6018f
[Calliope] Solution saved to: SoC_proxy_TSA/data/calliope_models/8e55796c79b95dd6018f.nc
[SoC Proxy] Tuner: c*=0.782098 lost=0.000e+00 | margin=4.000% -> curtailment=0.750814
[SoC Proxy] curtailment forecast: 75.08%
 ------------------------------------------------------- 
 ----- K-Medoid, reps=30, SocDelta, W_proxy=0.75  -----
 -----      c20441d71d3c5fc26979      ----- 
 ------------------------------------------------------- 
[Model] Parameter json saved to SoC_proxy_TSA/data/parameters/c20441d71d3c5fc26979.json
[TSA] Extracting features dataframe for c20441d71d3c5fc26979
[SoC Proxy] Tuner: c*=0.773118 lost=0.000e+00 | margin=4.000% -> curtailment=0.742193
[SoC Proxy] curtailment forecast: 74.22%
[TSA]: Applying hierarchical clustering method, with medoidRepresentation representation.
[TSA] successfully applied. Results saved to SoC_proxy_TSA/data/cluster_maps/c20441d71d3c5fc26979.csv.
[TSA] cluster completed in 4.05
[Calliope] Validating and Configuring Calliope model: c20441d71d3c5fc26979
[Calliope] Building Calliope model: c20441d71d3c5fc26979
[Calliope] Solving Calliope model: c20441d71d3c5fc26979
[Calliope] Solution saved to: SoC_proxy_TSA/data/calliope_models/c20441d71d3c5fc26979.nc
[SoC Proxy] Tuner: c*=0.789123 lost=0.000e+00 | margin=4.000% -> curtailment=0.757558
[SoC Proxy] curtailment forecast: 75.76%
 ------------------------------------------------------- 
 ----- K-Medoid, reps=30, SocDelta, W_proxy=1  -----
 -----      6c4aa538c65e94ccdcd8      ----- 
 ------------------------------------------------------- 
[Model] Parameter json saved to SoC_proxy_TSA/data/parameters/6c4aa538c65e94ccdcd8.json
[TSA] Extracting features dataframe for 6c4aa538c65e94ccdcd8
[SoC Proxy] Tuner: c*=0.773118 lost=0.000e+00 | margin=4.000% -> curtailment=0.742193
[SoC Proxy] curtailment forecast: 74.22%
[TSA]: Applying hierarchical clustering method, with medoidRepresentation representation.
weight of "solar" set to the minmal tolerable weighting
weight of "onshore_wind" set to the minmal tolerable weighting
weight of "offshore_wind" set to the minmal tolerable weighting
weight of "demand_power" set to the minmal tolerable weighting
[TSA] successfully applied. Results saved to SoC_proxy_TSA/data/cluster_maps/6c4aa538c65e94ccdcd8.csv.
[TSA] cluster completed in 4.43
[Calliope] Validating and Configuring Calliope model: 6c4aa538c65e94ccdcd8
[Calliope] Building Calliope model: 6c4aa538c65e94ccdcd8
[Calliope] Solving Calliope model: 6c4aa538c65e94ccdcd8
[Calliope] Solution saved to: SoC_proxy_TSA/data/calliope_models/6c4aa538c65e94ccdcd8.nc
[SoC Proxy] Tuner: c*=0.773652 lost=0.000e+00 | margin=4.000% -> curtailment=0.742706
[SoC Proxy] curtailment forecast: 74.27%
